,N,pearsons_r,kendall,spearman,mse,explained_variance_score,r2,rmse,shift_corr_metric,shift,uses,delay_days
sewage,234.0,0.831643,0.445034,0.619397,0.037934,0.655549,0.655371,0.194765,pearsons_r,-2,sewage,-2
icu,234.0,0.766739,0.417643,0.559675,0.052397,0.51143,0.503576,0.228903,pearsons_r,-10,icu,-10
hospital,234.0,0.887082,0.566222,0.741651,0.031811,0.399787,0.369214,0.178355,pearsons_r,-9,hospital,-9
case-counts,234.0,0.592663,0.833324,0.947087,0.723814,0.287257,0.272924,0.850773,spearman,-1,case-counts,-1
municipal-case-counts,234.0,0.705623,0.849981,0.957983,0.33001,0.432128,0.420451,0.574465,spearman,-4,municipal-case-counts,-4
ggd-positive-tests,234.0,0.491357,0.824811,0.941325,1.747049,0.175442,0.163899,1.32176,spearman,-2,ggd-positive-tests,-2
nursing-homes,234.0,0.776651,0.487158,0.648874,0.05582,0.574461,0.565017,0.236263,pearsons_r,-8,nursing-homes,-8
combined,24,0.924621,0.862456,0.9619,0.001616,0.854683,0.809398,0.040203,,0,"case-counts, ggd-positive-tests, municipal-case-counts, nursing-homes",
