,N,pearsons_r,kendall,spearman,mse,explained_variance_score,r2,rmse,shift_corr_metric,shift,uses,delay_days
sewage,339.0,0.849845,0.526301,0.706247,0.028421,0.683287,0.675177,0.168586,pearsons_r,-2,sewage,-2
icu,339.0,0.766959,0.431217,0.591547,0.041744,0.48536,0.485313,0.204314,pearsons_r,-10,icu,-10
hospital,339.0,0.897388,0.615999,0.802216,0.024622,0.392616,0.391611,0.156913,pearsons_r,-9,hospital,-9
case-counts,339.0,0.612937,0.843421,0.954066,0.49487,0.315228,0.305194,0.70347,spearman,-1,case-counts,-1
municipal-case-counts,339.0,0.79205,0.843808,0.952776,0.203008,0.52779,0.51957,0.450564,spearman,-3,municipal-case-counts,-3
ggd-positive-tests,339.0,0.503256,0.829526,0.945649,1.211717,0.19127,0.183581,1.10078,spearman,-2,ggd-positive-tests,-2
nursing-homes,337.0,0.851921,0.57848,0.774057,0.031356,0.713039,0.697432,0.177075,pearsons_r,-7,nursing-homes,-7
combined,129,0.970361,0.890921,0.979594,0.003612,0.932359,0.930144,0.060103,,0,"case-counts, ggd-positive-tests, municipal-case-counts, nursing-homes",
