,N,pearsons_r,kendall,spearman,mse,explained_variance_score,r2,rmse,shift_corr_metric,shift,uses,delay_days
sewage,381.0,0.846207,0.543471,0.72865,0.027245,0.679193,0.668969,0.165061,pearsons_r,-2,sewage,-2
icu,381.0,0.717723,0.409287,0.573103,0.048182,0.409384,0.409299,0.219505,pearsons_r,-10,icu,-10
hospital,381.0,0.881204,0.59794,0.783855,0.024293,0.370352,0.368579,0.155863,pearsons_r,-8,hospital,-8
case-counts,381.0,0.613384,0.843969,0.95628,0.440714,0.318476,0.308696,0.663863,spearman,-1,case-counts,-1
municipal-case-counts,381.0,0.791794,0.84369,0.955023,0.18112,0.531683,0.523415,0.425582,spearman,-3,municipal-case-counts,-3
ggd-positive-tests,381.0,0.502999,0.82362,0.946035,1.07911,0.193345,0.185713,1.038802,spearman,-2,ggd-positive-tests,-2
nursing-homes,379.0,0.845099,0.582708,0.782299,0.03078,0.701223,0.682359,0.175443,pearsons_r,-7,nursing-homes,-7
combined,171,0.971351,0.878488,0.977604,0.003966,0.932594,0.926636,0.062979,,0,"case-counts, ggd-positive-tests, municipal-case-counts, nursing-homes",
