,N,pearsons_r,kendall,spearman,mse,explained_variance_score,r2,rmse,shift_corr_metric,shift,uses,delay_days
sewage,269.0,0.841199,0.489067,0.665297,0.032555,0.674343,0.67264,0.180429,pearsons_r,-2,sewage,-2
icu,268.0,0.76783,0.421912,0.567472,0.046503,0.506823,0.503816,0.215646,pearsons_r,-10,icu,-10
hospital,269.0,0.889042,0.573728,0.743651,0.027905,0.400728,0.386707,0.167049,pearsons_r,-8,hospital,-8
case-counts,269.0,0.687311,0.839536,0.948145,0.565666,0.356923,0.344445,0.752108,spearman,0,case-counts,0
municipal-case-counts,269.0,0.784646,0.830794,0.943006,0.255186,0.506565,0.49446,0.505159,spearman,-3,municipal-case-counts,-3
ggd-positive-tests,269.0,0.491356,0.800104,0.931364,1.526551,0.177488,0.166736,1.235537,spearman,-2,ggd-positive-tests,-2
nursing-homes,268.0,0.835374,0.533694,0.731922,0.037291,0.676606,0.656191,0.193109,pearsons_r,-7,nursing-homes,-7
combined,59,0.970103,0.88394,0.972098,0.00349,0.93534,0.911353,0.05908,,0,"case-counts, ggd-positive-tests, municipal-case-counts, nursing-homes",
