,N,pearsons_r,kendall,spearman,mse,explained_variance_score,r2,rmse,shift_corr_metric,shift,uses
sewage,175.0,0.851239,0.470053,0.666353,0.104689,0.68859,0.680121,0.323557,pearsons_r,-1,sewage
icu,174.0,0.821365,0.533014,0.724613,0.049025,0.616705,0.615699,0.221415,pearsons_r,-10,icu
hospital,175.0,0.926236,0.645113,0.829395,0.030179,0.531246,0.52719,0.173721,pearsons_r,-9,hospital
case-counts,175.0,0.687138,0.831438,0.935471,0.886646,0.344361,0.327118,0.941619,spearman,0,case-counts
municipal-case-counts,175.0,0.704734,0.82839,0.946915,0.440913,0.425342,0.41009,0.664013,spearman,-4,municipal-case-counts
nursing-homes,174.0,0.79046,0.469203,0.630823,0.066423,0.583132,0.543312,0.257726,pearsons_r,-7,nursing-homes
combined,175,0.955812,0.761202,0.919436,0.012649,0.902657,0.900684,0.112469,,0,"case-counts, hospital, icu, municipal-case-counts, nursing-homes, sewage"
