,N,pearsons_r,kendall,spearman,mse,explained_variance_score,r2,rmse,shift_corr_metric,shift,uses,delay_days
sewage,206.0,0.861846,0.474571,0.66345,0.034498,0.716657,0.714068,0.185736,pearsons_r,-2,sewage,-2
icu,206.0,0.821923,0.537981,0.71963,0.043013,0.621206,0.62114,0.207396,pearsons_r,-10,icu,-10
hospital,206.0,0.919001,0.642134,0.822247,0.027975,0.509747,0.503523,0.167256,pearsons_r,-9,hospital,-9
case-counts,206.0,0.686955,0.835999,0.936463,0.751682,0.347852,0.333542,0.866996,spearman,0,case-counts,0
municipal-case-counts,206.0,0.704848,0.836285,0.948792,0.376507,0.428244,0.415347,0.613602,spearman,-4,municipal-case-counts,-4
ggd-positive-tests,206.0,0.492859,0.80788,0.927153,1.987309,0.174261,0.16199,1.409719,spearman,-2,ggd-positive-tests,-2
nursing-homes,205.0,0.786909,0.497995,0.655855,0.060017,0.594807,0.579476,0.244983,pearsons_r,-7,nursing-homes,-7
combined,206,0.954304,0.840302,0.962047,0.01135,0.901257,0.900711,0.106536,,0,"case-counts, ggd-positive-tests, hospital, icu, municipal-case-counts, nursing-homes, sewage",
