,N,pearsons_r,kendall,spearman,mse,explained_variance_score,r2,rmse,shift_corr_metric,shift,uses,delay_days
sewage,360.0,0.848727,0.528035,0.706031,0.02739,0.682337,0.672121,0.165498,pearsons_r,-2,sewage,-2
icu,360.0,0.728025,0.422831,0.583985,0.048682,0.444661,0.443154,0.220639,pearsons_r,-10,icu,-10
hospital,360.0,0.883116,0.589501,0.772111,0.024514,0.384951,0.384423,0.156571,pearsons_r,-8,hospital,-8
case-counts,360.0,0.613349,0.840967,0.953014,0.466061,0.315969,0.306587,0.682686,spearman,-1,case-counts,-1
municipal-case-counts,360.0,0.792203,0.841217,0.95234,0.191207,0.528554,0.520843,0.437273,spearman,-3,municipal-case-counts,-3
ggd-positive-tests,360.0,0.503969,0.824187,0.943617,1.141251,0.191977,0.184705,1.068294,spearman,-2,ggd-positive-tests,-2
nursing-homes,360.0,0.840453,0.564869,0.755036,0.032153,0.692747,0.676278,0.179312,pearsons_r,-7,nursing-homes,-7
combined,150,0.968546,0.888503,0.979823,0.003352,0.929421,0.927477,0.057893,,0,"case-counts, ggd-positive-tests, municipal-case-counts, nursing-homes",
