,N,pearsons_r,kendall,spearman,mse,explained_variance_score,r2,rmse,shift_corr_metric,shift,uses,delay_days
sewage,373.0,0.74431,0.586526,0.776057,0.017206,0.518273,0.492612,0.131173,spearman,-2,sewage,-2
icu,373.0,0.48812,0.38475,0.545977,0.03038,-0.019164,-0.019197,0.174299,spearman,-8,icu,-8
hospital,373.0,0.762763,0.607981,0.792942,0.012369,0.264454,0.263635,0.111217,spearman,-4,hospital,-4
case-counts,373.0,0.963239,0.851803,0.968015,0.003855,0.912436,0.908097,0.06209,spearman,0,case-counts,0
municipal-case-counts,373.0,0.954854,0.840344,0.962881,0.003877,0.904392,0.900867,0.062265,spearman,-2,municipal-case-counts,-2
ggd-positive-tests,373.0,0.962653,0.849714,0.967226,0.003931,0.910296,0.907307,0.062699,spearman,0,ggd-positive-tests,0
nursing-homes,372.0,0.816719,0.62218,0.827457,0.018725,0.663249,0.639045,0.136841,spearman,-5,nursing-homes,-5
combined,288,0.96776,0.867961,0.975726,0.003592,0.920565,0.914253,0.059931,,0,"case-counts, ggd-positive-tests, municipal-case-counts, nursing-homes",
