,N,pearsons_r,kendall,spearman,mse,explained_variance_score,r2,rmse,shift_corr_metric,shift,uses,delay_days
sewage,220.0,0.834813,0.421706,0.59291,0.038976,0.658045,0.658033,0.197425,pearsons_r,-2,sewage,-2
icu,220.0,0.768299,0.412739,0.546522,0.054655,0.51255,0.506297,0.233784,pearsons_r,-10,icu,-10
hospital,220.0,0.879972,0.540626,0.702734,0.034519,0.394224,0.363084,0.185794,pearsons_r,-8,hospital,-8
case-counts,220.0,0.68361,0.841318,0.942863,0.703721,0.348451,0.334384,0.838881,spearman,0,case-counts,0
municipal-case-counts,220.0,0.70261,0.845508,0.95508,0.352843,0.428823,0.416626,0.594006,spearman,-4,municipal-case-counts,-4
ggd-positive-tests,220.0,0.489237,0.819947,0.936739,1.861519,0.174067,0.162216,1.364375,spearman,-2,ggd-positive-tests,-2
nursing-homes,218.0,0.777325,0.482961,0.644143,0.059678,0.576442,0.56579,0.244291,pearsons_r,-8,nursing-homes,-8
combined,10,0.914795,0.719147,0.851068,0.002651,0.789226,0.760335,0.05149,,0,"case-counts, ggd-positive-tests, municipal-case-counts, nursing-homes",
