,N,pearsons_r,kendall,spearman,mse,explained_variance_score,r2,rmse,shift_corr_metric,shift,uses,delay_days
sewage,252.0,0.838546,0.467756,0.643001,0.034163,0.670073,0.669274,0.184832,pearsons_r,-2,sewage,-2
icu,252.0,0.762991,0.405193,0.543294,0.049454,0.50316,0.498831,0.222383,pearsons_r,-10,icu,-10
hospital,252.0,0.89333,0.590349,0.76844,0.028184,0.437161,0.415113,0.16788,pearsons_r,-9,hospital,-9
case-counts,252.0,0.686246,0.841221,0.947171,0.604447,0.353096,0.338983,0.777462,spearman,0,case-counts,0
municipal-case-counts,252.0,0.703577,0.842879,0.957001,0.308945,0.430625,0.418858,0.555828,spearman,-4,municipal-case-counts,-4
ggd-positive-tests,252.0,0.49041,0.813925,0.938385,1.6264,0.175298,0.16455,1.275304,spearman,-2,ggd-positive-tests,-2
nursing-homes,251.0,0.836719,0.554045,0.75121,0.037995,0.682973,0.669828,0.194922,pearsons_r,-7,nursing-homes,-7
combined,42,0.977045,0.914735,0.981314,0.002049,0.947859,0.92502,0.045266,,0,"case-counts, ggd-positive-tests, municipal-case-counts, nursing-homes",
