,N,pearsons_r,kendall,spearman,mse,explained_variance_score,r2,rmse,shift_corr_metric,shift,uses,delay_days
sewage,513.0,0.713551,0.570023,0.765361,0.020411,0.493745,0.454911,0.142869,spearman,-3,sewage,-3
icu,513.0,0.452497,0.392342,0.547841,0.036894,0.072228,0.063874,0.192077,spearman,-8,icu,-8
hospital,513.0,0.762422,0.608775,0.796772,0.011174,0.29344,0.282499,0.105708,spearman,-5,hospital,-5
case-counts,513.0,0.957722,0.842211,0.963963,0.003409,0.906825,0.905017,0.058382,spearman,-1,case-counts,-1
municipal-case-counts,513.0,0.948828,0.827802,0.958345,0.003776,0.893591,0.89196,0.06145,spearman,-3,municipal-case-counts,-3
ggd-positive-tests,513.0,0.937339,0.801204,0.937862,0.005568,0.861778,0.861777,0.074622,spearman,-1,ggd-positive-tests,-1
nursing-homes,509.0,0.810715,0.63138,0.827368,0.0181,0.651665,0.629731,0.134538,spearman,-4,nursing-homes,-4
combined,428,0.962332,0.847688,0.966151,0.003074,0.913328,0.91151,0.055446,,0,"case-counts, ggd-positive-tests, municipal-case-counts, nursing-homes",
