,N,pearsons_r,kendall,spearman,mse,explained_variance_score,r2,rmse,shift_corr_metric,shift,uses,delay_days
sewage,199.0,0.864873,0.487823,0.680122,0.034871,0.722816,0.718844,0.186739,pearsons_r,-2,sewage,-2
icu,199.0,0.823177,0.545142,0.728048,0.043938,0.621577,0.620156,0.209613,pearsons_r,-10,icu,-10
hospital,199.0,0.920111,0.645013,0.819798,0.028393,0.516215,0.511723,0.168501,pearsons_r,-8,hospital,-8
case-counts,199.0,0.687975,0.831529,0.932826,0.777909,0.347869,0.332993,0.881992,spearman,0,case-counts,0
municipal-case-counts,199.0,0.705809,0.83399,0.946497,0.389477,0.428377,0.41543,0.624081,spearman,-4,municipal-case-counts,-4
nursing-homes,198.0,0.789163,0.494846,0.656451,0.061125,0.596938,0.577444,0.247234,pearsons_r,-7,nursing-homes,-7
combined,199,0.956495,0.781388,0.928625,0.011594,0.889905,0.889167,0.107677,,0,"case-counts, hospital, icu, municipal-case-counts, nursing-homes, sewage",
