,N,pearsons_r,kendall,spearman,mse,explained_variance_score,r2,rmse,shift_corr_metric,shift,uses,delay_days
sewage,203.0,0.864756,0.488017,0.677959,0.034305,0.722206,0.718557,0.185215,pearsons_r,-2,sewage,-2
icu,202.0,0.824666,0.553076,0.735564,0.043081,0.626006,0.625631,0.207559,pearsons_r,-10,icu,-10
hospital,203.0,0.919681,0.643201,0.824035,0.028138,0.512891,0.507562,0.167743,pearsons_r,-9,hospital,-9
case-counts,203.0,0.687528,0.831097,0.933188,0.762693,0.348022,0.333517,0.873323,spearman,0,case-counts,0
municipal-case-counts,203.0,0.705175,0.833264,0.946504,0.382015,0.428314,0.415389,0.618073,spearman,-4,municipal-case-counts,-4
nursing-homes,202.0,0.786772,0.494365,0.656141,0.06106,0.594494,0.577517,0.247104,pearsons_r,-7,nursing-homes,-7
combined,203,0.957331,0.782128,0.930295,0.011294,0.889455,0.888971,0.106274,,0,"case-counts, hospital, icu, municipal-case-counts, nursing-homes, sewage",
