,N,pearsons_r,kendall,spearman,mse,explained_variance_score,r2,rmse,shift_corr_metric,shift,uses,delay_days
sewage,350.0,0.849581,0.520764,0.698308,0.027697,0.682426,0.673732,0.166424,pearsons_r,-2,sewage,-2
icu,349.0,0.764388,0.423383,0.581163,0.041023,0.477857,0.477833,0.202541,pearsons_r,-10,icu,-10
hospital,350.0,0.889024,0.596694,0.776725,0.024521,0.39868,0.396421,0.156593,pearsons_r,-8,hospital,-8
case-counts,350.0,0.613648,0.839252,0.952121,0.479318,0.315884,0.306354,0.692328,spearman,-1,case-counts,-1
municipal-case-counts,350.0,0.792405,0.842321,0.952322,0.196576,0.528352,0.520493,0.443369,spearman,-3,municipal-case-counts,-3
ggd-positive-tests,350.0,0.503969,0.826051,0.943753,1.173669,0.191764,0.184439,1.08336,spearman,-2,ggd-positive-tests,-2
nursing-homes,349.0,0.850226,0.577208,0.770339,0.030848,0.710813,0.695712,0.175635,pearsons_r,-7,nursing-homes,-7
combined,140,0.967858,0.885728,0.979377,0.003519,0.927766,0.926338,0.059323,,0,"case-counts, ggd-positive-tests, municipal-case-counts, nursing-homes",
