,N,pearsons_r,kendall,spearman,mse,explained_variance_score,r2,rmse,shift_corr_metric,shift,uses,delay_days
sewage,329.0,0.85033,0.529602,0.712038,0.029195,0.683704,0.675597,0.170865,pearsons_r,-2,sewage,-2
icu,327.0,0.770834,0.44889,0.609403,0.042377,0.488229,0.488219,0.205858,pearsons_r,-10,icu,-10
hospital,329.0,0.897774,0.624075,0.802968,0.025279,0.398609,0.397392,0.158995,pearsons_r,-8,hospital,-8
case-counts,329.0,0.612602,0.843312,0.954125,0.508945,0.315272,0.305027,0.713403,spearman,-1,case-counts,-1
municipal-case-counts,329.0,0.791112,0.844358,0.952635,0.209217,0.527304,0.518695,0.457402,spearman,-3,municipal-case-counts,-3
ggd-positive-tests,329.0,0.568487,0.850445,0.943637,1.197318,0.224559,0.216785,1.09422,spearman,-1,ggd-positive-tests,-1
nursing-homes,327.0,0.855551,0.591435,0.787605,0.031633,0.718015,0.698681,0.177858,pearsons_r,-7,nursing-homes,-7
combined,119,0.971654,0.873659,0.971777,0.00387,0.935255,0.931901,0.062212,,0,"case-counts, ggd-positive-tests, municipal-case-counts, nursing-homes",
