,N,pearsons_r,kendall,spearman,mse,explained_variance_score,r2,rmse,shift_corr_metric,shift,uses,delay_days
sewage,224.0,0.834282,0.426647,0.59852,0.038532,0.657571,0.65757,0.196296,pearsons_r,-2,sewage,-2
icu,224.0,0.765125,0.40063,0.535146,0.054742,0.505914,0.497619,0.23397,pearsons_r,-10,icu,-10
hospital,224.0,0.88734,0.570545,0.736575,0.032633,0.401378,0.37831,0.180647,pearsons_r,-9,hospital,-9
case-counts,224.0,0.682681,0.846789,0.946225,0.692027,0.347936,0.334313,0.831881,spearman,0,case-counts,0
municipal-case-counts,224.0,0.701914,0.847839,0.956546,0.346619,0.428426,0.416586,0.588743,spearman,-4,municipal-case-counts,-4
ggd-positive-tests,224.0,0.489031,0.816248,0.936334,1.828543,0.174094,0.162148,1.352236,spearman,-2,ggd-positive-tests,-2
nursing-homes,224.0,0.77881,0.490314,0.650333,0.057804,0.578829,0.567647,0.240424,pearsons_r,-8,nursing-homes,-8
combined,14,0.918661,0.74449,0.903086,0.00216,0.832864,0.809525,0.046476,,0,"case-counts, ggd-positive-tests, municipal-case-counts, nursing-homes",
