,N,pearsons_r,kendall,spearman,mse,explained_variance_score,r2,rmse,shift_corr_metric,shift,uses,delay_days
sewage,255.0,0.83919,0.472324,0.646724,0.033892,0.670792,0.669762,0.184098,pearsons_r,-2,sewage,-2
icu,255.0,0.767796,0.416471,0.561916,0.048106,0.510397,0.506184,0.219331,pearsons_r,-10,icu,-10
hospital,255.0,0.894098,0.594407,0.773003,0.027892,0.43768,0.418113,0.16701,pearsons_r,-9,hospital,-9
case-counts,255.0,0.686687,0.84418,0.948044,0.596016,0.354415,0.340407,0.772021,spearman,0,case-counts,0
municipal-case-counts,255.0,0.704412,0.842624,0.957175,0.305633,0.43192,0.420451,0.552841,spearman,-4,municipal-case-counts,-4
ggd-positive-tests,255.0,0.491167,0.814728,0.938886,1.608065,0.176072,0.165488,1.268095,spearman,-2,ggd-positive-tests,-2
nursing-homes,254.0,0.837686,0.547667,0.74499,0.037586,0.683315,0.668212,0.193872,pearsons_r,-7,nursing-homes,-7
combined,45,0.981467,0.924814,0.984216,0.001959,0.956291,0.941919,0.044265,,0,"case-counts, ggd-positive-tests, municipal-case-counts, nursing-homes",
