,N,pearsons_r,kendall,spearman,mse,explained_variance_score,r2,rmse,shift_corr_metric,shift,uses,delay_days
sewage,374.0,0.84453,0.535117,0.720394,0.027755,0.675191,0.665222,0.166597,pearsons_r,-2,sewage,-2
icu,374.0,0.725801,0.419108,0.583423,0.047361,0.42687,0.426163,0.217626,pearsons_r,-10,icu,-10
hospital,374.0,0.879373,0.592801,0.778261,0.024716,0.365797,0.364538,0.157214,pearsons_r,-8,hospital,-8
case-counts,374.0,0.613287,0.844977,0.956026,0.448789,0.317732,0.308132,0.669917,spearman,-1,case-counts,-1
municipal-case-counts,374.0,0.792426,0.844803,0.954941,0.184428,0.531204,0.522949,0.429451,spearman,-3,municipal-case-counts,-3
ggd-positive-tests,374.0,0.503592,0.823769,0.945544,1.099159,0.193124,0.185507,1.048408,spearman,-2,ggd-positive-tests,-2
nursing-homes,374.0,0.837977,0.569745,0.765608,0.032306,0.688271,0.670434,0.179739,pearsons_r,-7,nursing-homes,-7
combined,164,0.971029,0.880162,0.97843,0.003985,0.930879,0.925377,0.06313,,0,"case-counts, ggd-positive-tests, municipal-case-counts, nursing-homes",
