,N,pearsons_r,kendall,spearman,mse,explained_variance_score,r2,rmse,shift_corr_metric,shift,uses,delay_days
sewage,185.0,0.866737,0.516974,0.710787,0.036178,0.728597,0.726196,0.190205,pearsons_r,-2,sewage,-3
icu,185.0,0.82295,0.544973,0.734619,0.046234,0.621278,0.620359,0.21502,pearsons_r,-10,icu,-11
hospital,185.0,0.925029,0.643207,0.827286,0.029004,0.527408,0.523947,0.170305,pearsons_r,-9,hospital,-10
case-counts,185.0,0.68774,0.833505,0.934598,0.839336,0.34543,0.329028,0.916153,spearman,0,case-counts,-1
municipal-case-counts,185.0,0.705367,0.832675,0.947672,0.4179,0.426366,0.412031,0.646452,spearman,-4,municipal-case-counts,-5
nursing-homes,185.0,0.792707,0.481263,0.641139,0.062544,0.592325,0.558302,0.250088,pearsons_r,-7,nursing-homes,-8
combined,185,0.958376,0.778337,0.930225,0.011915,0.890729,0.889704,0.109155,,0,"case-counts, hospital, icu, municipal-case-counts, nursing-homes, sewage",
