,N,pearsons_r,kendall,spearman,mse,explained_variance_score,r2,rmse,shift_corr_metric,shift,uses,delay_days
sewage,364.0,0.848242,0.532075,0.71152,0.027484,0.683285,0.671847,0.165783,pearsons_r,-2,sewage,-2
icu,364.0,0.738687,0.414619,0.57534,0.044919,0.4438,0.443608,0.211942,pearsons_r,-9,icu,-9
hospital,364.0,0.884043,0.591617,0.774565,0.024382,0.378303,0.377247,0.156147,pearsons_r,-8,hospital,-8
case-counts,364.0,0.612992,0.841731,0.953618,0.460921,0.316043,0.306728,0.678912,spearman,-1,case-counts,-1
municipal-case-counts,364.0,0.791874,0.842128,0.952961,0.189086,0.528772,0.52107,0.43484,spearman,-3,municipal-case-counts,-3
ggd-positive-tests,364.0,0.503895,0.822603,0.943512,1.12889,0.192171,0.184775,1.062492,spearman,-2,ggd-positive-tests,-2
nursing-homes,363.0,0.842789,0.572971,0.764922,0.031696,0.6971,0.679028,0.178033,pearsons_r,-7,nursing-homes,-7
combined,154,0.968697,0.884343,0.979035,0.0035,0.929049,0.92612,0.059163,,0,"case-counts, ggd-positive-tests, municipal-case-counts, nursing-homes",
