,N,pearsons_r,kendall,spearman,mse,explained_variance_score,r2,rmse,shift_corr_metric,shift,uses,delay_days
sewage,406.0,0.834289,0.542461,0.727631,0.028133,0.662161,0.650917,0.167728,pearsons_r,-2,sewage,-2
icu,406.0,0.702346,0.39793,0.557699,0.04898,0.393774,0.392878,0.221314,pearsons_r,-10,icu,-10
hospital,406.0,0.882074,0.612392,0.793318,0.022746,0.376359,0.374608,0.150817,pearsons_r,-8,hospital,-8
case-counts,283.0,0.963665,0.862132,0.968651,0.004056,0.916985,0.913188,0.06369,spearman,-1,case-counts,-1
municipal-case-counts,406.0,0.791249,0.842862,0.954958,0.170222,0.531378,0.523821,0.412579,spearman,-3,municipal-case-counts,-3
ggd-positive-tests,406.0,0.502703,0.821375,0.945632,1.013004,0.193361,0.186378,1.006481,spearman,-2,ggd-positive-tests,-2
nursing-homes,405.0,0.844532,0.59457,0.792124,0.02954,0.701646,0.679969,0.171872,pearsons_r,-7,nursing-homes,-7
combined,196,0.966086,0.870041,0.974748,0.003992,0.923158,0.918086,0.063182,,0,"case-counts, ggd-positive-tests, municipal-case-counts, nursing-homes",
