,N,pearsons_r,kendall,spearman,mse,explained_variance_score,r2,rmse,shift_corr_metric,shift,uses,delay_days
sewage,513.0,0.713748,0.57033,0.765476,0.020364,0.494009,0.455838,0.142701,spearman,-3,sewage,-3
icu,513.0,0.45156,0.39162,0.546741,0.03698,0.070747,0.061827,0.192303,spearman,-8,icu,-8
hospital,513.0,0.762569,0.608667,0.796778,0.011173,0.290096,0.278755,0.105702,spearman,-5,hospital,-5
case-counts,513.0,0.957722,0.842211,0.963963,0.003409,0.906825,0.905017,0.058382,spearman,-1,case-counts,-1
municipal-case-counts,513.0,0.948828,0.827802,0.958345,0.003776,0.893591,0.89196,0.06145,spearman,-3,municipal-case-counts,-3
ggd-positive-tests,513.0,0.937339,0.801204,0.937862,0.005568,0.861778,0.861777,0.074622,spearman,-1,ggd-positive-tests,-1
nursing-homes,513.0,0.808126,0.62971,0.825727,0.018246,0.647825,0.624153,0.135077,spearman,-4,nursing-homes,-4
combined,428,0.962895,0.848924,0.966863,0.003032,0.914455,0.912559,0.055067,,0,"case-counts, ggd-positive-tests, municipal-case-counts, nursing-homes",
