,N,pearsons_r,kendall,spearman,mse,explained_variance_score,r2,rmse,shift_corr_metric,shift,uses,delay_days
sewage,231.0,0.833234,0.4425,0.617968,0.038183,0.659758,0.65961,0.195406,pearsons_r,-2,sewage,-2
icu,230.0,0.767958,0.418275,0.555378,0.052986,0.510927,0.50167,0.230186,pearsons_r,-10,icu,-10
hospital,231.0,0.884197,0.557122,0.729575,0.03262,0.392226,0.36289,0.18061,pearsons_r,-9,hospital,-9
case-counts,231.0,0.685301,0.845994,0.947192,0.669249,0.35028,0.336554,0.818076,spearman,0,case-counts,0
municipal-case-counts,231.0,0.70504,0.849489,0.95756,0.334405,0.43176,0.420069,0.578278,spearman,-4,municipal-case-counts,-4
ggd-positive-tests,231.0,0.491395,0.821384,0.939427,1.770003,0.175524,0.16374,1.330415,spearman,-2,ggd-positive-tests,-2
nursing-homes,229.0,0.773106,0.477575,0.638137,0.057837,0.567841,0.559113,0.240493,pearsons_r,-8,nursing-homes,-8
combined,21,0.925119,0.853074,0.960001,0.001635,0.855814,0.811215,0.04043,,0,"case-counts, ggd-positive-tests, municipal-case-counts, nursing-homes",
