,N,pearsons_r,kendall,spearman,mse,explained_variance_score,r2,rmse,shift_corr_metric,shift,uses,delay_days
sewage,420.0,0.834453,0.538108,0.723996,0.027533,0.664627,0.653957,0.16593,pearsons_r,-2,sewage,-2
icu,420.0,0.722216,0.421829,0.585634,0.044242,0.429483,0.429282,0.210338,pearsons_r,-10,icu,-10
hospital,420.0,0.883426,0.618435,0.799192,0.021849,0.395275,0.393994,0.147813,pearsons_r,-8,hospital,-8
case-counts,297.0,0.964722,0.865525,0.970613,0.003967,0.917438,0.914594,0.062987,spearman,-1,case-counts,-1
municipal-case-counts,420.0,0.792944,0.846544,0.956033,0.164567,0.533574,0.526501,0.405668,spearman,-3,municipal-case-counts,-3
ggd-positive-tests,420.0,0.504712,0.825787,0.947114,0.979219,0.194862,0.188224,0.989555,spearman,-2,ggd-positive-tests,-2
nursing-homes,419.0,0.844913,0.594966,0.791913,0.029372,0.704761,0.681825,0.171382,pearsons_r,-7,nursing-homes,-7
combined,210,0.965859,0.87832,0.977388,0.004141,0.919105,0.914167,0.064348,,0,"case-counts, ggd-positive-tests, municipal-case-counts, nursing-homes",
