,N,pearsons_r,kendall,spearman,mse,explained_variance_score,r2,rmse,shift_corr_metric,shift,uses,delay_days
sewage,397.0,0.736951,0.590731,0.785286,0.017377,0.50937,0.48471,0.131823,spearman,-3,sewage,-3
icu,396.0,0.51805,0.412859,0.577146,0.028272,0.057673,0.057666,0.168142,spearman,-8,icu,-8
hospital,397.0,0.775594,0.613166,0.799529,0.011434,0.317263,0.314759,0.106928,spearman,-4,hospital,-4
case-counts,397.0,0.960231,0.844428,0.965528,0.004172,0.90391,0.900512,0.06459,spearman,0,case-counts,0
municipal-case-counts,397.0,0.952981,0.835739,0.96218,0.004086,0.898443,0.895645,0.063923,spearman,-2,municipal-case-counts,-2
ggd-positive-tests,397.0,0.955808,0.846766,0.96634,0.00452,0.895246,0.893535,0.067234,spearman,-1,ggd-positive-tests,-1
nursing-homes,393.0,0.821309,0.618489,0.824017,0.018479,0.667195,0.650726,0.135937,spearman,-5,nursing-homes,-5
combined,312,0.965591,0.860297,0.972268,0.003807,0.911861,0.9075,0.061702,,0,"case-counts, ggd-positive-tests, municipal-case-counts, nursing-homes",
