,N,pearsons_r,kendall,spearman,mse,explained_variance_score,r2,rmse,shift_corr_metric,shift,uses,delay_days
sewage,304.0,0.842992,0.501103,0.683346,0.030578,0.671132,0.665191,0.174867,pearsons_r,-2,sewage,-2
icu,304.0,0.768144,0.440366,0.594375,0.043215,0.493641,0.492725,0.207883,pearsons_r,-10,icu,-10
hospital,304.0,0.890881,0.594414,0.770203,0.02626,0.389803,0.382735,0.162048,pearsons_r,-8,hospital,-8
case-counts,304.0,0.691696,0.844259,0.949554,0.501724,0.366414,0.354896,0.708325,spearman,0,case-counts,0
municipal-case-counts,304.0,0.787141,0.834238,0.946152,0.226461,0.515659,0.506484,0.47588,spearman,-3,municipal-case-counts,-3
ggd-positive-tests,304.0,0.564751,0.833538,0.935068,1.295874,0.217353,0.208677,1.138365,spearman,-1,ggd-positive-tests,-1
nursing-homes,304.0,0.843249,0.559008,0.76046,0.03392,0.693908,0.675179,0.184173,pearsons_r,-7,nursing-homes,-7
combined,94,0.966835,0.869392,0.970411,0.004288,0.924299,0.918696,0.065482,,0,"case-counts, ggd-positive-tests, municipal-case-counts, nursing-homes",
