,N,pearsons_r,kendall,spearman,mse,explained_variance_score,r2,rmse,shift_corr_metric,shift,uses,delay_days
sewage,241.0,0.832855,0.460497,0.633151,0.036942,0.654773,0.654772,0.192203,pearsons_r,-2,sewage,-2
icu,241.0,0.76496,0.439095,0.575398,0.051887,0.50116,0.4915,0.227788,pearsons_r,-10,icu,-10
hospital,241.0,0.883198,0.558654,0.739606,0.032681,0.377501,0.336973,0.180778,pearsons_r,-9,hospital,-9
case-counts,241.0,0.590374,0.841694,0.951413,0.689992,0.288475,0.275382,0.830658,spearman,-1,case-counts,-1
municipal-case-counts,241.0,0.700611,0.851175,0.959748,0.320965,0.429587,0.41962,0.566538,spearman,-4,municipal-case-counts,-4
ggd-positive-tests,241.0,0.487148,0.829564,0.945226,1.696765,0.174489,0.164052,1.302599,spearman,-2,ggd-positive-tests,-2
nursing-homes,241.0,0.831061,0.537436,0.737678,0.039984,0.668507,0.661823,0.199959,pearsons_r,-7,nursing-homes,-7
combined,31,0.953263,0.878558,0.966707,0.001145,0.907669,0.899033,0.033838,,0,"case-counts, ggd-positive-tests, municipal-case-counts, nursing-homes",
