,N,pearsons_r,kendall,spearman,mse,explained_variance_score,r2,rmse,shift_corr_metric,shift,uses
sewage,185.0,0.866945,0.517567,0.711692,0.036122,0.7292,0.726941,0.190058,pearsons_r,-2,sewage
icu,185.0,0.823431,0.549244,0.735174,0.046061,0.620858,0.61961,0.214619,pearsons_r,-10,icu
hospital,185.0,0.923716,0.641664,0.825952,0.029134,0.528459,0.524589,0.170686,pearsons_r,-9,hospital
case-counts,185.0,0.687742,0.833624,0.934711,0.839345,0.345429,0.329032,0.916158,spearman,0,case-counts
municipal-case-counts,185.0,0.705387,0.831844,0.94748,0.417904,0.426376,0.412064,0.646455,spearman,-4,municipal-case-counts
nursing-homes,185.0,0.792795,0.456111,0.621033,0.062781,0.588572,0.547482,0.250562,pearsons_r,-7,nursing-homes
combined,185,0.958594,0.777507,0.929695,0.011903,0.890691,0.889505,0.1091,,0,"case-counts, hospital, icu, municipal-case-counts, nursing-homes, sewage"
