,N,pearsons_r,kendall,spearman,mse,explained_variance_score,r2,rmse,shift_corr_metric,shift,uses,delay_days
sewage,523.0,0.717924,0.570676,0.766494,0.01982,0.501554,0.464036,0.140783,spearman,-3,sewage,-3
icu,523.0,0.460873,0.395819,0.55216,0.035997,0.0888,0.079899,0.18973,spearman,-8,icu,-8
hospital,523.0,0.761455,0.608175,0.799649,0.011052,0.297914,0.285169,0.105128,spearman,-6,hospital,-6
case-counts,523.0,0.957363,0.839017,0.962147,0.003413,0.905946,0.903528,0.058417,spearman,-1,case-counts,-1
municipal-case-counts,523.0,0.944577,0.819087,0.95374,0.004105,0.884921,0.882682,0.064069,spearman,-3,municipal-case-counts,-3
ggd-positive-tests,523.0,0.939627,0.803447,0.940032,0.005475,0.86382,0.863804,0.073993,spearman,-1,ggd-positive-tests,-1
nursing-homes,520.0,0.811141,0.630841,0.826492,0.017805,0.651752,0.631215,0.133436,spearman,-4,nursing-homes,-4
combined,438,0.963485,0.847904,0.966004,0.003015,0.914053,0.912152,0.054905,,0,"case-counts, ggd-positive-tests, municipal-case-counts, nursing-homes",
