,N,pearsons_r,kendall,spearman,mse,explained_variance_score,r2,rmse,shift_corr_metric,shift,uses,delay_days
sewage,471.0,0.720416,0.573926,0.768572,0.019002,0.497984,0.469962,0.137849,spearman,-3,sewage,-3
icu,471.0,0.496377,0.410179,0.568303,0.029121,0.053652,0.050975,0.170648,spearman,-9,icu,-9
hospital,471.0,0.773,0.617623,0.804439,0.010928,0.31488,0.307162,0.104539,spearman,-5,hospital,-5
case-counts,471.0,0.959761,0.845579,0.965478,0.003602,0.907135,0.905029,0.060013,spearman,-1,case-counts,-1
municipal-case-counts,471.0,0.952598,0.836692,0.962746,0.003721,0.899084,0.897217,0.061,spearman,-3,municipal-case-counts,-3
ggd-positive-tests,471.0,0.955207,0.832076,0.95688,0.004214,0.894377,0.894222,0.064919,spearman,-1,ggd-positive-tests,-1
nursing-homes,471.0,0.810985,0.625772,0.821666,0.019075,0.649566,0.630859,0.138111,spearman,-4,nursing-homes,-4
combined,386,0.965783,0.855099,0.969414,0.00312,0.91562,0.913655,0.05586,,0,"case-counts, ggd-positive-tests, municipal-case-counts, nursing-homes",
