,N,pearsons_r,kendall,spearman,mse,explained_variance_score,r2,rmse,shift_corr_metric,shift,uses,delay_days
sewage,362.0,0.744288,0.585589,0.776669,0.01781,0.518719,0.493298,0.133455,spearman,-2,sewage,-2
icu,362.0,0.489192,0.389092,0.547609,0.030811,-0.035109,-0.035587,0.175532,spearman,-8,icu,-8
hospital,362.0,0.760944,0.601901,0.787126,0.012867,0.241163,0.240821,0.113433,spearman,-4,hospital,-4
case-counts,362.0,0.965092,0.850909,0.967778,0.003706,0.917006,0.913314,0.060877,spearman,0,case-counts,0
municipal-case-counts,362.0,0.957031,0.841981,0.963324,0.003783,0.90891,0.905493,0.061507,spearman,-2,municipal-case-counts,-2
ggd-positive-tests,362.0,0.964654,0.851839,0.968024,0.003814,0.914802,0.912035,0.061761,spearman,0,ggd-positive-tests,0
nursing-homes,361.0,0.821059,0.621061,0.825127,0.018803,0.670342,0.645056,0.137123,spearman,-5,nursing-homes,-5
combined,277,0.970211,0.868729,0.975958,0.003482,0.925726,0.919532,0.059009,,0,"case-counts, ggd-positive-tests, municipal-case-counts, nursing-homes",
