,N,pearsons_r,kendall,spearman,mse,explained_variance_score,r2,rmse,shift_corr_metric,shift,uses,delay_days
sewage,294.0,0.843913,0.501442,0.682512,0.030487,0.677848,0.674417,0.174605,pearsons_r,-2,sewage,-2
icu,294.0,0.764984,0.435232,0.590967,0.044711,0.500332,0.497059,0.211449,pearsons_r,-10,icu,-10
hospital,294.0,0.886962,0.579253,0.753848,0.02682,0.388169,0.37674,0.163767,pearsons_r,-8,hospital,-8
case-counts,294.0,0.689915,0.839277,0.94798,0.518731,0.362167,0.350009,0.72023,spearman,0,case-counts,0
municipal-case-counts,294.0,0.784729,0.829497,0.943514,0.234011,0.510471,0.500396,0.483746,spearman,-3,municipal-case-counts,-3
ggd-positive-tests,294.0,0.563367,0.830948,0.933105,1.339783,0.214468,0.205279,1.15749,spearman,-1,ggd-positive-tests,-1
nursing-homes,294.0,0.838667,0.539981,0.744367,0.034833,0.682601,0.660838,0.186636,pearsons_r,-7,nursing-homes,-7
combined,84,0.961246,0.858313,0.964326,0.004537,0.914358,0.903037,0.067358,,0,"case-counts, ggd-positive-tests, municipal-case-counts, nursing-homes",
