,N,pearsons_r,kendall,spearman,mse,explained_variance_score,r2,rmse,shift_corr_metric,shift,uses,delay_days
sewage,238.0,0.831589,0.452589,0.625629,0.037214,0.656665,0.656469,0.19291,pearsons_r,-2,sewage,-2
icu,238.0,0.768739,0.431414,0.570285,0.050793,0.515607,0.50791,0.225372,pearsons_r,-10,icu,-10
hospital,238.0,0.889306,0.572989,0.747622,0.030714,0.412632,0.381298,0.175253,pearsons_r,-9,hospital,-9
case-counts,238.0,0.597246,0.838755,0.950012,0.696966,0.291235,0.27696,0.834845,spearman,-1,case-counts,-1
municipal-case-counts,238.0,0.707159,0.854207,0.960192,0.323835,0.432882,0.421573,0.569065,spearman,-4,municipal-case-counts,-4
ggd-positive-tests,238.0,0.493644,0.83203,0.944805,1.715941,0.176176,0.164895,1.309939,spearman,-2,ggd-positive-tests,-2
nursing-homes,238.0,0.83413,0.540627,0.73986,0.039609,0.677395,0.668461,0.19902,pearsons_r,-7,nursing-homes,-7
combined,28,0.952693,0.913052,0.979582,0.001234,0.904153,0.864577,0.035135,,0,"case-counts, ggd-positive-tests, municipal-case-counts, nursing-homes",
