,N,pearsons_r,kendall,spearman,mse,explained_variance_score,r2,rmse,shift_corr_metric,shift,uses,delay_days
sewage,352.0,0.736812,0.57755,0.769293,0.018496,0.508697,0.48239,0.136001,spearman,-2,sewage,-2
icu,352.0,0.487777,0.387139,0.542754,0.031581,-0.00935,-0.009379,0.177711,spearman,-9,icu,-9
hospital,352.0,0.780581,0.615741,0.797421,0.011954,0.264491,0.263328,0.109335,spearman,-4,hospital,-4
case-counts,352.0,0.96451,0.85277,0.968717,0.003623,0.916717,0.914178,0.060189,spearman,0,case-counts,0
municipal-case-counts,352.0,0.957822,0.845654,0.965357,0.003588,0.911144,0.90878,0.059897,spearman,-2,municipal-case-counts,-2
ggd-positive-tests,352.0,0.965737,0.856058,0.96984,0.003611,0.917439,0.915589,0.060092,spearman,0,ggd-positive-tests,0
nursing-homes,351.0,0.818415,0.620075,0.822879,0.018437,0.666895,0.645143,0.135782,spearman,-5,nursing-homes,-5
combined,267,0.969165,0.86627,0.975184,0.003301,0.925351,0.921184,0.057458,,0,"case-counts, ggd-positive-tests, municipal-case-counts, nursing-homes",
