,N,pearsons_r,kendall,spearman,mse,explained_variance_score,r2,rmse,shift_corr_metric,shift,uses,delay_days
sewage,404.0,0.731406,0.582278,0.775634,0.017577,0.498238,0.46952,0.132577,spearman,-3,sewage,-3
icu,403.0,0.501648,0.400601,0.560849,0.029117,0.03204,0.031369,0.170636,spearman,-8,icu,-8
hospital,404.0,0.772946,0.606932,0.793482,0.011405,0.314219,0.31181,0.106794,spearman,-4,hospital,-4
case-counts,404.0,0.958951,0.838471,0.96307,0.004177,0.902135,0.898845,0.064627,spearman,0,case-counts,0
municipal-case-counts,404.0,0.951582,0.830302,0.96024,0.004113,0.896175,0.893492,0.064134,spearman,-2,municipal-case-counts,-2
ggd-positive-tests,404.0,0.958766,0.839069,0.963587,0.004266,0.900147,0.898243,0.065311,spearman,0,ggd-positive-tests,0
nursing-homes,403.0,0.817119,0.615071,0.818722,0.01884,0.660459,0.643159,0.137258,spearman,-5,nursing-homes,-5
combined,319,0.963199,0.850695,0.968741,0.003962,0.907083,0.902661,0.062948,,0,"case-counts, ggd-positive-tests, municipal-case-counts, nursing-homes",
