,N,pearsons_r,kendall,spearman,mse,explained_variance_score,r2,rmse,shift_corr_metric,shift,uses,delay_days
sewage,394.0,0.736142,0.589904,0.784253,0.017479,0.507834,0.483142,0.132207,spearman,-3,sewage,-3
icu,394.0,0.50986,0.41096,0.575697,0.028782,0.041787,0.041779,0.169653,spearman,-9,icu,-9
hospital,394.0,0.775746,0.614884,0.800539,0.011458,0.317577,0.315289,0.107044,spearman,-4,hospital,-4
case-counts,394.0,0.960446,0.84464,0.965633,0.004174,0.904276,0.900763,0.064604,spearman,0,case-counts,0
municipal-case-counts,394.0,0.953151,0.836816,0.962445,0.004092,0.898652,0.895907,0.063971,spearman,-2,municipal-case-counts,-2
ggd-positive-tests,394.0,0.955902,0.847067,0.966357,0.004518,0.895563,0.89375,0.06722,spearman,-1,ggd-positive-tests,-1
nursing-homes,393.0,0.821309,0.618444,0.824028,0.01847,0.66719,0.650891,0.135905,spearman,-5,nursing-homes,-5
combined,309,0.965649,0.859764,0.971976,0.003825,0.912016,0.907512,0.061848,,0,"case-counts, ggd-positive-tests, municipal-case-counts, nursing-homes",
