,N,pearsons_r,kendall,spearman,mse,explained_variance_score,r2,rmse,shift_corr_metric,shift,uses,delay_days
sewage,392.0,0.846152,0.552024,0.736023,0.026516,0.679054,0.66922,0.162838,pearsons_r,-2,sewage,-2
icu,392.0,0.715809,0.411168,0.577975,0.047462,0.40846,0.408067,0.217857,pearsons_r,-10,icu,-10
hospital,392.0,0.878744,0.6033,0.786299,0.023897,0.36731,0.365275,0.154587,pearsons_r,-8,hospital,-8
case-counts,269.0,0.965025,0.862387,0.96765,0.0041,0.91986,0.915704,0.064033,spearman,-1,case-counts,-1
municipal-case-counts,392.0,0.791036,0.84536,0.955789,0.176156,0.531268,0.523135,0.419709,spearman,-3,municipal-case-counts,-3
ggd-positive-tests,392.0,0.502233,0.824637,0.946911,1.048988,0.193085,0.185622,1.024201,spearman,-2,ggd-positive-tests,-2
nursing-homes,392.0,0.844697,0.593084,0.791981,0.030386,0.701507,0.679821,0.174315,pearsons_r,-7,nursing-homes,-7
combined,182,0.968835,0.87459,0.975551,0.004019,0.92874,0.922394,0.063396,,0,"case-counts, ggd-positive-tests, municipal-case-counts, nursing-homes",
