,N,pearsons_r,kendall,spearman,mse,explained_variance_score,r2,rmse,shift_corr_metric,shift,uses,delay_days
sewage,388.0,0.846458,0.549954,0.734171,0.026752,0.67981,0.669607,0.163561,pearsons_r,-2,sewage,-2
icu,388.0,0.71293,0.411771,0.577659,0.048306,0.401352,0.401193,0.219786,pearsons_r,-9,icu,-9
hospital,388.0,0.878306,0.597232,0.783074,0.0242,0.364008,0.361967,0.155562,pearsons_r,-8,hospital,-8
case-counts,388.0,0.61298,0.846527,0.957484,0.432822,0.318302,0.30858,0.657892,spearman,-1,case-counts,-1
municipal-case-counts,388.0,0.79138,0.845105,0.955635,0.177924,0.531478,0.52326,0.42181,spearman,-3,municipal-case-counts,-3
ggd-positive-tests,388.0,0.502549,0.824736,0.946811,1.059739,0.193198,0.18565,1.029436,spearman,-2,ggd-positive-tests,-2
nursing-homes,386.0,0.844406,0.586551,0.78771,0.03101,0.701256,0.678861,0.176097,pearsons_r,-7,nursing-homes,-7
combined,178,0.970052,0.877378,0.976561,0.004015,0.930361,0.923867,0.063366,,0,"case-counts, ggd-positive-tests, municipal-case-counts, nursing-homes",
