,N,pearsons_r,kendall,spearman,mse,explained_variance_score,r2,rmse,shift_corr_metric,shift,uses,delay_days
sewage,509.0,0.711657,0.567683,0.763413,0.02067,0.489948,0.451533,0.143772,spearman,-3,sewage,-3
icu,509.0,0.450884,0.390697,0.546406,0.037412,0.069154,0.060923,0.193421,spearman,-8,icu,-8
hospital,509.0,0.75715,0.604743,0.797107,0.011519,0.266937,0.256176,0.107326,spearman,-6,hospital,-6
case-counts,509.0,0.957565,0.840676,0.963537,0.003423,0.907217,0.905045,0.058508,spearman,-1,case-counts,-1
municipal-case-counts,509.0,0.948662,0.827794,0.958408,0.00381,0.893541,0.891961,0.061723,spearman,-3,municipal-case-counts,-3
ggd-positive-tests,509.0,0.939432,0.807072,0.941966,0.005403,0.866217,0.866182,0.073504,spearman,-1,ggd-positive-tests,-1
nursing-homes,509.0,0.80882,0.629439,0.82558,0.018237,0.649128,0.62693,0.135046,spearman,-4,nursing-homes,-4
combined,424,0.962335,0.846518,0.965808,0.003078,0.914097,0.911953,0.055482,,0,"case-counts, ggd-positive-tests, municipal-case-counts, nursing-homes",
