,N,pearsons_r,kendall,spearman,mse,explained_variance_score,r2,rmse,shift_corr_metric,shift,uses,delay_days
sewage,378.0,0.845382,0.539674,0.72555,0.027576,0.677752,0.667479,0.166061,pearsons_r,-2,sewage,-2
icu,378.0,0.721703,0.414382,0.579056,0.047695,0.41566,0.415403,0.218392,pearsons_r,-10,icu,-10
hospital,378.0,0.876936,0.587858,0.775688,0.025056,0.350885,0.348499,0.15829,pearsons_r,-8,hospital,-8
case-counts,378.0,0.613162,0.844786,0.956247,0.444138,0.318193,0.308558,0.666437,spearman,-1,case-counts,-1
municipal-case-counts,378.0,0.791934,0.844362,0.955123,0.182521,0.531605,0.523392,0.427225,spearman,-3,municipal-case-counts,-3
ggd-positive-tests,378.0,0.503217,0.823942,0.945859,1.087599,0.193355,0.185727,1.04288,spearman,-2,ggd-positive-tests,-2
nursing-homes,377.0,0.843029,0.577845,0.777651,0.031148,0.697006,0.67911,0.176489,pearsons_r,-7,nursing-homes,-7
combined,168,0.971363,0.879555,0.978074,0.003946,0.93265,0.927217,0.062819,,0,"case-counts, ggd-positive-tests, municipal-case-counts, nursing-homes",
