,N,pearsons_r,kendall,spearman,mse,explained_variance_score,r2,rmse,shift_corr_metric,shift,uses,delay_days
sewage,418.0,0.74217,0.581474,0.770466,0.016724,0.516012,0.48378,0.129323,spearman,-2,sewage,-2
icu,418.0,0.492408,0.392137,0.550735,0.029024,0.005376,0.003885,0.170363,spearman,-8,icu,-8
hospital,418.0,0.767536,0.611358,0.795464,0.011555,0.270472,0.266351,0.107494,spearman,-4,hospital,-4
case-counts,418.0,0.959665,0.842731,0.96491,0.003876,0.905792,0.902937,0.062259,spearman,0,case-counts,0
municipal-case-counts,418.0,0.95085,0.829363,0.959808,0.003957,0.896594,0.894267,0.062904,spearman,-2,municipal-case-counts,-2
ggd-positive-tests,418.0,0.958554,0.838811,0.963304,0.004026,0.902242,0.900796,0.063453,spearman,0,ggd-positive-tests,0
nursing-homes,418.0,0.81312,0.622978,0.822958,0.019149,0.654612,0.632646,0.13838,spearman,-4,nursing-homes,-4
combined,333,0.962569,0.849156,0.967766,0.003716,0.909212,0.905074,0.060958,,0,"case-counts, ggd-positive-tests, municipal-case-counts, nursing-homes",
