,N,pearsons_r,kendall,spearman,mse,explained_variance_score,r2,rmse,shift_corr_metric,shift,uses,delay_days
sewage,387.0,0.750336,0.592487,0.782059,0.016778,0.534853,0.511189,0.129532,spearman,-2,sewage,-2
icu,387.0,0.499746,0.402999,0.567318,0.029581,0.019933,0.019848,0.171992,spearman,-9,icu,-9
hospital,387.0,0.770368,0.611224,0.797519,0.011787,0.298208,0.296925,0.108566,spearman,-4,hospital,-4
case-counts,387.0,0.961443,0.845679,0.965877,0.004029,0.907417,0.903782,0.063477,spearman,0,case-counts,0
municipal-case-counts,387.0,0.954094,0.838575,0.962819,0.003972,0.901365,0.898568,0.063023,spearman,-2,municipal-case-counts,-2
ggd-positive-tests,387.0,0.961444,0.847337,0.966437,0.004061,0.906385,0.903938,0.063724,spearman,0,ggd-positive-tests,0
nursing-homes,386.0,0.814806,0.611863,0.818537,0.018893,0.658449,0.640933,0.13745,spearman,-5,nursing-homes,-5
combined,302,0.966007,0.861318,0.972928,0.003781,0.914174,0.909109,0.06149,,0,"case-counts, ggd-positive-tests, municipal-case-counts, nursing-homes",
