,N,pearsons_r,kendall,spearman,mse,explained_variance_score,r2,rmse,shift_corr_metric,shift,uses,delay_days
sewage,355.0,0.74017,0.579101,0.771586,0.018166,0.512129,0.486633,0.134781,spearman,-2,sewage,-2
icu,355.0,0.481083,0.384222,0.541903,0.031447,-0.046731,-0.046892,0.177332,spearman,-9,icu,-9
hospital,355.0,0.779667,0.612781,0.79648,0.012072,0.258523,0.257552,0.109874,spearman,-4,hospital,-4
case-counts,355.0,0.965884,0.85401,0.969101,0.003593,0.918714,0.915708,0.059938,spearman,0,case-counts,0
municipal-case-counts,355.0,0.957719,0.844888,0.964858,0.003653,0.910715,0.908019,0.060444,spearman,-2,municipal-case-counts,-2
ggd-positive-tests,355.0,0.96591,0.855523,0.969643,0.003608,0.917976,0.915985,0.060069,spearman,0,ggd-positive-tests,0
nursing-homes,351.0,0.818565,0.619949,0.823077,0.018438,0.667127,0.645116,0.135787,spearman,-5,nursing-homes,-5
combined,270,0.970421,0.86911,0.976063,0.003303,0.927154,0.922377,0.057474,,0,"case-counts, ggd-positive-tests, municipal-case-counts, nursing-homes",
