,N,pearsons_r,kendall,spearman,mse,explained_variance_score,r2,rmse,shift_corr_metric,shift,uses,delay_days
sewage,238.0,0.831623,0.452446,0.625525,0.037205,0.656729,0.65654,0.192887,pearsons_r,-2,sewage,-2
icu,238.0,0.76647,0.416891,0.555408,0.051574,0.511296,0.501068,0.2271,pearsons_r,-10,icu,-10
hospital,238.0,0.887736,0.573275,0.745072,0.030934,0.409191,0.377713,0.175882,pearsons_r,-9,hospital,-9
case-counts,238.0,0.59723,0.838898,0.950069,0.696971,0.291219,0.276997,0.834848,spearman,-1,case-counts,-1
municipal-case-counts,238.0,0.70717,0.853992,0.960234,0.323913,0.432859,0.421596,0.569134,spearman,-4,municipal-case-counts,-4
ggd-positive-tests,238.0,0.493653,0.83203,0.944805,1.715936,0.176181,0.16489,1.309938,spearman,-2,ggd-positive-tests,-2
nursing-homes,237.0,0.83323,0.540622,0.738197,0.039857,0.675632,0.667736,0.199642,pearsons_r,-7,nursing-homes,-7
combined,28,0.94922,0.891631,0.972456,0.001353,0.891171,0.865722,0.036789,,0,"case-counts, ggd-positive-tests, municipal-case-counts, nursing-homes",
