,N,pearsons_r,kendall,spearman,mse,explained_variance_score,r2,rmse,shift_corr_metric,shift,uses,delay_days
sewage,367.0,0.848636,0.535662,0.715535,0.027245,0.683705,0.672448,0.165061,pearsons_r,-2,sewage,-2
icu,367.0,0.736249,0.423578,0.587434,0.045868,0.449573,0.447763,0.214169,pearsons_r,-10,icu,-10
hospital,367.0,0.881145,0.591098,0.774855,0.024482,0.377522,0.376843,0.156466,pearsons_r,-8,hospital,-8
case-counts,367.0,0.613244,0.840524,0.953678,0.457218,0.316485,0.306963,0.676179,spearman,-1,case-counts,-1
municipal-case-counts,367.0,0.791671,0.842414,0.953341,0.187538,0.529007,0.521286,0.433057,spearman,-3,municipal-case-counts,-3
ggd-positive-tests,367.0,0.503496,0.823419,0.94431,1.119627,0.192176,0.184809,1.058124,spearman,-2,ggd-positive-tests,-2
nursing-homes,365.0,0.84431,0.576748,0.769855,0.031583,0.700601,0.680582,0.177716,pearsons_r,-7,nursing-homes,-7
combined,157,0.969772,0.882899,0.978816,0.003527,0.930619,0.926959,0.059388,,0,"case-counts, ggd-positive-tests, municipal-case-counts, nursing-homes",
