,N,pearsons_r,kendall,spearman,mse,explained_variance_score,r2,rmse,shift_corr_metric,shift,uses,delay_days
sewage,453.0,0.719171,0.56385,0.756731,0.018905,0.492658,0.458463,0.137495,spearman,-2,sewage,-2
icu,453.0,0.465214,0.385475,0.543315,0.030905,-0.002474,-0.004749,0.175797,spearman,-9,icu,-9
hospital,453.0,0.770457,0.616166,0.79977,0.011007,0.286744,0.279018,0.104916,spearman,-4,hospital,-4
case-counts,453.0,0.959204,0.841455,0.963476,0.003574,0.907131,0.904596,0.059786,spearman,-1,case-counts,-1
municipal-case-counts,453.0,0.952398,0.834852,0.961725,0.003589,0.900434,0.898332,0.059907,spearman,-3,municipal-case-counts,-3
ggd-positive-tests,453.0,0.957754,0.835091,0.958687,0.003849,0.901145,0.900811,0.062044,spearman,-1,ggd-positive-tests,-1
nursing-homes,453.0,0.804341,0.619361,0.818076,0.019497,0.64027,0.619926,0.139632,spearman,-4,nursing-homes,-4
combined,368,0.96507,0.850176,0.967233,0.003065,0.916437,0.914344,0.055362,,0,"case-counts, ggd-positive-tests, municipal-case-counts, nursing-homes",
