,N,pearsons_r,kendall,spearman,mse,explained_variance_score,r2,rmse,shift_corr_metric,shift,uses,delay_days
sewage,189.0,0.864642,0.502083,0.694365,0.03622,0.723594,0.720057,0.190316,pearsons_r,-2,sewage,-2
icu,189.0,0.825145,0.554934,0.740689,0.044937,0.625742,0.624664,0.211984,pearsons_r,-10,icu,-10
hospital,189.0,0.923736,0.643246,0.827813,0.028465,0.536339,0.532239,0.168714,pearsons_r,-9,hospital,-9
case-counts,189.0,0.688033,0.83385,0.934229,0.822611,0.345918,0.329932,0.906979,spearman,0,case-counts,0
municipal-case-counts,189.0,0.706297,0.833395,0.947364,0.409232,0.427408,0.413645,0.639712,spearman,-4,municipal-case-counts,-4
nursing-homes,189.0,0.79291,0.48924,0.649149,0.061598,0.596045,0.565867,0.24819,pearsons_r,-7,nursing-homes,-7
combined,189,0.958328,0.783386,0.932995,0.011681,0.891465,0.890591,0.108078,,0,"case-counts, hospital, icu, municipal-case-counts, nursing-homes, sewage",
