,N,pearsons_r,kendall,spearman,mse,explained_variance_score,r2,rmse,shift_corr_metric,shift,uses,delay_days
sewage,196.0,0.864662,0.491094,0.683566,0.035327,0.722629,0.718687,0.187954,pearsons_r,-2,sewage,-2
icu,196.0,0.824956,0.553339,0.73825,0.043959,0.625874,0.624887,0.209664,pearsons_r,-10,icu,-10
hospital,196.0,0.919924,0.649719,0.830033,0.028715,0.518626,0.513235,0.169454,pearsons_r,-9,hospital,-9
case-counts,196.0,0.687233,0.831171,0.933278,0.794638,0.346442,0.331342,0.891425,spearman,0,case-counts,0
municipal-case-counts,196.0,0.705759,0.835398,0.947256,0.395373,0.427957,0.414907,0.628787,spearman,-4,municipal-case-counts,-4
nursing-homes,196.0,0.788046,0.492785,0.654559,0.061905,0.595424,0.576492,0.248807,pearsons_r,-7,nursing-homes,-7
combined,196,0.957838,0.782981,0.931899,0.011454,0.891285,0.890707,0.107024,,0,"case-counts, hospital, icu, municipal-case-counts, nursing-homes, sewage",
