,N,pearsons_r,kendall,spearman,mse,explained_variance_score,r2,rmse,shift_corr_metric,shift,uses,delay_days
sewage,397.0,0.736951,0.590731,0.785286,0.017377,0.50937,0.48471,0.131823,spearman,-3,sewage,-3
icu,396.0,0.512083,0.412317,0.577667,0.028651,0.046909,0.046901,0.169267,spearman,-9,icu,-9
hospital,397.0,0.775639,0.613089,0.799494,0.011432,0.317152,0.314634,0.10692,spearman,-4,hospital,-4
case-counts,397.0,0.960231,0.844428,0.965528,0.004172,0.90391,0.900512,0.06459,spearman,0,case-counts,0
municipal-case-counts,397.0,0.952981,0.835739,0.96218,0.004086,0.898443,0.895645,0.063923,spearman,-2,municipal-case-counts,-2
ggd-positive-tests,397.0,0.955808,0.846766,0.96634,0.00452,0.895246,0.893535,0.067234,spearman,-1,ggd-positive-tests,-1
nursing-homes,396.0,0.823822,0.620782,0.826057,0.018305,0.670695,0.655275,0.135295,spearman,-5,nursing-homes,-5
combined,312,0.965625,0.860338,0.972292,0.0038,0.911982,0.907627,0.061643,,0,"case-counts, ggd-positive-tests, municipal-case-counts, nursing-homes",
