,N,pearsons_r,kendall,spearman,mse,explained_variance_score,r2,rmse,shift_corr_metric,shift,uses,delay_days
sewage,371.0,0.847664,0.537229,0.720046,0.027189,0.680241,0.670328,0.164892,pearsons_r,-2,sewage,-2
icu,370.0,0.724065,0.405671,0.561589,0.047832,0.423596,0.422963,0.218706,pearsons_r,-10,icu,-10
hospital,371.0,0.878347,0.58467,0.769951,0.024928,0.360166,0.358753,0.157886,pearsons_r,-8,hospital,-8
case-counts,371.0,0.612221,0.841922,0.954537,0.452255,0.31655,0.307242,0.672499,spearman,-1,case-counts,-1
municipal-case-counts,371.0,0.792103,0.843663,0.95416,0.185762,0.530334,0.522278,0.431001,spearman,-3,municipal-case-counts,-3
ggd-positive-tests,371.0,0.503312,0.823755,0.944989,1.107708,0.192646,0.18518,1.052477,spearman,-2,ggd-positive-tests,-2
nursing-homes,369.0,0.842854,0.581317,0.775088,0.032484,0.699929,0.677363,0.180234,pearsons_r,-7,nursing-homes,-7
combined,161,0.970877,0.882612,0.978965,0.003767,0.931536,0.92671,0.061377,,0,"case-counts, ggd-positive-tests, municipal-case-counts, nursing-homes",
