,N,pearsons_r,kendall,spearman,mse,explained_variance_score,r2,rmse,shift_corr_metric,shift,uses,delay_days
sewage,213.0,0.839858,0.42494,0.59449,0.038797,0.67041,0.67025,0.19697,pearsons_r,-2,sewage,-2
icu,213.0,0.792278,0.466535,0.619379,0.049374,0.559119,0.557694,0.222204,pearsons_r,-10,icu,-10
hospital,213.0,0.897364,0.584254,0.750675,0.031736,0.444677,0.426023,0.178146,pearsons_r,-8,hospital,-8
case-counts,213.0,0.684929,0.840891,0.941084,0.726351,0.348228,0.334134,0.852262,spearman,0,case-counts,0
municipal-case-counts,213.0,0.704667,0.844111,0.953069,0.364335,0.429495,0.416551,0.603602,spearman,-4,municipal-case-counts,-4
ggd-positive-tests,213.0,0.49141,0.816202,0.933299,1.922646,0.174454,0.162125,1.386595,spearman,-2,ggd-positive-tests,-2
nursing-homes,213.0,0.769024,0.45768,0.612637,0.062144,0.560852,0.553765,0.249287,pearsons_r,-8,nursing-homes,-8
combined,213,0.934918,0.798938,0.939446,0.015747,0.864027,0.863983,0.125485,,0,"case-counts, ggd-positive-tests, hospital, icu, municipal-case-counts, nursing-homes, sewage",
