,N,pearsons_r,kendall,spearman,mse,explained_variance_score,r2,rmse,shift_corr_metric,shift,uses,delay_days
sewage,343.0,0.850017,0.523921,0.70311,0.02812,0.683711,0.675396,0.167689,pearsons_r,-2,sewage,-2
icu,342.0,0.765236,0.429304,0.590879,0.041909,0.486215,0.486003,0.204717,pearsons_r,-10,icu,-10
hospital,343.0,0.89707,0.613051,0.792961,0.024307,0.39868,0.397491,0.155907,pearsons_r,-8,hospital,-8
case-counts,343.0,0.613368,0.843136,0.95396,0.489109,0.315603,0.30572,0.699363,spearman,-1,case-counts,-1
municipal-case-counts,343.0,0.792255,0.843171,0.9527,0.200654,0.52808,0.51992,0.447944,spearman,-3,municipal-case-counts,-3
ggd-positive-tests,343.0,0.503562,0.828877,0.945303,1.197596,0.191493,0.183868,1.094347,spearman,-2,ggd-positive-tests,-2
nursing-homes,341.0,0.850914,0.574164,0.769631,0.031308,0.710966,0.694228,0.176941,pearsons_r,-7,nursing-homes,-7
combined,133,0.969832,0.886619,0.979147,0.003561,0.931366,0.929001,0.059671,,0,"case-counts, ggd-positive-tests, municipal-case-counts, nursing-homes",
