,N,pearsons_r,kendall,spearman,mse,explained_variance_score,r2,rmse,shift_corr_metric,shift,uses,delay_days
sewage,467.0,0.721974,0.577216,0.77174,0.018984,0.50006,0.471869,0.137783,spearman,-3,sewage,-3
icu,467.0,0.498009,0.40282,0.561325,0.029527,0.062746,0.059196,0.171833,spearman,-8,icu,-8
hospital,467.0,0.774386,0.625825,0.810679,0.01095,0.327604,0.32018,0.104642,spearman,-5,hospital,-5
case-counts,467.0,0.96025,0.8469,0.966119,0.00361,0.907755,0.905729,0.06008,spearman,-1,case-counts,-1
municipal-case-counts,467.0,0.953832,0.840288,0.964534,0.00367,0.901088,0.899537,0.060584,spearman,-3,municipal-case-counts,-3
ggd-positive-tests,467.0,0.953269,0.836501,0.959935,0.004359,0.891322,0.89131,0.066019,spearman,-2,ggd-positive-tests,-2
nursing-homes,467.0,0.81161,0.624937,0.821682,0.019094,0.650583,0.632634,0.138182,spearman,-4,nursing-homes,-4
combined,382,0.966425,0.858054,0.969911,0.003086,0.916733,0.915354,0.055551,,0,"case-counts, ggd-positive-tests, municipal-case-counts, nursing-homes",
