,N,pearsons_r,kendall,spearman,mse,explained_variance_score,r2,rmse,shift_corr_metric,shift,uses,delay_days
sewage,516.0,0.714051,0.568257,0.763892,0.020177,0.495106,0.457513,0.142046,spearman,-3,sewage,-3
icu,516.0,0.457944,0.392721,0.548833,0.036396,0.084294,0.075631,0.190778,spearman,-8,icu,-8
hospital,516.0,0.756494,0.604616,0.795872,0.011269,0.281431,0.271285,0.106157,spearman,-6,hospital,-6
case-counts,516.0,0.957417,0.842471,0.964104,0.003438,0.905695,0.903706,0.058638,spearman,-1,case-counts,-1
municipal-case-counts,516.0,0.946749,0.824758,0.956676,0.003957,0.889124,0.886817,0.062903,spearman,-3,municipal-case-counts,-3
ggd-positive-tests,516.0,0.93787,0.803069,0.93934,0.005533,0.861936,0.861936,0.074383,spearman,-1,ggd-positive-tests,-1
nursing-homes,516.0,0.810468,0.631265,0.827114,0.017867,0.651035,0.629143,0.133667,spearman,-4,nursing-homes,-4
combined,431,0.96337,0.851541,0.967858,0.003026,0.914339,0.912275,0.055012,,0,"case-counts, ggd-positive-tests, municipal-case-counts, nursing-homes",
