,N,pearsons_r,kendall,spearman,mse,explained_variance_score,r2,rmse,shift_corr_metric,shift,uses,delay_days
sewage,481.0,0.72051,0.576266,0.771446,0.01915,0.495765,0.466897,0.138382,spearman,-3,sewage,-3
icu,481.0,0.482669,0.399225,0.559477,0.0295,0.000931,-0.001292,0.171756,spearman,-9,icu,-9
hospital,481.0,0.765281,0.613523,0.802862,0.01146,0.269795,0.263195,0.10705,spearman,-5,hospital,-5
case-counts,481.0,0.959297,0.844099,0.964803,0.003435,0.909746,0.907967,0.05861,spearman,-1,case-counts,-1
municipal-case-counts,481.0,0.952095,0.836774,0.962453,0.003613,0.900509,0.899101,0.060105,spearman,-3,municipal-case-counts,-3
ggd-positive-tests,481.0,0.951921,0.824826,0.954233,0.004512,0.889248,0.888763,0.067172,spearman,-1,ggd-positive-tests,-1
nursing-homes,481.0,0.80682,0.623511,0.820757,0.01897,0.645706,0.626646,0.137733,spearman,-4,nursing-homes,-4
combined,396,0.964486,0.851055,0.967252,0.003015,0.91772,0.915887,0.054911,,0,"case-counts, ggd-positive-tests, municipal-case-counts, nursing-homes",
