,N,pearsons_r,kendall,spearman,mse,explained_variance_score,r2,rmse,shift_corr_metric,shift,uses,delay_days
sewage,290.0,0.842997,0.498409,0.67911,0.030856,0.676023,0.672736,0.175659,pearsons_r,-2,sewage,-2
icu,290.0,0.763813,0.423773,0.575263,0.044667,0.489372,0.487368,0.211345,pearsons_r,-10,icu,-10
hospital,290.0,0.88709,0.577738,0.751678,0.027089,0.38445,0.371929,0.164587,pearsons_r,-8,hospital,-8
case-counts,290.0,0.689331,0.839948,0.948282,0.52549,0.361216,0.348816,0.724907,spearman,0,case-counts,0
municipal-case-counts,290.0,0.784045,0.829714,0.943324,0.237248,0.509221,0.498891,0.487081,spearman,-3,municipal-case-counts,-3
ggd-positive-tests,290.0,0.562914,0.830137,0.932944,1.358242,0.213776,0.204457,1.165437,spearman,-1,ggd-positive-tests,-1
nursing-homes,290.0,0.83712,0.541625,0.744503,0.035333,0.680438,0.660341,0.18797,pearsons_r,-7,nursing-homes,-7
combined,80,0.960008,0.867435,0.965784,0.004631,0.912243,0.899994,0.068054,,0,"case-counts, ggd-positive-tests, municipal-case-counts, nursing-homes",
