,N,pearsons_r,kendall,spearman,mse,explained_variance_score,r2,rmse,shift_corr_metric,shift,uses,delay_days
sewage,213.0,0.839858,0.42494,0.59449,0.038797,0.67041,0.67025,0.19697,pearsons_r,-2,sewage,-2
icu,213.0,0.791544,0.466088,0.618346,0.049567,0.557803,0.556339,0.222637,pearsons_r,-10,icu,-10
hospital,213.0,0.896234,0.581391,0.747868,0.031919,0.442565,0.423529,0.178659,pearsons_r,-8,hospital,-8
case-counts,213.0,0.684929,0.840891,0.941084,0.726351,0.348228,0.334134,0.852262,spearman,0,case-counts,0
municipal-case-counts,213.0,0.704667,0.844111,0.953069,0.364335,0.429495,0.416551,0.603602,spearman,-4,municipal-case-counts,-4
ggd-positive-tests,213.0,0.49141,0.816202,0.933299,1.922646,0.174454,0.162125,1.386595,spearman,-2,ggd-positive-tests,-2
nursing-homes,213.0,0.769024,0.45768,0.612637,0.062144,0.560852,0.553765,0.249287,pearsons_r,-8,nursing-homes,-8
combined,213,0.934876,0.798222,0.939046,0.015757,0.863951,0.863905,0.125528,,0,"case-counts, ggd-positive-tests, hospital, icu, municipal-case-counts, nursing-homes, sewage",
