,N,pearsons_r,kendall,spearman,mse,explained_variance_score,r2,rmse,shift_corr_metric,shift,uses,delay_days
sewage,408.0,0.74503,0.582986,0.772915,0.016823,0.522803,0.490412,0.129705,spearman,-2,sewage,-2
icu,408.0,0.496849,0.395379,0.552509,0.029313,0.022074,0.020953,0.171209,spearman,-8,icu,-8
hospital,408.0,0.771172,0.611106,0.795565,0.011508,0.29244,0.288588,0.107275,spearman,-4,hospital,-4
case-counts,408.0,0.58541,0.422723,0.521309,0.019867,-0.650236,-0.761248,0.14095,pearsons_r,0,case-counts,0
municipal-case-counts,408.0,0.950776,0.828328,0.959408,0.004093,0.895516,0.893041,0.06398,spearman,-2,municipal-case-counts,-2
ggd-positive-tests,408.0,0.958615,0.83804,0.963186,0.004189,0.900914,0.899162,0.064719,spearman,0,ggd-positive-tests,0
nursing-homes,407.0,0.820075,0.619674,0.823938,0.018365,0.665218,0.649541,0.135518,spearman,-5,nursing-homes,-5
combined,323,0.959203,0.827699,0.957945,0.00289,0.9194,0.90793,0.053756,,0,"case-counts, ggd-positive-tests, municipal-case-counts, nursing-homes",
