,N,pearsons_r,kendall,spearman,mse,explained_variance_score,r2,rmse,shift_corr_metric,shift,uses,delay_days
sewage,297.0,0.843628,0.50146,0.682945,0.030427,0.676199,0.672196,0.174434,pearsons_r,-2,sewage,-2
icu,297.0,0.763406,0.425565,0.57919,0.04434,0.48967,0.487932,0.21057,pearsons_r,-10,icu,-10
hospital,297.0,0.887898,0.582197,0.757218,0.026622,0.386226,0.376214,0.163163,pearsons_r,-8,hospital,-8
case-counts,297.0,0.690445,0.840765,0.948286,0.5135,0.363145,0.351185,0.716589,spearman,0,case-counts,0
municipal-case-counts,297.0,0.7854,0.830309,0.943849,0.231693,0.511651,0.501863,0.481345,spearman,-3,municipal-case-counts,-3
ggd-positive-tests,297.0,0.563678,0.830585,0.933124,1.32631,0.21508,0.206021,1.151655,spearman,-1,ggd-positive-tests,-1
nursing-homes,297.0,0.839522,0.548448,0.750278,0.034619,0.68653,0.66736,0.186061,pearsons_r,-7,nursing-homes,-7
combined,87,0.96292,0.857974,0.965141,0.004467,0.9162,0.907754,0.066838,,0,"case-counts, ggd-positive-tests, municipal-case-counts, nursing-homes",
