,N,pearsons_r,kendall,spearman,mse,explained_variance_score,r2,rmse,shift_corr_metric,shift,uses
sewage,182.0,0.86631,0.519433,0.714466,3894.311455,0.031849,-8.719697,62.404419,pearsons_r,-2,sewage
icu,182.0,0.822502,0.539289,0.729201,3842.161129,0.031654,-9.531775,61.985169,pearsons_r,-10,icu
hospital,182.0,0.927628,0.631826,0.820785,3499.349124,0.050395,-18.231804,59.155297,pearsons_r,-9,hospital
case-counts,182.0,0.688163,0.833446,0.934958,8148.026304,0.008283,-1.151958,90.266418,spearman,0,case-counts
municipal-case-counts,182.0,0.705816,0.829279,0.94669,6218.478917,0.011262,-1.893908,78.857333,spearman,-4,municipal-case-counts
nursing-homes,182.0,0.79186,0.473471,0.631613,4286.87235,0.028298,-9.123366,65.474211,pearsons_r,-7,nursing-homes
combined,182,0.958362,0.772654,0.926974,3787.533642,0.039105,-10.645347,61.542941,,0,"case-counts, hospital, icu, municipal-case-counts, nursing-homes, sewage"
