,N,pearsons_r,kendall,spearman,mse,explained_variance_score,r2,rmse,shift_corr_metric,shift,uses,delay_days
sewage,408.0,0.74503,0.582986,0.772915,0.016823,0.522803,0.490412,0.129705,spearman,-2,sewage,-2
icu,408.0,0.499282,0.395573,0.55486,0.029041,0.023096,0.0222,0.170414,spearman,-8,icu,-8
hospital,408.0,0.771141,0.611697,0.795753,0.011512,0.291873,0.287881,0.107293,spearman,-4,hospital,-4
case-counts,408.0,0.958679,0.837502,0.962914,0.004106,0.902696,0.899606,0.06408,spearman,0,case-counts,0
municipal-case-counts,408.0,0.950776,0.828328,0.959408,0.004093,0.895516,0.893041,0.06398,spearman,-2,municipal-case-counts,-2
ggd-positive-tests,408.0,0.958615,0.83804,0.963186,0.004189,0.900914,0.899162,0.064719,spearman,0,ggd-positive-tests,0
nursing-homes,407.0,0.820075,0.619674,0.823938,0.018365,0.665218,0.649541,0.135518,spearman,-5,nursing-homes,-5
combined,323,0.962051,0.847945,0.967684,0.003917,0.906632,0.902584,0.062588,,0,"case-counts, ggd-positive-tests, municipal-case-counts, nursing-homes",
