,N,pearsons_r,kendall,spearman,mse,explained_variance_score,r2,rmse,shift_corr_metric,shift,uses,delay_days
sewage,385.0,0.84638,0.547098,0.731847,0.026933,0.679248,0.66941,0.164113,pearsons_r,-2,sewage,-2
icu,384.0,0.716993,0.409076,0.57256,0.047948,0.406849,0.406823,0.21897,pearsons_r,-10,icu,-10
hospital,385.0,0.877052,0.587816,0.773935,0.024594,0.35914,0.356115,0.156826,pearsons_r,-8,hospital,-8
case-counts,385.0,0.613069,0.845535,0.95711,0.436142,0.3184,0.308691,0.66041,spearman,-1,case-counts,-1
municipal-case-counts,385.0,0.791489,0.84469,0.955525,0.17925,0.531639,0.523427,0.423379,spearman,-3,municipal-case-counts,-3
ggd-positive-tests,385.0,0.502654,0.824191,0.946547,1.067927,0.193277,0.185701,1.033405,spearman,-2,ggd-positive-tests,-2
nursing-homes,384.0,0.844278,0.584107,0.785199,0.031038,0.700709,0.679473,0.176177,pearsons_r,-7,nursing-homes,-7
combined,175,0.970712,0.875574,0.976567,0.003979,0.931772,0.925551,0.063083,,0,"case-counts, ggd-positive-tests, municipal-case-counts, nursing-homes",
