,N,pearsons_r,kendall,spearman,mse,explained_variance_score,r2,rmse,shift_corr_metric,shift,uses,delay_days
sewage,199.0,0.864873,0.487823,0.680122,0.034871,0.722816,0.718844,0.186739,pearsons_r,-2,sewage,-2
icu,199.0,0.822896,0.544014,0.726687,0.044013,0.621043,0.619594,0.209793,pearsons_r,-10,icu,-10
hospital,199.0,0.920062,0.643783,0.819195,0.028413,0.515264,0.510916,0.168562,pearsons_r,-8,hospital,-8
case-counts,199.0,0.687962,0.831529,0.932925,0.777916,0.347863,0.332972,0.881995,spearman,0,case-counts,0
municipal-case-counts,199.0,0.705816,0.833888,0.946495,0.389478,0.428381,0.41544,0.624082,spearman,-4,municipal-case-counts,-4
nursing-homes,199.0,0.787565,0.496436,0.657779,0.061481,0.595975,0.578919,0.247953,pearsons_r,-7,nursing-homes,-7
combined,199,0.956484,0.781593,0.928664,0.011597,0.889874,0.889136,0.10769,,0,"case-counts, hospital, icu, municipal-case-counts, nursing-homes, sewage",
