,N,pearsons_r,kendall,spearman,mse,explained_variance_score,r2,rmse,shift_corr_metric,shift,uses,delay_days
sewage,283.0,0.841268,0.49927,0.676956,0.03186,0.676534,0.673467,0.178493,pearsons_r,-2,sewage,-2
icu,283.0,0.758466,0.406179,0.55539,0.046361,0.479848,0.477535,0.215315,pearsons_r,-10,icu,-10
hospital,283.0,0.884893,0.55929,0.734027,0.027904,0.364961,0.352611,0.167045,pearsons_r,-8,hospital,-8
case-counts,283.0,0.687932,0.838952,0.948124,0.538425,0.359278,0.346317,0.733775,spearman,0,case-counts,0
municipal-case-counts,283.0,0.782962,0.827486,0.942227,0.243075,0.507198,0.496414,0.493026,spearman,-3,municipal-case-counts,-3
ggd-positive-tests,283.0,0.561938,0.828194,0.9323,1.391804,0.21253,0.202874,1.179747,spearman,-1,ggd-positive-tests,-1
nursing-homes,283.0,0.835614,0.53971,0.741153,0.035939,0.676364,0.656091,0.189577,pearsons_r,-7,nursing-homes,-7
combined,73,0.955057,0.860979,0.958871,0.004933,0.905144,0.888372,0.070238,,0,"case-counts, ggd-positive-tests, municipal-case-counts, nursing-homes",
