,N,pearsons_r,kendall,spearman,mse,explained_variance_score,r2,rmse,shift_corr_metric,shift,uses,delay_days
sewage,359.0,0.741518,0.58162,0.773961,0.017951,0.512116,0.487745,0.13398,spearman,-2,sewage,-2
icu,359.0,0.493739,0.390948,0.549992,0.03078,-0.022398,-0.022562,0.175442,spearman,-8,icu,-8
hospital,359.0,0.770584,0.608217,0.794109,0.012509,0.252379,0.251641,0.111845,spearman,-4,hospital,-4
case-counts,359.0,0.9655,0.85175,0.968205,0.00361,0.918479,0.915311,0.060087,spearman,0,case-counts,0
municipal-case-counts,359.0,0.957164,0.842075,0.963527,0.003788,0.909138,0.905849,0.061545,spearman,-2,municipal-case-counts,-2
ggd-positive-tests,359.0,0.964657,0.851709,0.968048,0.003827,0.914793,0.912185,0.061865,spearman,0,ggd-positive-tests,0
nursing-homes,358.0,0.818077,0.617991,0.822787,0.01907,0.665902,0.641408,0.138096,spearman,-5,nursing-homes,-5
combined,274,0.970129,0.867655,0.975718,0.003475,0.925734,0.919918,0.058951,,0,"case-counts, ggd-positive-tests, municipal-case-counts, nursing-homes",
