,N,pearsons_r,kendall,spearman,mse,explained_variance_score,r2,rmse,shift_corr_metric,shift,uses,delay_days
sewage,220.0,0.834195,0.42003,0.590047,0.039128,0.656836,0.656815,0.197808,pearsons_r,-2,sewage,-2
icu,220.0,0.771816,0.4176,0.554695,0.05364,0.518158,0.512528,0.231602,pearsons_r,-10,icu,-10
hospital,220.0,0.887142,0.565432,0.730524,0.033193,0.401583,0.378139,0.18219,pearsons_r,-9,hospital,-9
case-counts,220.0,0.683352,0.841737,0.943082,0.704652,0.348162,0.334156,0.839435,spearman,0,case-counts,0
municipal-case-counts,220.0,0.702491,0.844418,0.954617,0.35292,0.428704,0.41656,0.594071,spearman,-4,municipal-case-counts,-4
ggd-positive-tests,220.0,0.489261,0.819863,0.936657,1.861517,0.174078,0.162209,1.364374,spearman,-2,ggd-positive-tests,-2
nursing-homes,220.0,0.776949,0.483387,0.642318,0.058856,0.574707,0.565076,0.242603,pearsons_r,-8,nursing-homes,-8
combined,10,0.868221,0.6742,0.826752,0.003622,0.709438,0.703123,0.060184,,0,"case-counts, ggd-positive-tests, municipal-case-counts, nursing-homes",
