,N,pearsons_r,kendall,spearman,mse,explained_variance_score,r2,rmse,shift_corr_metric,shift,uses
sewage,182.0,0.86631,0.51951,0.71447,4.150162,0.507355,-3.178822,2.037195,pearsons_r,-2,sewage
icu,182.0,0.822502,0.539289,0.729201,4.093537,0.490424,-3.526803,2.023249,pearsons_r,-10,icu
hospital,182.0,0.927628,0.631826,0.820785,3.499573,0.720763,-6.75916,1.870715,pearsons_r,-9,hospital
case-counts,182.0,0.688163,0.833446,0.934958,13.086142,0.152356,-0.394312,3.617477,spearman,0,case-counts
municipal-case-counts,182.0,0.705816,0.829279,0.94669,8.878705,0.201525,-0.666929,2.979716,spearman,-4,municipal-case-counts
nursing-homes,182.0,0.79186,0.473471,0.631613,4.847014,0.443149,-3.617698,2.201593,pearsons_r,-7,nursing-homes
combined,182,0.958362,0.772654,0.926974,3.914872,0.622388,-3.856018,1.978603,,0,"case-counts, hospital, icu, municipal-case-counts, nursing-homes, sewage"
