,N,pearsons_r,kendall,spearman,mse,explained_variance_score,r2,rmse,shift_corr_metric,shift,uses,delay_days
sewage,359.0,0.741518,0.58162,0.773961,0.017951,0.512116,0.487745,0.13398,spearman,-2,sewage,-2
icu,359.0,0.489266,0.387715,0.54623,0.030955,-0.034981,-0.03531,0.17594,spearman,-8,icu,-8
hospital,359.0,0.774582,0.6101,0.795367,0.01234,0.252164,0.251463,0.111084,spearman,-4,hospital,-4
case-counts,359.0,0.9655,0.85175,0.968205,0.00361,0.918479,0.915311,0.060087,spearman,0,case-counts,0
municipal-case-counts,359.0,0.957164,0.842075,0.963527,0.003788,0.909138,0.905849,0.061545,spearman,-2,municipal-case-counts,-2
ggd-positive-tests,359.0,0.964657,0.851709,0.968048,0.003827,0.914793,0.912185,0.061865,spearman,0,ggd-positive-tests,0
nursing-homes,351.0,0.818488,0.620217,0.823197,0.018441,0.66707,0.645059,0.135798,spearman,-5,nursing-homes,-5
combined,274,0.969748,0.867709,0.975617,0.003492,0.925169,0.919478,0.05909,,0,"case-counts, ggd-positive-tests, municipal-case-counts, nursing-homes",
