,N,pearsons_r,kendall,spearman,mse,explained_variance_score,r2,rmse,shift_corr_metric,shift,uses,delay_days
sewage,369.0,0.745412,0.587612,0.777804,0.01731,0.519533,0.494352,0.131566,spearman,-2,sewage,-2
icu,369.0,0.483158,0.385213,0.54403,0.030909,-0.035553,-0.035595,0.17581,spearman,-8,icu,-8
hospital,369.0,0.760732,0.605347,0.791804,0.012629,0.258665,0.258203,0.112377,spearman,-4,hospital,-4
case-counts,369.0,0.963934,0.85127,0.967959,0.003819,0.914233,0.90966,0.061802,spearman,0,case-counts,0
municipal-case-counts,369.0,0.956294,0.841967,0.9636,0.003789,0.907413,0.903793,0.061554,spearman,-2,municipal-case-counts,-2
ggd-positive-tests,369.0,0.963873,0.850858,0.967851,0.003849,0.913038,0.909907,0.062041,spearman,0,ggd-positive-tests,0
nursing-homes,351.0,0.818244,0.61888,0.822866,0.01847,0.666553,0.644505,0.135904,spearman,-5,nursing-homes,-5
combined,284,0.968363,0.867434,0.975531,0.003601,0.922143,0.915284,0.060006,,0,"case-counts, ggd-positive-tests, municipal-case-counts, nursing-homes",
