,N,pearsons_r,kendall,spearman,mse,explained_variance_score,r2,rmse,shift_corr_metric,shift,uses,delay_days
sewage,203.0,0.864518,0.484864,0.675258,0.03436,0.721891,0.718397,0.185364,pearsons_r,-2,sewage,-2
icu,203.0,0.82402,0.54674,0.728983,0.04307,0.62558,0.625348,0.207534,pearsons_r,-10,icu,-10
hospital,203.0,0.918882,0.640442,0.814454,0.028161,0.516899,0.510813,0.167812,pearsons_r,-8,hospital,-8
case-counts,203.0,0.687538,0.831983,0.933712,0.762708,0.348035,0.333472,0.873332,spearman,0,case-counts,0
municipal-case-counts,203.0,0.705184,0.833954,0.946739,0.382006,0.428319,0.415418,0.618066,spearman,-4,municipal-case-counts,-4
nursing-homes,203.0,0.787419,0.496983,0.657738,0.060557,0.595483,0.578309,0.246083,pearsons_r,-7,nursing-homes,-7
combined,203,0.955946,0.779172,0.926923,0.011526,0.888596,0.888081,0.107361,,0,"case-counts, hospital, icu, municipal-case-counts, nursing-homes, sewage",
