,N,pearsons_r,kendall,spearman,mse,explained_variance_score,r2,rmse,shift_corr_metric,shift,uses,delay_days
sewage,248.0,0.837735,0.465805,0.641752,0.034666,0.66894,0.668318,0.186188,pearsons_r,-2,sewage,-2
icu,248.0,0.772077,0.431362,0.574873,0.048424,0.522574,0.514388,0.220054,pearsons_r,-10,icu,-10
hospital,248.0,0.892251,0.57763,0.758655,0.028844,0.424141,0.400279,0.169837,pearsons_r,-9,hospital,-9
case-counts,248.0,0.685603,0.83928,0.946547,0.614192,0.352047,0.337727,0.783704,spearman,0,case-counts,0
municipal-case-counts,248.0,0.70223,0.84389,0.957028,0.313856,0.429028,0.416838,0.560229,spearman,-4,municipal-case-counts,-4
ggd-positive-tests,248.0,0.489299,0.813925,0.938211,1.652552,0.174438,0.163408,1.285516,spearman,-2,ggd-positive-tests,-2
nursing-homes,247.0,0.83614,0.557398,0.753709,0.03843,0.681608,0.668801,0.196035,pearsons_r,-7,nursing-homes,-7
combined,38,0.968326,0.900908,0.976067,0.002027,0.936938,0.88961,0.04502,,0,"case-counts, ggd-positive-tests, municipal-case-counts, nursing-homes",
