,N,pearsons_r,kendall,spearman,mse,explained_variance_score,r2,rmse,shift_corr_metric,shift,uses,delay_days
sewage,203.0,0.864756,0.488017,0.677959,0.034305,0.722206,0.718557,0.185215,pearsons_r,-2,sewage,-2
icu,202.0,0.824648,0.552778,0.735539,0.043098,0.626226,0.625874,0.207601,pearsons_r,-10,icu,-10
hospital,203.0,0.919495,0.642807,0.823504,0.028157,0.5132,0.507724,0.167799,pearsons_r,-9,hospital,-9
case-counts,203.0,0.687528,0.831097,0.933188,0.762693,0.348022,0.333517,0.873323,spearman,0,case-counts,0
municipal-case-counts,203.0,0.705175,0.833264,0.946504,0.382015,0.428314,0.415389,0.618073,spearman,-4,municipal-case-counts,-4
nursing-homes,201.0,0.785698,0.489963,0.653177,0.061668,0.593628,0.578705,0.24833,pearsons_r,-7,nursing-homes,-7
combined,203,0.957282,0.781142,0.929668,0.011301,0.889396,0.88893,0.106308,,0,"case-counts, hospital, icu, municipal-case-counts, nursing-homes, sewage",
