,N,pearsons_r,kendall,spearman,mse,explained_variance_score,r2,rmse,shift_corr_metric,shift,uses,delay_days
sewage,401.0,0.735157,0.58714,0.780806,0.017403,0.505791,0.479444,0.131922,spearman,-3,sewage,-3
icu,401.0,0.514275,0.408634,0.572278,0.028135,0.047149,0.046991,0.167735,spearman,-8,icu,-8
hospital,401.0,0.774334,0.610718,0.796515,0.011415,0.313861,0.310906,0.106843,spearman,-4,hospital,-4
case-counts,401.0,0.95953,0.840662,0.964083,0.004174,0.902865,0.899651,0.064608,spearman,0,case-counts,0
municipal-case-counts,401.0,0.952251,0.832749,0.961146,0.004101,0.897233,0.894486,0.064037,spearman,-2,municipal-case-counts,-2
ggd-positive-tests,401.0,0.955148,0.843149,0.964828,0.004522,0.894314,0.892599,0.067245,spearman,-1,ggd-positive-tests,-1
nursing-homes,400.0,0.823962,0.622727,0.826694,0.018312,0.67017,0.656037,0.135321,spearman,-5,nursing-homes,-5
combined,316,0.96469,0.855391,0.970206,0.003829,0.910238,0.906075,0.061879,,0,"case-counts, ggd-positive-tests, municipal-case-counts, nursing-homes",
