,N,pearsons_r,kendall,spearman,mse,explained_variance_score,r2,rmse,shift_corr_metric,shift,uses,delay_days
sewage,339.0,0.849845,0.526301,0.706247,0.028421,0.683287,0.675177,0.168586,pearsons_r,-2,sewage,-2
icu,339.0,0.768645,0.433595,0.5933,0.041306,0.485329,0.485328,0.203238,pearsons_r,-10,icu,-10
hospital,339.0,0.896778,0.610652,0.791208,0.024653,0.393731,0.392688,0.157011,pearsons_r,-8,hospital,-8
case-counts,339.0,0.612937,0.843421,0.954066,0.49487,0.315228,0.305194,0.70347,spearman,-1,case-counts,-1
municipal-case-counts,339.0,0.79205,0.843808,0.952776,0.203008,0.52779,0.51957,0.450564,spearman,-3,municipal-case-counts,-3
ggd-positive-tests,339.0,0.503256,0.829526,0.945649,1.211717,0.19127,0.183581,1.10078,spearman,-2,ggd-positive-tests,-2
nursing-homes,337.0,0.851921,0.57848,0.774057,0.031356,0.713039,0.697432,0.177075,pearsons_r,-7,nursing-homes,-7
combined,129,0.970361,0.890921,0.979594,0.003612,0.932359,0.930144,0.060103,,0,"case-counts, ggd-positive-tests, municipal-case-counts, nursing-homes",
