,N,pearsons_r,kendall,spearman,mse,explained_variance_score,r2,rmse,shift_corr_metric,shift,uses,delay_days
sewage,427.0,0.835345,0.539748,0.725666,0.027149,0.667531,0.657378,0.164769,pearsons_r,-2,sewage,-2
icu,426.0,0.711835,0.396888,0.553881,0.045352,0.404926,0.403544,0.21296,pearsons_r,-10,icu,-10
hospital,427.0,0.884029,0.621201,0.802865,0.021434,0.406838,0.405661,0.146402,pearsons_r,-8,hospital,-8
case-counts,304.0,0.9653,0.866286,0.971392,0.003915,0.918173,0.915504,0.062572,spearman,-1,case-counts,-1
municipal-case-counts,427.0,0.79375,0.848442,0.956801,0.16186,0.53485,0.527912,0.402319,spearman,-3,municipal-case-counts,-3
ggd-positive-tests,427.0,0.505846,0.828957,0.948373,0.963144,0.195767,0.189293,0.981399,spearman,-2,ggd-positive-tests,-2
nursing-homes,425.0,0.843117,0.587811,0.784327,0.029579,0.701572,0.677304,0.171985,pearsons_r,-7,nursing-homes,-7
combined,217,0.967075,0.880201,0.978179,0.004018,0.920323,0.915862,0.063384,,0,"case-counts, ggd-positive-tests, municipal-case-counts, nursing-homes",
