,N,pearsons_r,kendall,spearman,mse,explained_variance_score,r2,rmse,shift_corr_metric,shift,uses,delay_days
sewage,203.0,0.864553,0.484568,0.675281,0.034352,0.721919,0.718386,0.185343,pearsons_r,-2,sewage,-2
icu,203.0,0.824982,0.552652,0.735647,0.042782,0.62642,0.626043,0.206837,pearsons_r,-10,icu,-10
hospital,203.0,0.919564,0.644186,0.817411,0.02806,0.517965,0.512013,0.167511,pearsons_r,-8,hospital,-8
case-counts,203.0,0.687547,0.831885,0.933653,0.762709,0.34804,0.333478,0.873332,spearman,0,case-counts,0
municipal-case-counts,203.0,0.70518,0.833757,0.946626,0.38201,0.428317,0.415407,0.61807,spearman,-4,municipal-case-counts,-4
nursing-homes,203.0,0.786866,0.494224,0.654832,0.060658,0.59526,0.579954,0.246289,pearsons_r,-7,nursing-homes,-7
combined,203,0.956067,0.780453,0.927662,0.011495,0.888863,0.888389,0.107212,,0,"case-counts, hospital, icu, municipal-case-counts, nursing-homes, sewage",
