,N,pearsons_r,kendall,spearman,mse,explained_variance_score,r2,rmse,shift_corr_metric,shift,uses,delay_days
sewage,252.0,0.838696,0.468011,0.643149,0.034142,0.670566,0.669804,0.184776,pearsons_r,-2,sewage,-2
icu,252.0,0.767678,0.415652,0.559081,0.048536,0.51239,0.507184,0.22031,pearsons_r,-10,icu,-10
hospital,252.0,0.893451,0.593264,0.770323,0.028129,0.441112,0.418584,0.167717,pearsons_r,-9,hospital,-9
case-counts,252.0,0.686565,0.841539,0.947253,0.60287,0.353542,0.339436,0.776447,spearman,0,case-counts,0
municipal-case-counts,252.0,0.70356,0.842305,0.956855,0.308959,0.43061,0.418826,0.555841,spearman,-4,municipal-case-counts,-4
ggd-positive-tests,252.0,0.490545,0.813734,0.938412,1.626929,0.175339,0.1646,1.275511,spearman,-2,ggd-positive-tests,-2
nursing-homes,252.0,0.838255,0.556913,0.754171,0.03753,0.685442,0.672033,0.193727,pearsons_r,-7,nursing-homes,-7
combined,42,0.976863,0.910062,0.980098,0.002021,0.947712,0.925854,0.044958,,0,"case-counts, ggd-positive-tests, municipal-case-counts, nursing-homes",
