,N,pearsons_r,kendall,spearman,mse,explained_variance_score,r2,rmse,shift_corr_metric,shift,uses,delay_days
sewage,332.0,0.850053,0.529043,0.710331,0.028965,0.682993,0.674538,0.170192,pearsons_r,-2,sewage,-2
icu,332.0,0.770603,0.448599,0.606403,0.04161,0.483502,0.483348,0.203985,pearsons_r,-10,icu,-10
hospital,332.0,0.896577,0.61722,0.797763,0.025151,0.396771,0.395231,0.158591,pearsons_r,-8,hospital,-8
case-counts,332.0,0.612534,0.839634,0.953221,0.504406,0.315089,0.304965,0.710216,spearman,-1,case-counts,-1
municipal-case-counts,332.0,0.791352,0.843228,0.952374,0.207331,0.527272,0.518817,0.455336,spearman,-3,municipal-case-counts,-3
ggd-positive-tests,332.0,0.50251,0.825812,0.94452,1.237394,0.190895,0.183129,1.112382,spearman,-2,ggd-positive-tests,-2
nursing-homes,330.0,0.853059,0.585479,0.78197,0.031832,0.71453,0.697378,0.178414,pearsons_r,-7,nursing-homes,-7
combined,122,0.967958,0.877996,0.975101,0.003979,0.929202,0.927123,0.06308,,0,"case-counts, ggd-positive-tests, municipal-case-counts, nursing-homes",
