,N,pearsons_r,kendall,spearman,mse,explained_variance_score,r2,rmse,shift_corr_metric,shift,uses,delay_days
sewage,415.0,0.743676,0.584208,0.773293,0.016753,0.5202,0.485331,0.129432,spearman,-2,sewage,-2
icu,415.0,0.491705,0.38555,0.543391,0.029369,0.017118,0.016501,0.171373,spearman,-8,icu,-8
hospital,415.0,0.769986,0.614325,0.797011,0.011412,0.285088,0.280744,0.106829,spearman,-4,hospital,-4
case-counts,415.0,0.958981,0.840968,0.964336,0.004,0.903523,0.900576,0.063242,spearman,0,case-counts,0
municipal-case-counts,415.0,0.95074,0.829584,0.959852,0.004022,0.895639,0.893232,0.063417,spearman,-2,municipal-case-counts,-2
ggd-positive-tests,415.0,0.958521,0.838887,0.963262,0.00411,0.901052,0.899435,0.06411,spearman,0,ggd-positive-tests,0
nursing-homes,414.0,0.809641,0.613051,0.818066,0.019535,0.649148,0.627233,0.139767,spearman,-5,nursing-homes,-5
combined,330,0.961929,0.849023,0.967777,0.003819,0.906916,0.902986,0.061802,,0,"case-counts, ggd-positive-tests, municipal-case-counts, nursing-homes",
