,N,pearsons_r,kendall,spearman,mse,explained_variance_score,r2,rmse,shift_corr_metric,shift,uses,delay_days
sewage,430.0,0.835816,0.540054,0.726044,0.026959,0.668471,0.658226,0.164193,pearsons_r,-2,sewage,-2
icu,430.0,0.718861,0.408458,0.569398,0.043797,0.415998,0.414741,0.209278,pearsons_r,-10,icu,-10
hospital,430.0,0.884389,0.621622,0.803179,0.021308,0.406412,0.405517,0.145974,pearsons_r,-8,hospital,-8
case-counts,307.0,0.965605,0.866621,0.971613,0.003874,0.918759,0.916127,0.062245,spearman,-1,case-counts,-1
municipal-case-counts,430.0,0.793924,0.848985,0.956908,0.160731,0.535263,0.528348,0.400912,spearman,-3,municipal-case-counts,-3
ggd-positive-tests,430.0,0.506117,0.829639,0.948543,0.956403,0.196049,0.189601,0.977959,spearman,-2,ggd-positive-tests,-2
nursing-homes,428.0,0.843818,0.58562,0.78281,0.029334,0.702598,0.677878,0.171271,pearsons_r,-7,nursing-homes,-7
combined,220,0.967504,0.879973,0.977955,0.003952,0.921086,0.916478,0.062863,,0,"case-counts, ggd-positive-tests, municipal-case-counts, nursing-homes",
