,N,pearsons_r,kendall,spearman,mse,explained_variance_score,r2,rmse,shift_corr_metric,shift,uses,delay_days
sewage,339.0,0.849845,0.526301,0.706247,0.028421,0.683287,0.675177,0.168586,pearsons_r,-2,sewage,-2
icu,339.0,0.766959,0.431217,0.591547,0.041744,0.48536,0.485313,0.204314,pearsons_r,-10,icu,-10
hospital,339.0,0.897079,0.613888,0.80019,0.024673,0.390661,0.389733,0.157075,pearsons_r,-9,hospital,-9
case-counts,339.0,0.612937,0.843421,0.954066,0.49487,0.315228,0.305194,0.70347,spearman,-1,case-counts,-1
municipal-case-counts,339.0,0.79205,0.843808,0.952776,0.203008,0.52779,0.51957,0.450564,spearman,-3,municipal-case-counts,-3
ggd-positive-tests,339.0,0.503256,0.829526,0.945649,1.211717,0.19127,0.183581,1.10078,spearman,-2,ggd-positive-tests,-2
nursing-homes,339.0,0.851582,0.577023,0.7719,0.031226,0.712721,0.698044,0.176709,pearsons_r,-7,nursing-homes,-7
combined,129,0.970029,0.889457,0.97911,0.003634,0.931883,0.929643,0.06028,,0,"case-counts, ggd-positive-tests, municipal-case-counts, nursing-homes",
