,N,pearsons_r,kendall,spearman,mse,explained_variance_score,r2,rmse,shift_corr_metric,shift,uses,delay_days
sewage,446.0,0.703817,0.565768,0.757296,0.019736,0.460067,0.421957,0.140484,spearman,-3,sewage,-3
icu,446.0,0.45343,0.377805,0.530672,0.031398,-0.042531,-0.04726,0.177194,spearman,-9,icu,-9
hospital,446.0,0.770505,0.619853,0.800821,0.011195,0.258923,0.249446,0.105805,spearman,-4,hospital,-4
case-counts,446.0,0.959229,0.842602,0.964026,0.003567,0.90809,0.905155,0.059728,spearman,-1,case-counts,-1
municipal-case-counts,446.0,0.952067,0.835384,0.961548,0.003634,0.900079,0.898121,0.060284,spearman,-3,municipal-case-counts,-3
ggd-positive-tests,446.0,0.958608,0.839804,0.960975,0.003734,0.904194,0.903582,0.061108,spearman,-1,ggd-positive-tests,-1
nursing-homes,446.0,0.804905,0.62548,0.821438,0.019219,0.643228,0.615709,0.138632,spearman,-4,nursing-homes,-4
combined,361,0.965268,0.851872,0.9678,0.003037,0.918456,0.915383,0.055111,,0,"case-counts, ggd-positive-tests, municipal-case-counts, nursing-homes",
