,N,pearsons_r,kendall,spearman,mse,explained_variance_score,r2,rmse,shift_corr_metric,shift,uses,delay_days
sewage,430.0,0.835814,0.539989,0.726005,0.026961,0.66855,0.658367,0.164199,pearsons_r,-2,sewage,-2
icu,430.0,0.719585,0.410591,0.571542,0.043707,0.418052,0.416939,0.209062,pearsons_r,-10,icu,-10
hospital,430.0,0.884627,0.621185,0.802491,0.021372,0.399322,0.398698,0.146191,pearsons_r,-8,hospital,-8
case-counts,307.0,0.965475,0.865903,0.971333,0.003877,0.918665,0.915955,0.062268,spearman,-1,case-counts,-1
municipal-case-counts,430.0,0.793912,0.848897,0.956885,0.160732,0.535254,0.528334,0.400914,spearman,-3,municipal-case-counts,-3
ggd-positive-tests,430.0,0.50611,0.82953,0.948516,0.956404,0.196046,0.189595,0.977959,spearman,-2,ggd-positive-tests,-2
nursing-homes,430.0,0.844577,0.585383,0.782825,0.029091,0.703967,0.679298,0.170562,pearsons_r,-7,nursing-homes,-7
combined,220,0.967404,0.879471,0.977736,0.003956,0.921025,0.916311,0.062893,,0,"case-counts, ggd-positive-tests, municipal-case-counts, nursing-homes",
