,N,pearsons_r,kendall,spearman,mse,explained_variance_score,r2,rmse,shift_corr_metric,shift,uses,delay_days
sewage,322.0,0.848824,0.527544,0.710354,0.029848,0.67959,0.671136,0.172765,pearsons_r,-2,sewage,-2
icu,322.0,0.772361,0.453892,0.613303,0.042285,0.487882,0.487876,0.205633,pearsons_r,-10,icu,-10
hospital,322.0,0.896592,0.618183,0.798884,0.025634,0.405163,0.403088,0.160107,pearsons_r,-8,hospital,-8
case-counts,322.0,0.611316,0.84179,0.953722,0.520101,0.31377,0.303295,0.721181,spearman,-1,case-counts,-1
municipal-case-counts,322.0,0.790698,0.845064,0.952262,0.213833,0.525977,0.517431,0.462421,spearman,-3,municipal-case-counts,-3
ggd-positive-tests,322.0,0.567698,0.846934,0.942537,1.223489,0.223587,0.215621,1.106114,spearman,-1,ggd-positive-tests,-1
nursing-homes,322.0,0.853474,0.588158,0.784233,0.032319,0.714101,0.694778,0.179774,pearsons_r,-7,nursing-homes,-7
combined,112,0.96951,0.880003,0.975619,0.004233,0.93152,0.928966,0.065061,,0,"case-counts, ggd-positive-tests, municipal-case-counts, nursing-homes",
