,N,pearsons_r,kendall,spearman,mse,explained_variance_score,r2,rmse,shift_corr_metric,shift,uses,delay_days
sewage,220.0,0.834813,0.421706,0.59291,0.038976,0.658045,0.658033,0.197425,pearsons_r,-2,sewage,-2
icu,220.0,0.772847,0.423382,0.560938,0.053324,0.519713,0.514383,0.230919,pearsons_r,-10,icu,-10
hospital,220.0,0.886038,0.562247,0.726778,0.033454,0.398221,0.373231,0.182904,pearsons_r,-9,hospital,-9
case-counts,220.0,0.683497,0.840228,0.94243,0.704264,0.348317,0.334195,0.839204,spearman,0,case-counts,0
municipal-case-counts,220.0,0.702554,0.845173,0.954972,0.352879,0.428766,0.416597,0.594037,spearman,-4,municipal-case-counts,-4
ggd-positive-tests,220.0,0.48926,0.81978,0.936683,1.861521,0.174077,0.162215,1.364376,spearman,-2,ggd-positive-tests,-2
nursing-homes,220.0,0.774943,0.477353,0.636964,0.059327,0.571213,0.56242,0.243571,pearsons_r,-8,nursing-homes,-8
combined,10,0.863428,0.6742,0.826752,0.003694,0.698341,0.696248,0.060779,,0,"case-counts, ggd-positive-tests, municipal-case-counts, nursing-homes",
