,N,pearsons_r,kendall,spearman,mse,explained_variance_score,r2,rmse,shift_corr_metric,shift,uses,delay_days
sewage,304.0,0.842976,0.500928,0.683328,0.030581,0.671077,0.665127,0.174875,pearsons_r,-2,sewage,-2
icu,304.0,0.768144,0.440366,0.594375,0.043215,0.493641,0.492725,0.207883,pearsons_r,-10,icu,-10
hospital,304.0,0.890965,0.59472,0.770347,0.026239,0.390809,0.3837,0.161984,pearsons_r,-8,hospital,-8
case-counts,304.0,0.691707,0.844259,0.949554,0.501724,0.36642,0.354905,0.708325,spearman,0,case-counts,0
municipal-case-counts,304.0,0.787143,0.834238,0.946156,0.226461,0.51566,0.506487,0.47588,spearman,-3,municipal-case-counts,-3
ggd-positive-tests,304.0,0.564753,0.833538,0.935068,1.295874,0.217354,0.208678,1.138365,spearman,-1,ggd-positive-tests,-1
nursing-homes,304.0,0.842991,0.558455,0.76009,0.033971,0.693308,0.674435,0.184313,pearsons_r,-7,nursing-homes,-7
combined,94,0.966825,0.868931,0.970317,0.004295,0.924198,0.918644,0.065534,,0,"case-counts, ggd-positive-tests, municipal-case-counts, nursing-homes",
