,N,pearsons_r,kendall,spearman,mse,explained_variance_score,r2,rmse,shift_corr_metric,shift,uses,delay_days
sewage,294.0,0.844013,0.501816,0.682816,0.030472,0.678214,0.674853,0.174561,pearsons_r,-2,sewage,-2
icu,294.0,0.765038,0.435466,0.590935,0.044694,0.500336,0.497069,0.211409,pearsons_r,-10,icu,-10
hospital,294.0,0.886668,0.579457,0.75416,0.026818,0.390856,0.379102,0.163762,pearsons_r,-8,hospital,-8
case-counts,294.0,0.689886,0.839464,0.948007,0.518726,0.362153,0.349979,0.720226,spearman,0,case-counts,0
municipal-case-counts,294.0,0.784732,0.829497,0.943514,0.23401,0.510472,0.5004,0.483746,spearman,-3,municipal-case-counts,-3
ggd-positive-tests,294.0,0.563373,0.831042,0.933139,1.339784,0.21447,0.205284,1.15749,spearman,-1,ggd-positive-tests,-1
nursing-homes,294.0,0.838917,0.543988,0.747503,0.034784,0.683959,0.663415,0.186504,pearsons_r,-7,nursing-homes,-7
combined,84,0.961215,0.858313,0.964337,0.00456,0.913941,0.902968,0.067526,,0,"case-counts, ggd-positive-tests, municipal-case-counts, nursing-homes",
