,N,pearsons_r,kendall,spearman,mse,explained_variance_score,r2,rmse,shift_corr_metric,shift,uses,delay_days
sewage,290.0,0.842997,0.498409,0.67911,0.030856,0.676023,0.672736,0.175659,pearsons_r,-2,sewage,-2
icu,290.0,0.764216,0.425745,0.577628,0.044672,0.49147,0.489243,0.211358,pearsons_r,-10,icu,-10
hospital,290.0,0.887591,0.576811,0.751231,0.027062,0.381938,0.36992,0.164507,pearsons_r,-8,hospital,-8
case-counts,290.0,0.689372,0.8399,0.948355,0.525489,0.361238,0.348856,0.724906,spearman,0,case-counts,0
municipal-case-counts,290.0,0.784075,0.829753,0.943331,0.237249,0.509237,0.498924,0.487083,spearman,-3,municipal-case-counts,-3
ggd-positive-tests,290.0,0.562935,0.830089,0.932927,1.358245,0.213785,0.204472,1.165438,spearman,-1,ggd-positive-tests,-1
nursing-homes,289.0,0.837243,0.539087,0.742166,0.035353,0.679441,0.657888,0.188025,pearsons_r,-7,nursing-homes,-7
combined,80,0.95984,0.864252,0.964096,0.004641,0.912044,0.899678,0.068125,,0,"case-counts, ggd-positive-tests, municipal-case-counts, nursing-homes",
