,N,pearsons_r,kendall,spearman,mse,explained_variance_score,r2,rmse,shift_corr_metric,shift,uses,delay_days
sewage,360.0,0.848727,0.528035,0.706031,0.02739,0.682337,0.672121,0.165498,pearsons_r,-2,sewage,-2
icu,360.0,0.750245,0.423174,0.584381,0.043222,0.467117,0.466585,0.207899,pearsons_r,-10,icu,-10
hospital,360.0,0.88271,0.588877,0.770803,0.0246,0.381365,0.380748,0.156843,pearsons_r,-8,hospital,-8
case-counts,360.0,0.613349,0.840967,0.953014,0.466061,0.315969,0.306587,0.682686,spearman,-1,case-counts,-1
municipal-case-counts,360.0,0.792203,0.841217,0.95234,0.191207,0.528554,0.520843,0.437273,spearman,-3,municipal-case-counts,-3
ggd-positive-tests,360.0,0.503969,0.824187,0.943617,1.141251,0.191977,0.184705,1.068294,spearman,-2,ggd-positive-tests,-2
nursing-homes,358.0,0.845946,0.573687,0.765383,0.031273,0.702908,0.685312,0.176842,pearsons_r,-7,nursing-homes,-7
combined,150,0.968473,0.8867,0.979705,0.003436,0.928599,0.926272,0.058618,,0,"case-counts, ggd-positive-tests, municipal-case-counts, nursing-homes",
