,N,pearsons_r,kendall,spearman,mse,explained_variance_score,r2,rmse,shift_corr_metric,shift,uses,delay_days
sewage,411.0,0.743953,0.583223,0.772489,0.016781,0.521195,0.488005,0.129541,spearman,-2,sewage,-2
icu,411.0,0.495721,0.392973,0.550879,0.029079,0.019257,0.018098,0.170525,spearman,-8,icu,-8
hospital,411.0,0.769288,0.611637,0.794258,0.011485,0.287184,0.282917,0.107168,spearman,-4,hospital,-4
case-counts,411.0,0.958624,0.838686,0.963299,0.004092,0.902356,0.899217,0.063972,spearman,0,case-counts,0
municipal-case-counts,411.0,0.950601,0.828517,0.959445,0.004084,0.894955,0.892612,0.063907,spearman,-2,municipal-case-counts,-2
ggd-positive-tests,411.0,0.958303,0.83757,0.962814,0.004192,0.900072,0.898416,0.064744,spearman,0,ggd-positive-tests,0
nursing-homes,410.0,0.81787,0.62042,0.823714,0.0185,0.661956,0.643886,0.136016,spearman,-5,nursing-homes,-5
combined,326,0.961844,0.848082,0.967587,0.003906,0.906001,0.90197,0.062498,,0,"case-counts, ggd-positive-tests, municipal-case-counts, nursing-homes",
