,N,pearsons_r,kendall,spearman,mse,explained_variance_score,r2,rmse,shift_corr_metric,shift,uses,delay_days
sewage,234.0,0.831643,0.445034,0.619397,0.037934,0.655549,0.655371,0.194765,pearsons_r,-2,sewage,-2
icu,234.0,0.764302,0.406094,0.547914,0.053002,0.504541,0.494741,0.230222,pearsons_r,-10,icu,-10
hospital,234.0,0.886376,0.563335,0.738436,0.031893,0.398306,0.368023,0.178586,pearsons_r,-9,hospital,-9
case-counts,234.0,0.686003,0.844651,0.947572,0.660749,0.350591,0.336729,0.812865,spearman,0,case-counts,0
municipal-case-counts,234.0,0.705625,0.849685,0.957872,0.33001,0.432131,0.420448,0.574465,spearman,-4,municipal-case-counts,-4
ggd-positive-tests,234.0,0.491347,0.824811,0.941287,1.747052,0.175437,0.1639,1.321761,spearman,-2,ggd-positive-tests,-2
nursing-homes,232.0,0.776124,0.484703,0.646244,0.056346,0.573341,0.564167,0.237374,pearsons_r,-8,nursing-homes,-8
combined,24,0.927428,0.833096,0.95711,0.001577,0.860109,0.804884,0.039709,,0,"case-counts, ggd-positive-tests, municipal-case-counts, nursing-homes",
