,N,pearsons_r,kendall,spearman,mse,explained_variance_score,r2,rmse,shift_corr_metric,shift,uses,delay_days
sewage,331.0,0.717152,0.584473,0.779905,0.019371,0.457289,0.436524,0.139179,spearman,-4,sewage,-4
icu,329.0,0.476825,0.344599,0.502562,0.033354,-0.040528,-0.043724,0.182631,spearman,-9,icu,-9
hospital,331.0,0.785301,0.609256,0.79537,0.012298,0.189421,0.189378,0.110898,spearman,-6,hospital,-6
case-counts,331.0,0.965578,0.861636,0.970695,0.003773,0.917106,0.914823,0.061424,spearman,-1,case-counts,-1
municipal-case-counts,331.0,0.956473,0.849009,0.966429,0.00381,0.908619,0.906583,0.061728,spearman,-3,municipal-case-counts,-3
ggd-positive-tests,331.0,0.967552,0.869933,0.974384,0.003676,0.919643,0.917625,0.060628,spearman,-1,ggd-positive-tests,-1
nursing-homes,325.0,0.829441,0.617575,0.819381,0.016548,0.686581,0.675283,0.128638,pearsons_r,-6,nursing-homes,-6
combined,246,0.971418,0.87896,0.978153,0.00334,0.927572,0.923225,0.05779,,0,"case-counts, ggd-positive-tests, municipal-case-counts, nursing-homes",
