,pearsons_r,kendall,spearman,mse,explained_variance_score,r2,rmse,shift_corr_metric,shift,uses
sewage,0.8508208295328863,0.4704019633177793,0.6693327442902389,0.10706093974051532,0.6882451702314798,0.6793169376500097,0.32720168052825666,pearsons_r,-1,sewage
icu,0.821902007255669,0.5401319551016993,0.7312996693749799,0.04983350157235387,0.6142831925517445,0.6126076084500536,0.22323418549217292,pearsons_r,-10,icu
hospital,0.9265200054553119,0.6487632860865447,0.8380832783191702,0.03141987786688452,0.5080869907718558,0.5048779642500362,0.17725653123900548,pearsons_r,-9,hospital
case-counts,0.6862381165265073,0.8287902398850575,0.9353896322360383,0.9073603583400229,0.3437914418777469,0.32594632896914255,0.9525546484795625,spearman,0,case-counts
municipal-case-counts,0.703954207936881,0.8274022140269348,0.9471497490504118,0.4513094274304106,0.424630573472612,0.4092038029066464,0.6717956738699726,spearman,-4,municipal-case-counts
nursing-homes,0.7894660243908205,0.4722021740669177,0.6346495057576858,0.06842851615744236,0.5805233084493154,0.5409090693163804,0.2615884480580944,pearsons_r,-7,nursing-homes
combined,0.9553940070944418,0.7591113418072984,0.9204581130920155,0.0130656033321472,0.9013807959780804,0.8992553183896131,0.11430487011561319,,0,"case-counts, hospital, icu, municipal-case-counts, nursing-homes, sewage"
