,N,pearsons_r,kendall,spearman,mse,explained_variance_score,r2,rmse,shift_corr_metric,shift,uses,delay_days
sewage,485.0,0.730254,0.576876,0.771546,0.019053,0.51576,0.48406,0.138032,spearman,-2,sewage,-2
icu,485.0,0.47209,0.38673,0.542253,0.030533,-0.008401,-0.00921,0.174736,spearman,-8,icu,-8
hospital,485.0,0.770266,0.613063,0.800536,0.01128,0.273041,0.267034,0.106207,spearman,-4,hospital,-4
case-counts,485.0,0.958597,0.842419,0.96397,0.003428,0.909327,0.907571,0.058549,spearman,-1,case-counts,-1
municipal-case-counts,485.0,0.951122,0.834407,0.961302,0.003635,0.899355,0.897915,0.060288,spearman,-3,municipal-case-counts,-3
ggd-positive-tests,485.0,0.950984,0.82355,0.953625,0.004549,0.88822,0.88761,0.067448,spearman,-1,ggd-positive-tests,-1
nursing-homes,485.0,0.807684,0.625095,0.822195,0.018798,0.6474,0.628087,0.137106,spearman,-4,nursing-homes,-4
combined,400,0.96318,0.847972,0.965883,0.003056,0.916344,0.914422,0.055284,,0,"case-counts, ggd-positive-tests, municipal-case-counts, nursing-homes",
