,N,pearsons_r,kendall,spearman,mse,explained_variance_score,r2,rmse,shift_corr_metric,shift,uses,delay_days
sewage,464.0,0.720892,0.577564,0.771629,0.019058,0.496438,0.465362,0.138052,spearman,-3,sewage,-3
icu,463.0,0.502468,0.410553,0.571567,0.029743,0.079999,0.078592,0.172462,spearman,-9,icu,-9
hospital,464.0,0.781102,0.630788,0.81386,0.01076,0.326065,0.316675,0.10373,spearman,-5,hospital,-5
case-counts,464.0,0.960902,0.848294,0.966685,0.003585,0.908963,0.906753,0.059871,spearman,-1,case-counts,-1
municipal-case-counts,464.0,0.954493,0.841386,0.964918,0.003646,0.902245,0.90068,0.060383,spearman,-3,municipal-case-counts,-3
ggd-positive-tests,464.0,0.959435,0.842037,0.962287,0.003915,0.902308,0.902111,0.062573,spearman,-1,ggd-positive-tests,-1
nursing-homes,460.0,0.809179,0.622781,0.820192,0.01935,0.646788,0.628336,0.139103,spearman,-4,nursing-homes,-4
combined,379,0.96731,0.858261,0.970895,0.003107,0.917567,0.915859,0.055743,,0,"case-counts, ggd-positive-tests, municipal-case-counts, nursing-homes",
