,N,pearsons_r,kendall,spearman,mse,explained_variance_score,r2,rmse,shift_corr_metric,shift,uses,delay_days
sewage,322.0,0.848699,0.527154,0.710163,0.029875,0.679525,0.671139,0.172844,pearsons_r,-2,sewage,-2
icu,322.0,0.769784,0.444423,0.60403,0.042662,0.479266,0.47919,0.206547,pearsons_r,-10,icu,-10
hospital,322.0,0.896829,0.618728,0.79916,0.025597,0.406345,0.404243,0.15999,pearsons_r,-8,hospital,-8
case-counts,322.0,0.611347,0.841946,0.953791,0.520105,0.313787,0.303326,0.721183,spearman,-1,case-counts,-1
municipal-case-counts,322.0,0.790693,0.845103,0.952244,0.213833,0.525974,0.517425,0.462421,spearman,-3,municipal-case-counts,-3
ggd-positive-tests,322.0,0.56768,0.846817,0.942429,1.223488,0.223579,0.215609,1.106114,spearman,-1,ggd-positive-tests,-1
nursing-homes,321.0,0.85456,0.593893,0.789421,0.032082,0.717095,0.699375,0.179114,pearsons_r,-7,nursing-homes,-7
combined,112,0.969678,0.884535,0.976777,0.004247,0.931347,0.92913,0.065172,,0,"case-counts, ggd-positive-tests, municipal-case-counts, nursing-homes",
