,N,pearsons_r,kendall,spearman,mse,explained_variance_score,r2,rmse,shift_corr_metric,shift,uses,delay_days
sewage,245.0,0.832346,0.461559,0.632469,0.036525,0.653907,0.653898,0.191115,pearsons_r,-2,sewage,-2
icu,245.0,0.762456,0.416432,0.553844,0.052157,0.497177,0.483443,0.228379,pearsons_r,-10,icu,-10
hospital,245.0,0.885705,0.569284,0.745988,0.0316,0.386856,0.350543,0.177763,pearsons_r,-9,hospital,-9
case-counts,245.0,0.59276,0.843352,0.951927,0.677549,0.290196,0.277242,0.823134,spearman,-1,case-counts,-1
municipal-case-counts,245.0,0.702439,0.852526,0.960555,0.315006,0.4314,0.421117,0.561254,spearman,-4,municipal-case-counts,-4
ggd-positive-tests,245.0,0.488769,0.827028,0.943928,1.66814,0.175317,0.165074,1.291565,spearman,-2,ggd-positive-tests,-2
nursing-homes,245.0,0.831793,0.544258,0.742225,0.039457,0.670336,0.662234,0.198638,pearsons_r,-7,nursing-homes,-7
combined,35,0.97704,0.937512,0.986689,0.00068,0.954593,0.954365,0.026079,,0,"case-counts, ggd-positive-tests, municipal-case-counts, nursing-homes",
