,N,pearsons_r,kendall,spearman,mse,explained_variance_score,r2,rmse,shift_corr_metric,shift,uses,delay_days
sewage,227.0,0.8328,0.431949,0.605797,0.03876,0.65722,0.657135,0.196876,pearsons_r,-2,sewage,-2
icu,227.0,0.767607,0.416293,0.55281,0.053568,0.509519,0.501293,0.231447,pearsons_r,-10,icu,-10
hospital,227.0,0.886024,0.565613,0.737523,0.032548,0.399217,0.375579,0.180411,pearsons_r,-9,hospital,-9
case-counts,227.0,0.683533,0.845686,0.94691,0.682315,0.348969,0.335178,0.826024,spearman,0,case-counts,0
municipal-case-counts,227.0,0.702725,0.848754,0.957244,0.341535,0.429588,0.417764,0.58441,spearman,-4,municipal-case-counts,-4
ggd-positive-tests,227.0,0.490429,0.817993,0.938022,1.802745,0.175003,0.163006,1.342663,spearman,-2,ggd-positive-tests,-2
nursing-homes,227.0,0.775454,0.483479,0.643576,0.057958,0.572291,0.562079,0.240744,pearsons_r,-8,nursing-homes,-8
combined,17,0.922878,0.800022,0.93497,0.002012,0.851316,0.80785,0.044861,,0,"case-counts, ggd-positive-tests, municipal-case-counts, nursing-homes",
