,N,pearsons_r,kendall,spearman,mse,explained_variance_score,r2,rmse,shift_corr_metric,shift,uses,delay_days
sewage,259.0,0.840947,0.480936,0.657675,0.033419,0.67316,0.672041,0.182809,pearsons_r,-2,sewage,-2
icu,259.0,0.766289,0.411343,0.556967,0.048029,0.503214,0.500059,0.219155,pearsons_r,-10,icu,-10
hospital,259.0,0.89473,0.596722,0.776883,0.027748,0.436502,0.418808,0.166577,pearsons_r,-9,hospital,-9
case-counts,259.0,0.686272,0.843872,0.948764,0.587473,0.355463,0.342066,0.766468,spearman,0,case-counts,0
municipal-case-counts,259.0,0.704192,0.841156,0.957013,0.301528,0.432908,0.421914,0.549116,spearman,-4,municipal-case-counts,-4
ggd-positive-tests,259.0,0.490763,0.813813,0.939069,1.583919,0.176694,0.166338,1.258539,spearman,-2,ggd-positive-tests,-2
nursing-homes,259.0,0.835102,0.533931,0.731939,0.037983,0.676176,0.65901,0.194893,pearsons_r,-7,nursing-homes,-7
combined,49,0.982827,0.904131,0.981318,0.00191,0.959569,0.951895,0.043709,,0,"case-counts, ggd-positive-tests, municipal-case-counts, nursing-homes",
