,N,pearsons_r,kendall,spearman,mse,explained_variance_score,r2,rmse,shift_corr_metric,shift,uses,delay_days
sewage,189.0,0.864642,0.502083,0.694365,0.03622,0.723594,0.720057,0.190316,pearsons_r,-2,sewage,-2
icu,189.0,0.82529,0.556639,0.741513,0.04491,0.626302,0.625273,0.211919,pearsons_r,-10,icu,-10
hospital,189.0,0.922844,0.642337,0.827133,0.028539,0.537763,0.533307,0.168934,pearsons_r,-9,hospital,-9
case-counts,189.0,0.688033,0.83385,0.934229,0.822611,0.345918,0.329932,0.906979,spearman,0,case-counts,0
municipal-case-counts,189.0,0.706297,0.833395,0.947364,0.409232,0.427408,0.413645,0.639712,spearman,-4,municipal-case-counts,-4
nursing-homes,189.0,0.79291,0.48924,0.649149,0.061598,0.596045,0.565867,0.24819,pearsons_r,-7,nursing-homes,-7
combined,189,0.958277,0.783272,0.932886,0.011684,0.891482,0.890636,0.108094,,0,"case-counts, hospital, icu, municipal-case-counts, nursing-homes, sewage",
