,N,pearsons_r,kendall,spearman,mse,explained_variance_score,r2,rmse,shift_corr_metric,shift,uses,delay_days
sewage,427.0,0.835329,0.539571,0.72554,0.027151,0.667473,0.657304,0.164774,pearsons_r,-2,sewage,-2
icu,427.0,0.715109,0.398986,0.559034,0.044622,0.408683,0.407192,0.21124,pearsons_r,-10,icu,-10
hospital,427.0,0.884346,0.620559,0.802018,0.02147,0.401257,0.400405,0.146528,pearsons_r,-8,hospital,-8
case-counts,304.0,0.965406,0.866898,0.971629,0.003913,0.918247,0.915642,0.062555,spearman,-1,case-counts,-1
municipal-case-counts,427.0,0.793753,0.848176,0.956734,0.161864,0.534849,0.527916,0.402323,spearman,-3,municipal-case-counts,-3
ggd-positive-tests,427.0,0.505838,0.828868,0.948349,0.963143,0.195764,0.189287,0.981399,spearman,-2,ggd-positive-tests,-2
nursing-homes,427.0,0.844203,0.587355,0.784521,0.029282,0.703384,0.679054,0.171121,pearsons_r,-7,nursing-homes,-7
combined,217,0.967115,0.880459,0.978212,0.004015,0.92037,0.91593,0.063365,,0,"case-counts, ggd-positive-tests, municipal-case-counts, nursing-homes",
