,N,pearsons_r,kendall,spearman,mse,explained_variance_score,r2,rmse,shift_corr_metric,shift,uses,delay_days
sewage,259.0,0.841026,0.480876,0.65754,0.033405,0.673372,0.672264,0.182772,pearsons_r,-2,sewage,-2
icu,259.0,0.764109,0.403575,0.548407,0.048395,0.497932,0.495143,0.219989,pearsons_r,-10,icu,-10
hospital,259.0,0.89435,0.595113,0.77578,0.027878,0.428403,0.411599,0.166968,pearsons_r,-9,hospital,-9
case-counts,259.0,0.686171,0.844838,0.948929,0.587458,0.355413,0.341971,0.766458,spearman,0,case-counts,0
municipal-case-counts,259.0,0.704153,0.841337,0.95704,0.301523,0.432883,0.421871,0.549111,spearman,-4,municipal-case-counts,-4
ggd-positive-tests,259.0,0.490712,0.813934,0.93909,1.58392,0.176673,0.166302,1.258539,spearman,-2,ggd-positive-tests,-2
nursing-homes,259.0,0.833437,0.530672,0.727303,0.038348,0.672414,0.65456,0.195827,pearsons_r,-7,nursing-homes,-7
combined,49,0.982893,0.904131,0.981318,0.001905,0.95971,0.952006,0.043651,,0,"case-counts, ggd-positive-tests, municipal-case-counts, nursing-homes",
