,N,pearsons_r,kendall,spearman,mse,explained_variance_score,r2,rmse,shift_corr_metric,shift,uses,delay_days
sewage,315.0,0.848047,0.522665,0.704243,0.030116,0.678996,0.671373,0.173541,pearsons_r,-2,sewage,-2
icu,313.0,0.768811,0.443356,0.601983,0.043116,0.484221,0.484156,0.207643,pearsons_r,-10,icu,-10
hospital,315.0,0.889382,0.598612,0.777564,0.026999,0.364662,0.36255,0.164313,pearsons_r,-8,hospital,-8
case-counts,315.0,0.69387,0.851227,0.953185,0.484311,0.372871,0.361872,0.695925,spearman,0,case-counts,0
municipal-case-counts,315.0,0.789373,0.843812,0.951169,0.218595,0.523101,0.514315,0.467542,spearman,-3,municipal-case-counts,-3
ggd-positive-tests,315.0,0.566209,0.843038,0.940382,1.250681,0.221692,0.213411,1.118339,spearman,-1,ggd-positive-tests,-1
nursing-homes,313.0,0.849946,0.579055,0.777263,0.032974,0.70726,0.688877,0.181588,pearsons_r,-7,nursing-homes,-7
combined,105,0.972242,0.884566,0.977743,0.004064,0.936619,0.932064,0.063752,,0,"case-counts, ggd-positive-tests, municipal-case-counts, nursing-homes",
