,N,pearsons_r,kendall,spearman,mse,explained_variance_score,r2,rmse,shift_corr_metric,shift,uses,delay_days
sewage,210.0,0.852388,0.447207,0.627294,0.03612,0.697217,0.696235,0.190053,pearsons_r,-2,sewage,-2
icu,210.0,0.813616,0.514117,0.691217,0.044372,0.603535,0.603409,0.210646,pearsons_r,-10,icu,-10
hospital,210.0,0.906243,0.601552,0.773876,0.029882,0.480346,0.46751,0.172865,pearsons_r,-8,hospital,-8
case-counts,210.0,0.685216,0.832721,0.9371,0.737448,0.347284,0.333501,0.858748,spearman,0,case-counts,0
municipal-case-counts,210.0,0.704663,0.838823,0.950687,0.369392,0.42859,0.415697,0.607776,spearman,-4,municipal-case-counts,-4
ggd-positive-tests,210.0,0.492314,0.810107,0.930009,1.94969,0.174312,0.162009,1.396313,spearman,-2,ggd-positive-tests,-2
nursing-homes,208.0,0.764664,0.443424,0.589495,0.065323,0.55734,0.549652,0.255583,pearsons_r,-8,nursing-homes,-8
combined,210,0.938076,0.802763,0.937842,0.015101,0.871762,0.87174,0.122887,,0,"case-counts, ggd-positive-tests, hospital, icu, municipal-case-counts, nursing-homes, sewage",
