,N,pearsons_r,kendall,spearman,mse,explained_variance_score,r2,rmse,shift_corr_metric,shift,uses,delay_days
sewage,371.0,0.843566,0.531885,0.715731,0.028013,0.673608,0.663499,0.16737,pearsons_r,-2,sewage,-2
icu,371.0,0.719161,0.403568,0.559619,0.048609,0.41352,0.413106,0.220474,pearsons_r,-9,icu,-9
hospital,371.0,0.879168,0.589016,0.775109,0.024797,0.364372,0.363251,0.15747,pearsons_r,-8,hospital,-8
case-counts,371.0,0.61258,0.84477,0.955419,0.45223,0.316797,0.307425,0.672481,spearman,-1,case-counts,-1
municipal-case-counts,371.0,0.792046,0.843898,0.954219,0.185743,0.530298,0.522269,0.430979,spearman,-3,municipal-case-counts,-3
ggd-positive-tests,371.0,0.503491,0.823872,0.945065,1.107818,0.192729,0.185219,1.052529,spearman,-2,ggd-positive-tests,-2
nursing-homes,371.0,0.844644,0.579363,0.775125,0.031296,0.700928,0.681134,0.176906,pearsons_r,-7,nursing-homes,-7
combined,161,0.971134,0.884646,0.979295,0.003646,0.932839,0.928384,0.060382,,0,"case-counts, ggd-positive-tests, municipal-case-counts, nursing-homes",
