,N,pearsons_r,kendall,spearman,mse,explained_variance_score,r2,rmse,shift_corr_metric,shift,uses,delay_days
sewage,287.0,0.842168,0.49678,0.676724,0.031175,0.674206,0.671016,0.176563,pearsons_r,-2,sewage,-2
icu,287.0,0.763036,0.422381,0.574455,0.045188,0.489342,0.486854,0.212574,pearsons_r,-10,icu,-10
hospital,287.0,0.886278,0.574122,0.747699,0.027392,0.382448,0.368763,0.165504,pearsons_r,-8,hospital,-8
case-counts,287.0,0.688819,0.839359,0.948408,0.530956,0.360453,0.347935,0.728667,spearman,0,case-counts,0
municipal-case-counts,287.0,0.78356,0.82939,0.943096,0.2397,0.508364,0.497923,0.489592,spearman,-3,municipal-case-counts,-3
ggd-positive-tests,287.0,0.562442,0.829636,0.932761,1.372433,0.213238,0.203819,1.171509,spearman,-1,ggd-positive-tests,-1
nursing-homes,287.0,0.836283,0.537718,0.740966,0.035634,0.677191,0.655521,0.188771,pearsons_r,-7,nursing-homes,-7
combined,77,0.958022,0.862854,0.961824,0.00473,0.909533,0.896404,0.068778,,0,"case-counts, ggd-positive-tests, municipal-case-counts, nursing-homes",
