,N,pearsons_r,kendall,spearman,mse,explained_variance_score,r2,rmse,shift_corr_metric,shift,uses,delay_days
sewage,353.0,0.849895,0.521219,0.697131,0.027434,0.683031,0.674205,0.165633,pearsons_r,-2,sewage,-2
icu,351.0,0.760848,0.418885,0.576321,0.04174,0.477857,0.477785,0.204303,pearsons_r,-10,icu,-10
hospital,353.0,0.889427,0.594361,0.775123,0.024263,0.400104,0.398231,0.155765,pearsons_r,-8,hospital,-8
case-counts,353.0,0.61381,0.838837,0.951908,0.475239,0.316043,0.306551,0.689376,spearman,-1,case-counts,-1
municipal-case-counts,353.0,0.792546,0.842277,0.952373,0.194908,0.52851,0.520756,0.441484,spearman,-3,municipal-case-counts,-3
ggd-positive-tests,353.0,0.504192,0.825696,0.943368,1.163681,0.191907,0.184662,1.07874,spearman,-2,ggd-positive-tests,-2
nursing-homes,351.0,0.839526,0.566917,0.757704,0.033373,0.69185,0.673876,0.182682,pearsons_r,-7,nursing-homes,-7
combined,143,0.968097,0.887285,0.980074,0.003432,0.928063,0.926651,0.05858,,0,"case-counts, ggd-positive-tests, municipal-case-counts, nursing-homes",
