,N,pearsons_r,kendall,spearman,mse,explained_variance_score,r2,rmse,shift_corr_metric,shift,uses,delay_days
sewage,238.0,0.831623,0.452446,0.625525,0.037205,0.656729,0.65654,0.192887,pearsons_r,-2,sewage,-2
icu,237.0,0.768034,0.423695,0.56421,0.051176,0.514311,0.506576,0.226221,pearsons_r,-10,icu,-10
hospital,238.0,0.888243,0.576923,0.747413,0.030839,0.409664,0.378921,0.175611,pearsons_r,-9,hospital,-9
case-counts,238.0,0.59723,0.838898,0.950069,0.696971,0.291219,0.276997,0.834848,spearman,-1,case-counts,-1
municipal-case-counts,238.0,0.70717,0.853992,0.960234,0.323913,0.432859,0.421596,0.569134,spearman,-4,municipal-case-counts,-4
ggd-positive-tests,238.0,0.493653,0.83203,0.944805,1.715936,0.176181,0.16489,1.309938,spearman,-2,ggd-positive-tests,-2
nursing-homes,237.0,0.83323,0.540622,0.738197,0.039857,0.675632,0.667736,0.199642,pearsons_r,-7,nursing-homes,-7
combined,28,0.94922,0.891631,0.972456,0.001353,0.891171,0.865722,0.036789,,0,"case-counts, ggd-positive-tests, municipal-case-counts, nursing-homes",
