,N,pearsons_r,kendall,spearman,mse,explained_variance_score,r2,rmse,shift_corr_metric,shift,uses,delay_days
sewage,409.0,0.83382,0.539974,0.724718,0.028136,0.660715,0.648535,0.167738,pearsons_r,-2,sewage,-2
icu,409.0,0.70915,0.393887,0.550893,0.04718,0.400524,0.399697,0.217209,pearsons_r,-10,icu,-10
hospital,409.0,0.882288,0.614413,0.795134,0.022572,0.381312,0.379655,0.150239,pearsons_r,-8,hospital,-8
case-counts,286.0,0.964129,0.863364,0.969331,0.004022,0.917713,0.913968,0.063416,spearman,-1,case-counts,-1
municipal-case-counts,409.0,0.791711,0.844346,0.955373,0.168964,0.532082,0.524587,0.411052,spearman,-3,municipal-case-counts,-3
ggd-positive-tests,409.0,0.503228,0.82249,0.945977,1.005581,0.193801,0.186881,1.002787,spearman,-2,ggd-positive-tests,-2
nursing-homes,407.0,0.845096,0.595533,0.792713,0.029385,0.70268,0.680531,0.171419,pearsons_r,-7,nursing-homes,-7
combined,199,0.966715,0.872496,0.975533,0.003921,0.924186,0.91919,0.062614,,0,"case-counts, ggd-positive-tests, municipal-case-counts, nursing-homes",
