,N,pearsons_r,kendall,spearman,mse,explained_variance_score,r2,rmse,shift_corr_metric,shift,uses,delay_days
sewage,199.0,0.864873,0.487823,0.680122,0.034871,0.722816,0.718844,0.186739,pearsons_r,-2,sewage,-2
icu,199.0,0.825673,0.556728,0.741592,0.043285,0.627195,0.626286,0.208051,pearsons_r,-10,icu,-10
hospital,199.0,0.920835,0.647782,0.828785,0.028356,0.514753,0.510297,0.168392,pearsons_r,-9,hospital,-9
case-counts,199.0,0.687962,0.831529,0.932925,0.777916,0.347863,0.332972,0.881995,spearman,0,case-counts,0
municipal-case-counts,199.0,0.705816,0.833888,0.946495,0.389478,0.428381,0.41544,0.624082,spearman,-4,municipal-case-counts,-4
nursing-homes,199.0,0.787565,0.496436,0.657779,0.061481,0.595975,0.578919,0.247953,pearsons_r,-7,nursing-homes,-7
combined,199,0.957723,0.782926,0.931124,0.011371,0.890726,0.89013,0.106635,,0,"case-counts, hospital, icu, municipal-case-counts, nursing-homes, sewage",
