,N,pearsons_r,kendall,spearman,mse,explained_variance_score,r2,rmse,shift_corr_metric,shift,uses,delay_days
sewage,495.0,0.730921,0.57741,0.771529,0.01875,0.516237,0.486187,0.136932,spearman,-2,sewage,-2
icu,495.0,0.461183,0.394615,0.554656,0.035664,0.061232,0.055755,0.18885,spearman,-8,icu,-8
hospital,495.0,0.771845,0.620076,0.808318,0.011152,0.263246,0.25753,0.105602,spearman,-5,hospital,-5
case-counts,495.0,0.95871,0.843362,0.964616,0.003387,0.909756,0.907876,0.058197,spearman,-1,case-counts,-1
municipal-case-counts,495.0,0.950674,0.833248,0.96093,0.003633,0.898656,0.897194,0.060278,spearman,-3,municipal-case-counts,-3
ggd-positive-tests,495.0,0.949966,0.823151,0.95376,0.004556,0.886919,0.886365,0.067495,spearman,-1,ggd-positive-tests,-1
nursing-homes,495.0,0.808975,0.626382,0.82421,0.018578,0.649482,0.628959,0.136303,spearman,-4,nursing-homes,-4
combined,410,0.963338,0.849371,0.966699,0.003033,0.916867,0.914752,0.055071,,0,"case-counts, ggd-positive-tests, municipal-case-counts, nursing-homes",
