,N,pearsons_r,kendall,spearman,mse,explained_variance_score,r2,rmse,shift_corr_metric,shift,uses,delay_days
sewage,276.0,0.841042,0.500805,0.679969,0.032445,0.676615,0.674125,0.180125,pearsons_r,-2,sewage,-2
icu,276.0,0.763759,0.426132,0.576019,0.046344,0.492704,0.489105,0.215276,pearsons_r,-10,icu,-10
hospital,276.0,0.883571,0.561366,0.735191,0.028638,0.366133,0.350352,0.169228,pearsons_r,-8,hospital,-8
case-counts,276.0,0.687113,0.836463,0.947578,0.552026,0.358055,0.344849,0.742984,spearman,0,case-counts,0
municipal-case-counts,276.0,0.781944,0.827116,0.941855,0.24919,0.505744,0.494328,0.49919,spearman,-3,municipal-case-counts,-3
ggd-positive-tests,276.0,0.560915,0.828337,0.932336,1.427038,0.211573,0.201471,1.194587,spearman,-1,ggd-positive-tests,-1
nursing-homes,276.0,0.834003,0.540087,0.742178,0.036724,0.672564,0.653097,0.191636,pearsons_r,-7,nursing-homes,-7
combined,66,0.948611,0.838343,0.948645,0.005382,0.896591,0.872862,0.073365,,0,"case-counts, ggd-positive-tests, municipal-case-counts, nursing-homes",
