,N,pearsons_r,kendall,spearman,mse,explained_variance_score,r2,rmse,shift_corr_metric,shift,uses,delay_days
sewage,327.0,0.71778,0.582702,0.778122,0.019461,0.45801,0.438585,0.139503,spearman,-4,sewage,-4
icu,326.0,0.478327,0.347757,0.506585,0.033439,-0.038838,-0.041227,0.182864,spearman,-9,icu,-9
hospital,327.0,0.785092,0.603293,0.791063,0.01243,0.192241,0.192156,0.111489,spearman,-6,hospital,-6
case-counts,327.0,0.967234,0.863364,0.970795,0.00363,0.920343,0.918542,0.060253,spearman,-1,case-counts,-1
municipal-case-counts,327.0,0.956802,0.847359,0.965906,0.003844,0.909078,0.906889,0.062001,spearman,-3,municipal-case-counts,-3
ggd-positive-tests,327.0,0.967818,0.868499,0.973938,0.003712,0.919915,0.917818,0.060923,spearman,-1,ggd-positive-tests,-1
nursing-homes,325.0,0.829449,0.617316,0.819046,0.016638,0.686426,0.674892,0.128987,pearsons_r,-6,nursing-homes,-6
combined,242,0.971709,0.877116,0.977643,0.003393,0.927724,0.923223,0.058247,,0,"case-counts, ggd-positive-tests, municipal-case-counts, nursing-homes",
