,N,pearsons_r,kendall,spearman,mse,explained_variance_score,r2,rmse,shift_corr_metric,shift,uses,delay_days
sewage,318.0,0.847197,0.522664,0.705427,0.030299,0.67547,0.666574,0.174066,pearsons_r,-2,sewage,-2
icu,318.0,0.769765,0.445583,0.606027,0.042921,0.481317,0.481311,0.207174,pearsons_r,-10,icu,-10
hospital,318.0,0.895507,0.613781,0.793159,0.026142,0.385947,0.384075,0.161685,pearsons_r,-8,hospital,-8
case-counts,318.0,0.694799,0.852526,0.95382,0.479795,0.374329,0.363519,0.692673,spearman,0,case-counts,0
municipal-case-counts,318.0,0.790043,0.845413,0.951887,0.216519,0.524632,0.515897,0.465316,spearman,-3,municipal-case-counts,-3
ggd-positive-tests,318.0,0.567031,0.846212,0.941878,1.238871,0.222719,0.214572,1.113046,spearman,-1,ggd-positive-tests,-1
nursing-homes,318.0,0.852991,0.588288,0.785156,0.032495,0.713305,0.694865,0.180263,pearsons_r,-7,nursing-homes,-7
combined,108,0.973882,0.889388,0.979772,0.003946,0.939238,0.934489,0.062818,,0,"case-counts, ggd-positive-tests, municipal-case-counts, nursing-homes",
