,N,pearsons_r,kendall,spearman,mse,explained_variance_score,r2,rmse,shift_corr_metric,shift,uses,delay_days
sewage,231.0,0.833342,0.442424,0.617806,0.038153,0.659922,0.659781,0.195329,pearsons_r,-2,sewage,-2
icu,231.0,0.757542,0.374744,0.502405,0.055588,0.488918,0.474877,0.235771,pearsons_r,-10,icu,-10
hospital,231.0,0.883995,0.555299,0.728,0.03263,0.392661,0.363409,0.180636,pearsons_r,-9,hospital,-9
case-counts,231.0,0.685518,0.845311,0.946855,0.669319,0.350411,0.336574,0.818119,spearman,0,case-counts,0
municipal-case-counts,231.0,0.705198,0.849792,0.957658,0.334434,0.431884,0.420112,0.578303,spearman,-4,municipal-case-counts,-4
ggd-positive-tests,231.0,0.491383,0.821384,0.939446,1.769993,0.175519,0.16374,1.330411,spearman,-2,ggd-positive-tests,-2
nursing-homes,230.0,0.774222,0.480721,0.641389,0.057283,0.569667,0.560972,0.23934,pearsons_r,-8,nursing-homes,-8
combined,21,0.921989,0.843435,0.95805,0.00178,0.850032,0.795735,0.042191,,0,"case-counts, ggd-positive-tests, municipal-case-counts, nursing-homes",
