,N,pearsons_r,kendall,spearman,mse,explained_variance_score,r2,rmse,shift_corr_metric,shift,uses,delay_days
sewage,322.0,0.848808,0.527349,0.710208,0.029851,0.67954,0.671077,0.172773,pearsons_r,-2,sewage,-2
icu,322.0,0.773257,0.456956,0.618404,0.042196,0.492009,0.492006,0.205416,pearsons_r,-10,icu,-10
hospital,322.0,0.896628,0.61865,0.79888,0.025786,0.394542,0.392901,0.16058,pearsons_r,-8,hospital,-8
case-counts,322.0,0.611264,0.841518,0.953661,0.520104,0.313737,0.303246,0.721183,spearman,-1,case-counts,-1
municipal-case-counts,322.0,0.790721,0.845103,0.952267,0.213834,0.525991,0.517455,0.462422,spearman,-3,municipal-case-counts,-3
ggd-positive-tests,322.0,0.567703,0.846934,0.942537,1.223488,0.223589,0.215624,1.106114,spearman,-1,ggd-positive-tests,-1
nursing-homes,322.0,0.854443,0.591743,0.788006,0.032086,0.716029,0.697088,0.179125,pearsons_r,-7,nursing-homes,-7
combined,112,0.969303,0.879356,0.975397,0.004243,0.931319,0.928646,0.065141,,0,"case-counts, ggd-positive-tests, municipal-case-counts, nursing-homes",
