,N,pearsons_r,kendall,spearman,mse,explained_variance_score,r2,rmse,shift_corr_metric,shift,uses,delay_days
sewage,192.0,0.864069,0.496196,0.688428,0.036042,0.721427,0.717304,0.189847,pearsons_r,-2,sewage,-2
icu,192.0,0.825886,0.559294,0.744494,0.044378,0.627914,0.627077,0.210662,pearsons_r,-10,icu,-10
hospital,192.0,0.923694,0.646398,0.82959,0.028208,0.536871,0.532877,0.167951,pearsons_r,-9,hospital,-9
case-counts,192.0,0.687961,0.834261,0.934409,0.8098,0.346545,0.330939,0.899889,spearman,0,case-counts,0
municipal-case-counts,192.0,0.706447,0.835693,0.947866,0.402893,0.42816,0.414717,0.634739,spearman,-4,municipal-case-counts,-4
nursing-homes,192.0,0.791583,0.493553,0.65373,0.061514,0.596869,0.571354,0.24802,pearsons_r,-7,nursing-homes,-7
combined,192,0.958036,0.784598,0.933299,0.011626,0.891047,0.890314,0.107826,,0,"case-counts, hospital, icu, municipal-case-counts, nursing-homes, sewage",
