,N,pearsons_r,kendall,spearman,mse,explained_variance_score,r2,rmse,shift_corr_metric,shift,uses,delay_days
sewage,474.0,0.72093,0.576342,0.770635,0.018809,0.497132,0.470519,0.137147,spearman,-3,sewage,-3
icu,473.0,0.493669,0.407136,0.566322,0.02924,0.043387,0.0399,0.170996,spearman,-9,icu,-9
hospital,474.0,0.769065,0.613499,0.801586,0.011118,0.295929,0.289558,0.105444,spearman,-5,hospital,-5
case-counts,474.0,0.958864,0.843208,0.964469,0.00358,0.90683,0.904832,0.059835,spearman,-1,case-counts,-1
municipal-case-counts,474.0,0.952764,0.837501,0.963204,0.003648,0.900131,0.898681,0.0604,spearman,-3,municipal-case-counts,-3
ggd-positive-tests,474.0,0.955311,0.832646,0.957106,0.004188,0.895037,0.894895,0.064712,spearman,-1,ggd-positive-tests,-1
nursing-homes,471.0,0.80979,0.624497,0.820825,0.019118,0.64835,0.630023,0.138267,spearman,-4,nursing-homes,-4
combined,389,0.965131,0.85343,0.968624,0.003073,0.916132,0.914458,0.05543,,0,"case-counts, ggd-positive-tests, municipal-case-counts, nursing-homes",
