,N,pearsons_r,kendall,spearman,mse,explained_variance_score,r2,rmse,shift_corr_metric,shift,uses,delay_days
sewage,199.0,0.864873,0.487823,0.680122,0.034871,0.722816,0.718844,0.186739,pearsons_r,-2,sewage,-2
icu,198.0,0.821772,0.541042,0.722791,0.044494,0.618527,0.616942,0.210935,pearsons_r,-10,icu,-10
hospital,199.0,0.920112,0.6485,0.828855,0.028385,0.517716,0.512705,0.168479,pearsons_r,-9,hospital,-9
case-counts,199.0,0.687975,0.831529,0.932826,0.777909,0.347869,0.332993,0.881992,spearman,0,case-counts,0
municipal-case-counts,199.0,0.705809,0.83399,0.946497,0.389477,0.428377,0.41543,0.624081,spearman,-4,municipal-case-counts,-4
nursing-homes,198.0,0.789163,0.494846,0.656451,0.061125,0.596938,0.577444,0.247234,pearsons_r,-7,nursing-homes,-7
combined,199,0.95773,0.782414,0.9309,0.01137,0.890746,0.890144,0.106629,,0,"case-counts, hospital, icu, municipal-case-counts, nursing-homes, sewage",
