,N,pearsons_r,kendall,spearman,mse,explained_variance_score,r2,rmse,shift_corr_metric,shift,uses,delay_days
sewage,392.0,0.846128,0.552155,0.736049,0.026514,0.67895,0.669153,0.162833,pearsons_r,-2,sewage,-2
icu,392.0,0.716725,0.411799,0.578218,0.047211,0.40897,0.408738,0.217281,pearsons_r,-10,icu,-10
hospital,392.0,0.878,0.598618,0.783248,0.023979,0.366025,0.363738,0.154852,pearsons_r,-8,hospital,-8
case-counts,269.0,0.965029,0.862554,0.967707,0.004098,0.919877,0.915735,0.064017,spearman,-1,case-counts,-1
municipal-case-counts,392.0,0.791036,0.845334,0.955786,0.176158,0.531268,0.523131,0.419712,spearman,-3,municipal-case-counts,-3
ggd-positive-tests,392.0,0.502236,0.824637,0.946912,1.048989,0.193088,0.185616,1.024202,spearman,-2,ggd-positive-tests,-2
nursing-homes,391.0,0.84444,0.592052,0.79101,0.030441,0.700974,0.679922,0.174472,pearsons_r,-7,nursing-homes,-7
combined,182,0.968828,0.874957,0.975616,0.004015,0.928761,0.922438,0.063365,,0,"case-counts, ggd-positive-tests, municipal-case-counts, nursing-homes",
