,N,pearsons_r,kendall,spearman,mse,explained_variance_score,r2,rmse,shift_corr_metric,shift,uses,delay_days
sewage,395.0,0.835546,0.544664,0.731284,0.028592,0.664962,0.654654,0.169093,pearsons_r,-2,sewage,-2
icu,395.0,0.719492,0.419452,0.585324,0.046442,0.415538,0.415241,0.215504,pearsons_r,-10,icu,-10
hospital,395.0,0.878855,0.60545,0.787675,0.023691,0.368034,0.366062,0.15392,pearsons_r,-8,hospital,-8
case-counts,272.0,0.964273,0.861793,0.967735,0.004133,0.918483,0.914111,0.064286,spearman,-1,case-counts,-1
municipal-case-counts,395.0,0.790921,0.844395,0.955544,0.174876,0.531127,0.522989,0.418181,spearman,-3,municipal-case-counts,-3
ggd-positive-tests,395.0,0.502175,0.823858,0.946693,1.041079,0.193041,0.185614,1.020333,spearman,-2,ggd-positive-tests,-2
nursing-homes,393.0,0.844395,0.593237,0.792407,0.030451,0.70104,0.678572,0.174502,pearsons_r,-7,nursing-homes,-7
combined,185,0.967574,0.872084,0.974827,0.004083,0.926475,0.919891,0.0639,,0,"case-counts, ggd-positive-tests, municipal-case-counts, nursing-homes",
