,N,pearsons_r,kendall,spearman,mse,explained_variance_score,r2,rmse,shift_corr_metric,shift,uses,delay_days
sewage,364.0,0.848202,0.532289,0.711533,0.02747,0.683018,0.67171,0.165741,pearsons_r,-2,sewage,-2
icu,362.0,0.726959,0.426093,0.588174,0.049125,0.44671,0.444692,0.221642,pearsons_r,-10,icu,-10
hospital,364.0,0.882466,0.591342,0.773727,0.024468,0.380156,0.379349,0.156422,pearsons_r,-8,hospital,-8
case-counts,364.0,0.612879,0.842159,0.953751,0.460906,0.315966,0.306704,0.6789,spearman,-1,case-counts,-1
municipal-case-counts,364.0,0.792005,0.841609,0.952811,0.189107,0.528869,0.521102,0.434865,spearman,-3,municipal-case-counts,-3
ggd-positive-tests,364.0,0.503995,0.821932,0.943293,1.128956,0.192218,0.184783,1.062523,spearman,-2,ggd-positive-tests,-2
nursing-homes,362.0,0.839637,0.56478,0.755105,0.032107,0.690838,0.674932,0.179185,pearsons_r,-7,nursing-homes,-7
combined,154,0.969148,0.886737,0.979534,0.003403,0.930321,0.927746,0.058339,,0,"case-counts, ggd-positive-tests, municipal-case-counts, nursing-homes",
