,N,pearsons_r,kendall,spearman,mse,explained_variance_score,r2,rmse,shift_corr_metric,shift,uses,delay_days
sewage,488.0,0.727763,0.573607,0.767882,0.019014,0.51105,0.481337,0.137892,spearman,-2,sewage,-2
icu,487.0,0.455974,0.380064,0.53248,0.031946,-0.023612,-0.023792,0.178735,spearman,-8,icu,-8
hospital,488.0,0.768238,0.614241,0.803796,0.011327,0.25289,0.246959,0.106428,spearman,-5,hospital,-5
case-counts,488.0,0.958855,0.843369,0.964455,0.003401,0.909753,0.907971,0.05832,spearman,-1,case-counts,-1
municipal-case-counts,488.0,0.950674,0.834132,0.961151,0.003622,0.898773,0.897563,0.060181,spearman,-3,municipal-case-counts,-3
ggd-positive-tests,488.0,0.950115,0.823183,0.953515,0.004568,0.886975,0.886511,0.067589,spearman,-1,ggd-positive-tests,-1
nursing-homes,485.0,0.807963,0.625278,0.822459,0.018775,0.6478,0.628538,0.137023,spearman,-4,nursing-homes,-4
combined,403,0.963111,0.847901,0.965923,0.003019,0.916584,0.91488,0.054946,,0,"case-counts, ggd-positive-tests, municipal-case-counts, nursing-homes",
