,N,pearsons_r,kendall,spearman,mse,explained_variance_score,r2,rmse,shift_corr_metric,shift,uses,delay_days
sewage,273.0,0.841335,0.497484,0.677386,0.032721,0.677381,0.675061,0.180891,pearsons_r,-2,sewage,-2
icu,273.0,0.749143,0.385104,0.519353,0.049995,0.463103,0.457041,0.223595,pearsons_r,-10,icu,-10
hospital,273.0,0.882239,0.55548,0.729718,0.029182,0.360996,0.344144,0.170828,pearsons_r,-8,hospital,-8
case-counts,273.0,0.686858,0.837555,0.947459,0.557924,0.357858,0.344806,0.746943,spearman,0,case-counts,0
municipal-case-counts,273.0,0.782192,0.828217,0.94196,0.251874,0.505961,0.494205,0.50187,spearman,-3,municipal-case-counts,-3
ggd-positive-tests,273.0,0.560994,0.827457,0.931345,1.442596,0.211588,0.201351,1.201081,spearman,-1,ggd-positive-tests,-1
nursing-homes,273.0,0.835575,0.539919,0.742245,0.036891,0.675862,0.655595,0.19207,pearsons_r,-7,nursing-homes,-7
combined,63,0.955302,0.849728,0.953737,0.005034,0.90901,0.884624,0.070952,,0,"case-counts, ggd-positive-tests, municipal-case-counts, nursing-homes",
