,N,pearsons_r,kendall,spearman,mse,explained_variance_score,r2,rmse,shift_corr_metric,shift,uses,delay_days
sewage,345.0,0.724132,0.579873,0.772477,0.01855,0.473912,0.452141,0.136199,spearman,-3,sewage,-3
icu,343.0,0.4761,0.378817,0.530544,0.031868,-0.056894,-0.057598,0.178517,spearman,-9,icu,-9
hospital,345.0,0.787625,0.625545,0.805126,0.011831,0.1971,0.197058,0.108772,spearman,-5,hospital,-5
case-counts,345.0,0.962597,0.861595,0.971262,0.003864,0.912731,0.909513,0.062159,spearman,-1,case-counts,-1
municipal-case-counts,345.0,0.959221,0.849055,0.967277,0.003511,0.913691,0.910959,0.059257,spearman,-2,municipal-case-counts,-2
ggd-positive-tests,345.0,0.963287,0.863454,0.97247,0.003804,0.913405,0.911343,0.061677,spearman,-1,ggd-positive-tests,-1
nursing-homes,343.0,0.823515,0.626216,0.8278,0.016583,0.677072,0.662158,0.128773,spearman,-6,nursing-homes,-6
combined,260,0.968023,0.875546,0.97705,0.003436,0.922588,0.917946,0.058617,,0,"case-counts, ggd-positive-tests, municipal-case-counts, nursing-homes",
