,N,pearsons_r,kendall,spearman,mse,explained_variance_score,r2,rmse,shift_corr_metric,shift,uses,delay_days
sewage,331.0,0.717152,0.584473,0.779905,0.019371,0.457289,0.436524,0.139179,spearman,-4,sewage,-4
icu,330.0,0.477567,0.348757,0.50672,0.03321,-0.03873,-0.041685,0.182237,spearman,-9,icu,-9
hospital,331.0,0.786743,0.610844,0.793924,0.012219,0.201043,0.201043,0.110539,spearman,-5,hospital,-5
case-counts,331.0,0.965578,0.861636,0.970695,0.003773,0.917106,0.914823,0.061424,spearman,-1,case-counts,-1
municipal-case-counts,331.0,0.956473,0.849009,0.966429,0.00381,0.908619,0.906583,0.061728,spearman,-3,municipal-case-counts,-3
ggd-positive-tests,331.0,0.967552,0.869933,0.974384,0.003676,0.919643,0.917625,0.060628,spearman,-1,ggd-positive-tests,-1
nursing-homes,329.0,0.821895,0.612239,0.816223,0.017556,0.67404,0.658921,0.132499,pearsons_r,-6,nursing-homes,-6
combined,246,0.971476,0.879161,0.978177,0.003341,0.927645,0.923207,0.057804,,0,"case-counts, ggd-positive-tests, municipal-case-counts, nursing-homes",
