,N,pearsons_r,kendall,spearman,mse,explained_variance_score,r2,rmse,shift_corr_metric,shift,uses,delay_days
sewage,199.0,0.864873,0.487823,0.680122,0.034871,0.722816,0.718844,0.186739,pearsons_r,-2,sewage,-2
icu,199.0,0.825661,0.557036,0.741774,0.043289,0.627173,0.626261,0.208059,pearsons_r,-10,icu,-10
hospital,199.0,0.920868,0.647167,0.828403,0.02836,0.514286,0.509905,0.168405,pearsons_r,-9,hospital,-9
case-counts,199.0,0.687948,0.831529,0.932887,0.777907,0.347858,0.332952,0.88199,spearman,0,case-counts,0
municipal-case-counts,199.0,0.705823,0.83399,0.946605,0.389478,0.428385,0.415452,0.624081,spearman,-4,municipal-case-counts,-4
nursing-homes,199.0,0.78201,0.489566,0.653998,0.063614,0.589202,0.575265,0.252218,pearsons_r,-7,nursing-homes,-7
combined,199,0.957718,0.782516,0.931226,0.01137,0.890748,0.890161,0.106629,,0,"case-counts, hospital, icu, municipal-case-counts, nursing-homes, sewage",
