,N,pearsons_r,kendall,spearman,mse,explained_variance_score,r2,rmse,shift_corr_metric,shift,uses,delay_days
sewage,367.0,0.84859,0.536232,0.716148,0.027262,0.683826,0.672605,0.165112,pearsons_r,-2,sewage,-2
icu,367.0,0.735695,0.423188,0.587296,0.045973,0.448627,0.446865,0.214413,pearsons_r,-10,icu,-10
hospital,367.0,0.882697,0.593089,0.776361,0.024323,0.380104,0.379504,0.155959,pearsons_r,-8,hospital,-8
case-counts,367.0,0.666594,0.690003,0.824543,0.424309,0.358228,0.342877,0.65139,spearman,0,case-counts,0
municipal-case-counts,367.0,0.791863,0.842114,0.953273,0.18759,0.529135,0.52133,0.433117,spearman,-3,municipal-case-counts,-3
ggd-positive-tests,367.0,0.503648,0.822849,0.944098,1.119675,0.192249,0.18484,1.058147,spearman,-2,ggd-positive-tests,-2
nursing-homes,367.0,0.844105,0.578813,0.772628,0.031801,0.700983,0.67975,0.17833,pearsons_r,-7,nursing-homes,-7
combined,157,0.969447,0.870256,0.972849,0.003252,0.936903,0.92555,0.057024,,0,"case-counts, ggd-positive-tests, municipal-case-counts, nursing-homes",
