,N,pearsons_r,kendall,spearman,mse,explained_variance_score,r2,rmse,shift_corr_metric,shift,uses,delay_days
sewage,359.0,0.743367,0.583032,0.774684,0.017959,0.516961,0.491465,0.134013,spearman,-2,sewage,-2
icu,359.0,0.473844,0.373719,0.526621,0.031912,-0.066265,-0.067385,0.178639,spearman,-8,icu,-8
hospital,359.0,0.768875,0.610414,0.795239,0.012582,0.257598,0.256686,0.112168,spearman,-4,hospital,-4
case-counts,359.0,0.9655,0.85175,0.968205,0.00361,0.918479,0.915311,0.060087,spearman,0,case-counts,0
municipal-case-counts,359.0,0.957164,0.842075,0.963527,0.003788,0.909138,0.905849,0.061545,spearman,-2,municipal-case-counts,-2
ggd-positive-tests,359.0,0.964657,0.851709,0.968048,0.003827,0.914793,0.912185,0.061865,spearman,0,ggd-positive-tests,0
nursing-homes,358.0,0.818077,0.617991,0.822787,0.01907,0.665902,0.641408,0.138096,spearman,-5,nursing-homes,-5
combined,274,0.970129,0.867655,0.975718,0.003475,0.925734,0.919918,0.058951,,0,"case-counts, ggd-positive-tests, municipal-case-counts, nursing-homes",
