,N,pearsons_r,kendall,spearman,mse,explained_variance_score,r2,rmse,shift_corr_metric,shift,uses,delay_days
sewage,189.0,0.864568,0.50231,0.694531,0.036242,0.723419,0.719844,0.190373,pearsons_r,-2,sewage,-3
icu,189.0,0.824903,0.553002,0.739261,0.045011,0.625501,0.624462,0.212157,pearsons_r,-10,icu,-11
hospital,189.0,0.924151,0.647451,0.830463,0.028382,0.53804,0.533854,0.16847,pearsons_r,-9,hospital,-10
case-counts,189.0,0.688008,0.834532,0.934313,0.822608,0.345908,0.329901,0.906977,spearman,0,case-counts,-1
municipal-case-counts,189.0,0.706286,0.833509,0.947375,0.409228,0.427403,0.413627,0.63971,spearman,-4,municipal-case-counts,-5
nursing-homes,189.0,0.792887,0.490945,0.650349,0.061582,0.596178,0.566424,0.248157,pearsons_r,-7,nursing-homes,-8
combined,189,0.958316,0.782022,0.931854,0.01169,0.891372,0.890468,0.108119,,0,"case-counts, hospital, icu, municipal-case-counts, nursing-homes, sewage",
