,N,pearsons_r,kendall,spearman,mse,explained_variance_score,r2,rmse,shift_corr_metric,shift,uses,delay_days
sewage,332.0,0.850016,0.528676,0.709721,0.028969,0.682918,0.674493,0.170204,pearsons_r,-2,sewage,-2
icu,332.0,0.769571,0.442682,0.601624,0.0419,0.484668,0.484654,0.204694,pearsons_r,-10,icu,-10
hospital,332.0,0.897619,0.61854,0.798323,0.025069,0.396554,0.395099,0.158332,pearsons_r,-8,hospital,-8
case-counts,332.0,0.612407,0.841761,0.953786,0.50464,0.31498,0.304759,0.71038,spearman,-1,case-counts,-1
municipal-case-counts,332.0,0.791335,0.843191,0.952358,0.207334,0.527261,0.518795,0.455339,spearman,-3,municipal-case-counts,-3
ggd-positive-tests,332.0,0.5025,0.825738,0.944495,1.237395,0.190891,0.183119,1.112383,spearman,-2,ggd-positive-tests,-2
nursing-homes,332.0,0.850914,0.578759,0.775265,0.032026,0.710996,0.695372,0.178959,pearsons_r,-7,nursing-homes,-7
combined,122,0.96802,0.878542,0.975164,0.003978,0.929287,0.927174,0.063068,,0,"case-counts, ggd-positive-tests, municipal-case-counts, nursing-homes",
