,N,pearsons_r,kendall,spearman,mse,explained_variance_score,r2,rmse,shift_corr_metric,shift,uses,delay_days
sewage,420.0,0.834507,0.538314,0.72426,0.027522,0.664674,0.653972,0.165897,pearsons_r,-2,sewage,-2
icu,419.0,0.72156,0.420339,0.584225,0.044376,0.427889,0.427658,0.210656,pearsons_r,-10,icu,-10
hospital,420.0,0.883216,0.616145,0.797788,0.021886,0.393235,0.392048,0.147939,pearsons_r,-8,hospital,-8
case-counts,297.0,0.96477,0.866075,0.970813,0.00396,0.917593,0.9147,0.062925,spearman,-1,case-counts,-1
municipal-case-counts,420.0,0.79292,0.846544,0.956057,0.164565,0.53356,0.526475,0.405666,spearman,-3,municipal-case-counts,-3
ggd-positive-tests,420.0,0.504682,0.825649,0.94708,0.979219,0.194848,0.188201,0.989555,spearman,-2,ggd-positive-tests,-2
nursing-homes,418.0,0.844733,0.593951,0.790952,0.029461,0.70413,0.680257,0.171641,pearsons_r,-7,nursing-homes,-7
combined,210,0.965929,0.87832,0.97743,0.004127,0.919484,0.914219,0.064244,,0,"case-counts, ggd-positive-tests, municipal-case-counts, nursing-homes",
