,N,pearsons_r,kendall,spearman,mse,explained_variance_score,r2,rmse,shift_corr_metric,shift,uses,delay_days
sewage,474.0,0.720586,0.575874,0.770196,0.018822,0.496357,0.469448,0.137194,spearman,-3,sewage,-3
icu,474.0,0.492109,0.406338,0.564855,0.029178,0.037376,0.034481,0.170817,spearman,-9,icu,-9
hospital,474.0,0.761876,0.607449,0.800329,0.0114,0.27688,0.271394,0.106771,spearman,-6,hospital,-6
case-counts,474.0,0.958864,0.843208,0.964469,0.00358,0.90683,0.904832,0.059835,spearman,-1,case-counts,-1
municipal-case-counts,474.0,0.952764,0.837501,0.963204,0.003648,0.900131,0.898681,0.0604,spearman,-3,municipal-case-counts,-3
ggd-positive-tests,474.0,0.955311,0.832646,0.957106,0.004188,0.895037,0.894895,0.064712,spearman,-1,ggd-positive-tests,-1
nursing-homes,474.0,0.809036,0.624317,0.820814,0.019004,0.647526,0.629307,0.137854,spearman,-4,nursing-homes,-4
combined,389,0.964918,0.852307,0.968142,0.00308,0.915893,0.914143,0.0555,,0,"case-counts, ggd-positive-tests, municipal-case-counts, nursing-homes",
