,N,pearsons_r,kendall,spearman,mse,explained_variance_score,r2,rmse,shift_corr_metric,shift,uses,delay_days
sewage,471.0,0.720464,0.574145,0.768878,0.018994,0.498519,0.472102,0.13782,spearman,-3,sewage,-3
icu,470.0,0.497395,0.407909,0.568005,0.029213,0.058423,0.056548,0.170918,spearman,-9,icu,-9
hospital,471.0,0.772662,0.617332,0.802708,0.010938,0.335486,0.32828,0.104585,spearman,-4,hospital,-4
case-counts,471.0,0.959761,0.845579,0.965478,0.003602,0.907135,0.905029,0.060013,spearman,-1,case-counts,-1
municipal-case-counts,471.0,0.952598,0.836692,0.962746,0.003721,0.899084,0.897217,0.061,spearman,-3,municipal-case-counts,-3
ggd-positive-tests,471.0,0.955207,0.832076,0.95688,0.004214,0.894377,0.894222,0.064919,spearman,-1,ggd-positive-tests,-1
nursing-homes,467.0,0.811202,0.624617,0.821317,0.019124,0.649957,0.632059,0.13829,spearman,-4,nursing-homes,-4
combined,386,0.965854,0.85556,0.969585,0.003116,0.915668,0.913827,0.055822,,0,"case-counts, ggd-positive-tests, municipal-case-counts, nursing-homes",
