,N,pearsons_r,kendall,spearman,mse,explained_variance_score,r2,rmse,shift_corr_metric,shift,uses,delay_days
sewage,409.0,0.833823,0.539878,0.724694,0.028136,0.660725,0.648537,0.167739,pearsons_r,-2,sewage,-2
icu,409.0,0.719691,0.416709,0.580307,0.045446,0.422635,0.422517,0.21318,pearsons_r,-10,icu,-10
hospital,409.0,0.882396,0.614776,0.795283,0.022536,0.383115,0.381602,0.150119,pearsons_r,-8,hospital,-8
case-counts,286.0,0.964202,0.863859,0.969389,0.004039,0.917431,0.91396,0.063557,spearman,-1,case-counts,-1
municipal-case-counts,409.0,0.791648,0.844081,0.955346,0.168963,0.532043,0.52452,0.411051,spearman,-3,municipal-case-counts,-3
ggd-positive-tests,409.0,0.503204,0.82249,0.946011,1.005578,0.19379,0.186863,1.002785,spearman,-2,ggd-positive-tests,-2
nursing-homes,409.0,0.84507,0.595073,0.792426,0.02935,0.703091,0.68163,0.171318,pearsons_r,-7,nursing-homes,-7
combined,199,0.966372,0.872598,0.975584,0.003955,0.923399,0.918668,0.062886,,0,"case-counts, ggd-positive-tests, municipal-case-counts, nursing-homes",
