,N,pearsons_r,kendall,spearman,mse,explained_variance_score,r2,rmse,shift_corr_metric,shift,uses,delay_days
sewage,425.0,0.739911,0.581186,0.770303,0.016635,0.509,0.478974,0.128978,spearman,-2,sewage,-2
icu,424.0,0.473352,0.3819,0.537349,0.030397,-0.024862,-0.025545,0.174348,spearman,-8,icu,-8
hospital,425.0,0.766877,0.615229,0.798626,0.011601,0.256332,0.252205,0.107706,spearman,-4,hospital,-4
case-counts,425.0,0.959883,0.843422,0.965588,0.00374,0.9078,0.904921,0.061152,spearman,0,case-counts,0
municipal-case-counts,425.0,0.950776,0.828991,0.959626,0.003849,0.897694,0.895507,0.062037,spearman,-2,municipal-case-counts,-2
ggd-positive-tests,425.0,0.958416,0.837432,0.962769,0.003886,0.90383,0.902679,0.062336,spearman,0,ggd-positive-tests,0
nursing-homes,422.0,0.811291,0.62241,0.822947,0.019186,0.652673,0.62976,0.138514,spearman,-4,nursing-homes,-4
combined,340,0.962011,0.846319,0.966614,0.003578,0.910765,0.906875,0.059817,,0,"case-counts, ggd-positive-tests, municipal-case-counts, nursing-homes",
