,N,pearsons_r,kendall,spearman,mse,explained_variance_score,r2,rmse,shift_corr_metric,shift,uses,delay_days
sewage,383.0,0.748192,0.590118,0.779424,0.016847,0.528203,0.503462,0.129797,spearman,-2,sewage,-2
icu,383.0,0.491402,0.396422,0.559183,0.0302,0.002475,0.00237,0.17378,spearman,-9,icu,-9
hospital,383.0,0.766535,0.607342,0.794089,0.012013,0.283071,0.282206,0.109606,spearman,-4,hospital,-4
case-counts,383.0,0.962116,0.846919,0.96627,0.003959,0.909024,0.905528,0.062924,spearman,0,case-counts,0
municipal-case-counts,383.0,0.954423,0.838337,0.962586,0.003909,0.902674,0.89979,0.062519,spearman,-2,municipal-case-counts,-2
ggd-positive-tests,383.0,0.961993,0.847832,0.966659,0.003994,0.907898,0.905511,0.063197,spearman,0,ggd-positive-tests,0
nursing-homes,382.0,0.81624,0.615583,0.822314,0.018783,0.66082,0.644138,0.137052,spearman,-5,nursing-homes,-5
combined,298,0.966136,0.860025,0.972579,0.003731,0.915441,0.910529,0.061079,,0,"case-counts, ggd-positive-tests, municipal-case-counts, nursing-homes",
