,N,pearsons_r,kendall,spearman,mse,explained_variance_score,r2,rmse,shift_corr_metric,shift,uses,delay_days
sewage,355.0,0.74017,0.579101,0.771586,0.018166,0.512129,0.486633,0.134781,spearman,-2,sewage,-2
icu,355.0,0.489786,0.385249,0.54255,0.030998,-0.026427,-0.026516,0.176061,spearman,-8,icu,-8
hospital,355.0,0.781275,0.615829,0.798352,0.011995,0.27146,0.270087,0.109524,spearman,-4,hospital,-4
case-counts,355.0,0.916136,0.759209,0.89609,0.006376,0.839167,0.829306,0.079851,pearsons_r,0,case-counts,0
municipal-case-counts,355.0,0.957719,0.844888,0.964858,0.003653,0.910715,0.908019,0.060444,spearman,-2,municipal-case-counts,-2
ggd-positive-tests,355.0,0.96591,0.855523,0.969643,0.003608,0.917976,0.915985,0.060069,spearman,0,ggd-positive-tests,0
nursing-homes,351.0,0.818565,0.619949,0.823077,0.018438,0.667127,0.645116,0.135787,spearman,-5,nursing-homes,-5
combined,270,0.967426,0.858491,0.97199,0.003383,0.924822,0.918164,0.058166,,0,"case-counts, ggd-positive-tests, municipal-case-counts, nursing-homes",
