,N,pearsons_r,kendall,spearman,mse,explained_variance_score,r2,rmse,shift_corr_metric,shift,uses,delay_days
sewage,353.0,0.849875,0.521479,0.697329,0.027446,0.682932,0.673975,0.165669,pearsons_r,-2,sewage,-2
icu,353.0,0.763708,0.420687,0.577218,0.040807,0.47864,0.47864,0.202006,pearsons_r,-10,icu,-10
hospital,353.0,0.891795,0.599034,0.779016,0.024096,0.397706,0.396331,0.155228,pearsons_r,-8,hospital,-8
case-counts,353.0,0.613811,0.839129,0.952083,0.475236,0.316044,0.306553,0.689374,spearman,-1,case-counts,-1
municipal-case-counts,353.0,0.79254,0.8423,0.952366,0.19491,0.528505,0.52075,0.441486,spearman,-3,municipal-case-counts,-3
ggd-positive-tests,353.0,0.504208,0.824593,0.942775,1.163708,0.191911,0.184695,1.078753,spearman,-2,ggd-positive-tests,-2
nursing-homes,353.0,0.846006,0.567972,0.760464,0.031594,0.703242,0.68672,0.177747,pearsons_r,-7,nursing-homes,-7
combined,143,0.968035,0.884108,0.978937,0.003441,0.927984,0.926423,0.05866,,0,"case-counts, ggd-positive-tests, municipal-case-counts, nursing-homes",
