,N,pearsons_r,kendall,spearman,mse,explained_variance_score,r2,rmse,shift_corr_metric,shift,uses,delay_days
sewage,255.0,0.839267,0.472511,0.647417,0.033879,0.671008,0.669997,0.184062,pearsons_r,-2,sewage,-2
icu,255.0,0.767225,0.414976,0.560166,0.048203,0.509084,0.504997,0.219552,pearsons_r,-10,icu,-10
hospital,255.0,0.894078,0.593161,0.771461,0.027917,0.434839,0.415793,0.167085,pearsons_r,-9,hospital,-9
case-counts,255.0,0.68691,0.844305,0.948077,0.596008,0.354534,0.340613,0.772015,spearman,0,case-counts,0
municipal-case-counts,255.0,0.704371,0.842997,0.957224,0.305625,0.431895,0.420404,0.552834,spearman,-4,municipal-case-counts,-4
ggd-positive-tests,255.0,0.491147,0.814541,0.938787,1.608064,0.176064,0.165473,1.268095,spearman,-2,ggd-positive-tests,-2
nursing-homes,255.0,0.838171,0.549721,0.747598,0.037384,0.684014,0.669037,0.193349,pearsons_r,-7,nursing-homes,-7
combined,45,0.981477,0.920749,0.983886,0.001926,0.957395,0.942041,0.043888,,0,"case-counts, ggd-positive-tests, municipal-case-counts, nursing-homes",
