,N,pearsons_r,kendall,spearman,mse,explained_variance_score,r2,rmse,shift_corr_metric,shift,uses,delay_days
sewage,283.0,0.841358,0.493966,0.674096,0.031562,0.673112,0.670177,0.177656,pearsons_r,-2,sewage,-2
icu,283.0,0.75551,0.400421,0.54513,0.046905,0.47398,0.472097,0.216576,pearsons_r,-10,icu,-10
hospital,283.0,0.886108,0.564998,0.739677,0.027758,0.369426,0.356486,0.166607,pearsons_r,-8,hospital,-8
case-counts,283.0,0.688019,0.8387,0.948092,0.538438,0.359323,0.346388,0.733783,spearman,0,case-counts,0
municipal-case-counts,283.0,0.782937,0.827183,0.942115,0.243077,0.507181,0.496388,0.493029,spearman,-3,municipal-case-counts,-3
ggd-positive-tests,283.0,0.561915,0.828345,0.932306,1.391802,0.212521,0.202857,1.179747,spearman,-1,ggd-positive-tests,-1
nursing-homes,283.0,0.835028,0.537589,0.739347,0.036077,0.674928,0.654101,0.18994,pearsons_r,-7,nursing-homes,-7
combined,73,0.955308,0.860979,0.958177,0.004932,0.905676,0.888261,0.070227,,0,"case-counts, ggd-positive-tests, municipal-case-counts, nursing-homes",
