,N,pearsons_r,kendall,spearman,mse,explained_variance_score,r2,rmse,shift_corr_metric,shift,uses,delay_days
sewage,245.0,0.832349,0.461626,0.632564,0.03652,0.653848,0.653837,0.191102,pearsons_r,-2,sewage,-2
icu,245.0,0.762559,0.419602,0.556387,0.052162,0.497823,0.484117,0.228391,pearsons_r,-10,icu,-10
hospital,245.0,0.883869,0.562269,0.740906,0.031876,0.389802,0.350701,0.178539,pearsons_r,-9,hospital,-9
case-counts,245.0,0.592747,0.843757,0.952096,0.677544,0.290191,0.277217,0.823131,spearman,-1,case-counts,-1
municipal-case-counts,245.0,0.702437,0.852459,0.960535,0.315005,0.431396,0.42113,0.561253,spearman,-4,municipal-case-counts,-4
ggd-positive-tests,245.0,0.488768,0.826556,0.943798,1.668144,0.175315,0.165082,1.291567,spearman,-2,ggd-positive-tests,-2
nursing-homes,245.0,0.831716,0.545785,0.743299,0.039399,0.669886,0.662031,0.198491,pearsons_r,-7,nursing-homes,-7
combined,35,0.977932,0.927377,0.983747,0.000649,0.956252,0.955858,0.025466,,0,"case-counts, ggd-positive-tests, municipal-case-counts, nursing-homes",
