,N,pearsons_r,kendall,spearman,mse,explained_variance_score,r2,rmse,shift_corr_metric,shift,uses,delay_days
sewage,443.0,0.703685,0.566382,0.757083,0.01987,0.458073,0.417677,0.140962,spearman,-3,sewage,-3
icu,442.0,0.459344,0.381777,0.537262,0.03145,-0.029424,-0.0342,0.177343,spearman,-9,icu,-9
hospital,443.0,0.770969,0.621234,0.801471,0.011269,0.250122,0.242211,0.106154,spearman,-4,hospital,-4
case-counts,443.0,0.959268,0.843662,0.964911,0.00355,0.908622,0.906061,0.059582,spearman,-1,case-counts,-1
municipal-case-counts,443.0,0.951972,0.834884,0.961499,0.003631,0.900457,0.898383,0.060259,spearman,-3,municipal-case-counts,-3
ggd-positive-tests,443.0,0.958758,0.840306,0.961305,0.003695,0.905417,0.904587,0.06079,spearman,-1,ggd-positive-tests,-1
nursing-homes,443.0,0.799654,0.619614,0.815622,0.019899,0.634821,0.611419,0.141064,spearman,-4,nursing-homes,-4
combined,358,0.965258,0.853924,0.968652,0.003021,0.919098,0.916339,0.054961,,0,"case-counts, ggd-positive-tests, municipal-case-counts, nursing-homes",
