,N,pearsons_r,kendall,spearman,mse,explained_variance_score,r2,rmse,shift_corr_metric,shift,uses,delay_days
sewage,422.0,0.741317,0.581754,0.770782,0.01665,0.512459,0.481959,0.129035,spearman,-2,sewage,-2
icu,422.0,0.475498,0.382904,0.53901,0.030339,-0.01917,-0.019898,0.174181,spearman,-8,icu,-8
hospital,422.0,0.76792,0.614901,0.79849,0.011582,0.262557,0.258257,0.107619,spearman,-4,hospital,-4
case-counts,422.0,0.960276,0.843632,0.965607,0.00375,0.908063,0.905224,0.06124,spearman,0,case-counts,0
municipal-case-counts,422.0,0.951396,0.830446,0.960268,0.003861,0.89839,0.89595,0.062138,spearman,-2,municipal-case-counts,-2
ggd-positive-tests,422.0,0.959354,0.839668,0.963769,0.00388,0.904882,0.903504,0.062291,spearman,0,ggd-positive-tests,0
nursing-homes,422.0,0.811758,0.623232,0.823262,0.019175,0.653134,0.629968,0.138476,spearman,-4,nursing-homes,-4
combined,337,0.963181,0.849509,0.96801,0.003566,0.912043,0.907939,0.059715,,0,"case-counts, ggd-positive-tests, municipal-case-counts, nursing-homes",
