,N,pearsons_r,kendall,spearman,mse,explained_variance_score,r2,rmse,shift_corr_metric,shift,uses,delay_days
sewage,533.0,0.71753,0.565979,0.760835,0.019654,0.501349,0.4595,0.140192,spearman,-3,sewage,-3
icu,533.0,0.498907,0.409098,0.571375,0.030332,0.117259,0.108824,0.174161,spearman,-8,icu,-8
hospital,533.0,0.765495,0.609445,0.801856,0.010671,0.330109,0.317594,0.103302,spearman,-6,hospital,-6
case-counts,533.0,0.954795,0.840857,0.963595,0.003652,0.898968,0.897491,0.060435,spearman,-2,case-counts,-2
municipal-case-counts,533.0,0.945028,0.819708,0.95453,0.00421,0.882794,0.88145,0.064886,spearman,-3,municipal-case-counts,-3
ggd-positive-tests,526.0,0.937727,0.802038,0.93766,0.005645,0.859236,0.859236,0.075135,pearsons_r,-1,ggd-positive-tests,-1
nursing-homes,520.0,0.813072,0.634162,0.828502,0.017732,0.653492,0.632728,0.133162,spearman,-4,nursing-homes,-4
combined,448,0.965091,0.853376,0.968238,0.003007,0.913276,0.912151,0.054839,,0,"case-counts, ggd-positive-tests, municipal-case-counts, nursing-homes",
