,N,pearsons_r,kendall,spearman,mse,explained_variance_score,r2,rmse,shift_corr_metric,shift,uses,delay_days
sewage,404.0,0.746718,0.583988,0.774581,0.016768,0.527566,0.497244,0.129493,spearman,-2,sewage,-2
icu,404.0,0.488988,0.395108,0.553614,0.030298,0.021328,0.019787,0.174062,spearman,-8,icu,-8
hospital,404.0,0.774702,0.610773,0.796177,0.011346,0.310279,0.306946,0.10652,spearman,-4,hospital,-4
case-counts,404.0,0.958951,0.838471,0.96307,0.004177,0.902135,0.898845,0.064627,spearman,0,case-counts,0
municipal-case-counts,404.0,0.951582,0.830302,0.96024,0.004113,0.896175,0.893492,0.064134,spearman,-2,municipal-case-counts,-2
ggd-positive-tests,404.0,0.958766,0.839069,0.963587,0.004266,0.900147,0.898243,0.065311,spearman,0,ggd-positive-tests,0
nursing-homes,403.0,0.817119,0.615071,0.818722,0.01884,0.660459,0.643159,0.137258,spearman,-5,nursing-homes,-5
combined,319,0.963199,0.850695,0.968741,0.003962,0.907083,0.902661,0.062948,,0,"case-counts, ggd-positive-tests, municipal-case-counts, nursing-homes",
