,N,pearsons_r,kendall,spearman,mse,explained_variance_score,r2,rmse,shift_corr_metric,shift,uses,delay_days
sewage,336.0,0.849831,0.527596,0.707619,0.028651,0.682866,0.674652,0.169265,pearsons_r,-2,sewage,-2
icu,334.0,0.769184,0.440724,0.599491,0.04171,0.484909,0.484893,0.204231,pearsons_r,-10,icu,-10
hospital,336.0,0.897151,0.61543,0.795111,0.024772,0.398797,0.397203,0.157392,pearsons_r,-8,hospital,-8
case-counts,336.0,0.612766,0.842563,0.953975,0.498608,0.31519,0.305056,0.706122,spearman,-1,case-counts,-1
municipal-case-counts,336.0,0.791828,0.844712,0.953099,0.20479,0.527598,0.519296,0.452537,spearman,-3,municipal-case-counts,-3
ggd-positive-tests,336.0,0.502935,0.827953,0.945187,1.22254,0.191088,0.183341,1.105685,spearman,-2,ggd-positive-tests,-2
nursing-homes,334.0,0.852006,0.582464,0.77815,0.031635,0.713015,0.696704,0.177862,pearsons_r,-7,nursing-homes,-7
combined,126,0.970638,0.886851,0.978724,0.003656,0.933306,0.930867,0.060462,,0,"case-counts, ggd-positive-tests, municipal-case-counts, nursing-homes",
