,N,pearsons_r,kendall,spearman,mse,explained_variance_score,r2,rmse,shift_corr_metric,shift,uses,delay_days
sewage,320.0,0.719163,0.581654,0.777937,0.019576,0.461037,0.445347,0.139915,spearman,-4,sewage,-4
icu,319.0,0.477795,0.360083,0.517482,0.033525,-0.05393,-0.054583,0.183097,spearman,-9,icu,-9
hospital,320.0,0.780525,0.592658,0.78641,0.012827,0.192157,0.191246,0.113257,spearman,-7,hospital,-7
case-counts,320.0,0.968833,0.869102,0.973456,0.003582,0.923162,0.920852,0.059846,spearman,-1,case-counts,-1
municipal-case-counts,320.0,0.957489,0.848349,0.966024,0.003886,0.909927,0.907855,0.06234,spearman,-3,municipal-case-counts,-3
ggd-positive-tests,320.0,0.96857,0.869644,0.97415,0.00375,0.920598,0.918735,0.061239,spearman,-1,ggd-positive-tests,-1
nursing-homes,318.0,0.82706,0.608605,0.811825,0.017299,0.682288,0.671324,0.131527,pearsons_r,-6,nursing-homes,-6
combined,235,0.972574,0.88015,0.978325,0.003432,0.928619,0.924648,0.058584,,0,"case-counts, ggd-positive-tests, municipal-case-counts, nursing-homes",
