,N,pearsons_r,kendall,spearman,mse,explained_variance_score,r2,rmse,shift_corr_metric,shift,uses,delay_days
sewage,413.0,0.83427,0.539693,0.724569,0.02786,0.662048,0.650009,0.166914,pearsons_r,-2,sewage,-2
icu,412.0,0.720717,0.420151,0.585899,0.045238,0.428436,0.428421,0.212692,pearsons_r,-10,icu,-10
hospital,413.0,0.88082,0.613289,0.795318,0.022377,0.391885,0.389965,0.149588,pearsons_r,-8,hospital,-8
case-counts,290.0,0.964418,0.864815,0.969984,0.004019,0.917252,0.914172,0.063392,spearman,-1,case-counts,-1
municipal-case-counts,413.0,0.792066,0.845328,0.955716,0.167337,0.53252,0.525151,0.409068,spearman,-3,municipal-case-counts,-3
ggd-positive-tests,413.0,0.503756,0.823301,0.946286,0.995854,0.194156,0.187358,0.997925,spearman,-2,ggd-positive-tests,-2
nursing-homes,411.0,0.843469,0.594281,0.791937,0.030049,0.701736,0.678287,0.173346,pearsons_r,-7,nursing-homes,-7
combined,203,0.964539,0.875418,0.976274,0.004314,0.917484,0.912417,0.065681,,0,"case-counts, ggd-positive-tests, municipal-case-counts, nursing-homes",
