,N,pearsons_r,kendall,spearman,mse,explained_variance_score,r2,rmse,shift_corr_metric,shift,uses,delay_days
sewage,509.0,0.711643,0.567714,0.763501,0.02068,0.489987,0.451587,0.143806,spearman,-3,sewage,-3
icu,509.0,0.450985,0.39076,0.546459,0.037385,0.069097,0.060906,0.193351,spearman,-8,icu,-8
hospital,509.0,0.763282,0.607863,0.796536,0.011284,0.283778,0.27215,0.106224,spearman,-5,hospital,-5
case-counts,509.0,0.957565,0.840676,0.963537,0.003423,0.907217,0.905045,0.058508,spearman,-1,case-counts,-1
municipal-case-counts,509.0,0.948662,0.827794,0.958408,0.00381,0.893541,0.891961,0.061723,spearman,-3,municipal-case-counts,-3
ggd-positive-tests,509.0,0.939432,0.807072,0.941966,0.005403,0.866217,0.866182,0.073504,spearman,-1,ggd-positive-tests,-1
nursing-homes,509.0,0.80882,0.629439,0.82558,0.018237,0.649128,0.62693,0.135046,spearman,-4,nursing-homes,-4
combined,424,0.962335,0.846518,0.965808,0.003078,0.914097,0.911953,0.055482,,0,"case-counts, ggd-positive-tests, municipal-case-counts, nursing-homes",
