,N,pearsons_r,kendall,spearman,mse,explained_variance_score,r2,rmse,shift_corr_metric,shift,uses,delay_days
sewage,402.0,0.835104,0.546305,0.731882,0.028173,0.664126,0.653838,0.167848,pearsons_r,-2,sewage,-2
icu,402.0,0.717837,0.411879,0.575233,0.046319,0.419066,0.419037,0.215218,pearsons_r,-10,icu,-10
hospital,402.0,0.880272,0.608837,0.790268,0.023156,0.369058,0.367325,0.15217,pearsons_r,-8,hospital,-8
case-counts,279.0,0.963745,0.862893,0.968719,0.004085,0.917495,0.913008,0.063914,spearman,-1,case-counts,-1
municipal-case-counts,402.0,0.790906,0.844633,0.955683,0.171856,0.531042,0.52318,0.414555,spearman,-3,municipal-case-counts,-3
ggd-positive-tests,402.0,0.502208,0.822908,0.946421,1.023019,0.19304,0.185856,1.011444,spearman,-2,ggd-positive-tests,-2
nursing-homes,400.0,0.844611,0.597417,0.795255,0.029932,0.701364,0.67814,0.173009,pearsons_r,-7,nursing-homes,-7
combined,192,0.96707,0.871289,0.974938,0.003979,0.925497,0.919126,0.063082,,0,"case-counts, ggd-positive-tests, municipal-case-counts, nursing-homes",
