,N,pearsons_r,kendall,spearman,mse,explained_variance_score,r2,rmse,shift_corr_metric,shift,uses,delay_days
sewage,406.0,0.834299,0.542706,0.727789,0.028134,0.662186,0.65091,0.167731,pearsons_r,-2,sewage,-2
icu,406.0,0.715441,0.406067,0.568652,0.046323,0.413739,0.413486,0.215227,pearsons_r,-10,icu,-10
hospital,406.0,0.882117,0.612784,0.79325,0.022766,0.37443,0.372702,0.150885,pearsons_r,-8,hospital,-8
case-counts,283.0,0.963678,0.862334,0.968711,0.004054,0.917003,0.913235,0.063675,spearman,-1,case-counts,-1
municipal-case-counts,406.0,0.791243,0.842869,0.95495,0.170221,0.531375,0.523815,0.412578,spearman,-3,municipal-case-counts,-3
ggd-positive-tests,406.0,0.502715,0.82135,0.945595,1.01301,0.193366,0.186388,1.006484,spearman,-2,ggd-positive-tests,-2
nursing-homes,406.0,0.844849,0.595632,0.793015,0.029473,0.702029,0.67958,0.171676,pearsons_r,-7,nursing-homes,-7
combined,196,0.966319,0.870884,0.974949,0.003969,0.923668,0.918462,0.062999,,0,"case-counts, ggd-positive-tests, municipal-case-counts, nursing-homes",
