,N,pearsons_r,kendall,spearman,mse,explained_variance_score,r2,rmse,shift_corr_metric,shift,uses,delay_days
sewage,395.0,0.835518,0.543602,0.730401,0.028583,0.664982,0.654908,0.169065,pearsons_r,-2,sewage,-2
icu,395.0,0.717569,0.416293,0.582033,0.0469,0.413851,0.413564,0.216565,pearsons_r,-10,icu,-10
hospital,395.0,0.87991,0.60886,0.790398,0.023612,0.367304,0.365598,0.153664,pearsons_r,-8,hospital,-8
case-counts,272.0,0.964303,0.861738,0.967753,0.004136,0.918508,0.914057,0.064315,spearman,-1,case-counts,-1
municipal-case-counts,395.0,0.790923,0.84442,0.955511,0.174876,0.531128,0.522985,0.418182,spearman,-3,municipal-case-counts,-3
ggd-positive-tests,395.0,0.50217,0.823755,0.946674,1.041085,0.193039,0.185603,1.020336,spearman,-2,ggd-positive-tests,-2
nursing-homes,395.0,0.844526,0.595071,0.793422,0.030233,0.701148,0.678826,0.173878,pearsons_r,-7,nursing-homes,-7
combined,185,0.967543,0.871493,0.974683,0.004095,0.926406,0.919679,0.06399,,0,"case-counts, ggd-positive-tests, municipal-case-counts, nursing-homes",
