,N,pearsons_r,kendall,spearman,mse,explained_variance_score,r2,rmse,shift_corr_metric,shift,uses,delay_days
sewage,213.0,0.839858,0.42494,0.59449,0.038797,0.67041,0.67025,0.19697,pearsons_r,-2,sewage,-2
icu,213.0,0.791544,0.466088,0.618346,0.049567,0.557803,0.556339,0.222637,pearsons_r,-10,icu,-10
hospital,213.0,0.897229,0.584254,0.750618,0.031758,0.444388,0.4257,0.178208,pearsons_r,-8,hospital,-8
case-counts,213.0,0.684929,0.840891,0.941084,0.726351,0.348228,0.334134,0.852262,spearman,0,case-counts,0
municipal-case-counts,213.0,0.704667,0.844111,0.953069,0.364335,0.429495,0.416551,0.603602,spearman,-4,municipal-case-counts,-4
ggd-positive-tests,213.0,0.49141,0.816202,0.933299,1.922646,0.174454,0.162125,1.386595,spearman,-2,ggd-positive-tests,-2
nursing-homes,213.0,0.769024,0.45768,0.612637,0.062144,0.560852,0.553765,0.249287,pearsons_r,-8,nursing-homes,-8
combined,213,0.93492,0.798938,0.939446,0.015746,0.86403,0.863987,0.125484,,0,"case-counts, ggd-positive-tests, hospital, icu, municipal-case-counts, nursing-homes, sewage",
