,N,pearsons_r,kendall,spearman,mse,explained_variance_score,r2,rmse,shift_corr_metric,shift,uses,delay_days
sewage,492.0,0.725393,0.571652,0.766242,0.018959,0.506686,0.478588,0.137692,spearman,-2,sewage,-2
icu,492.0,0.466194,0.376783,0.529629,0.030808,-0.012946,-0.013381,0.175522,spearman,-8,icu,-8
hospital,492.0,0.771577,0.621934,0.808644,0.011133,0.262946,0.25644,0.105512,spearman,-5,hospital,-5
case-counts,492.0,0.958555,0.842295,0.964107,0.003402,0.909257,0.907369,0.058329,spearman,-1,case-counts,-1
municipal-case-counts,492.0,0.950441,0.833509,0.961005,0.00363,0.898274,0.896876,0.060245,spearman,-3,municipal-case-counts,-3
ggd-positive-tests,492.0,0.949999,0.823477,0.953768,0.004555,0.886754,0.886203,0.067489,spearman,-1,ggd-positive-tests,-1
nursing-homes,492.0,0.809165,0.628294,0.824561,0.018766,0.649215,0.627637,0.136991,spearman,-4,nursing-homes,-4
combined,407,0.963061,0.847901,0.966042,0.003042,0.916139,0.914063,0.055156,,0,"case-counts, ggd-positive-tests, municipal-case-counts, nursing-homes",
