,N,pearsons_r,kendall,spearman,mse,explained_variance_score,r2,rmse,shift_corr_metric,shift,uses,delay_days
sewage,533.0,0.717947,0.566164,0.761223,0.019631,0.502166,0.460823,0.140109,spearman,-3,sewage,-3
icu,533.0,0.497192,0.409739,0.570174,0.03026,0.110738,0.100901,0.173953,spearman,-8,icu,-8
hospital,533.0,0.765263,0.610152,0.80212,0.010687,0.330626,0.317748,0.103379,spearman,-6,hospital,-6
case-counts,532.0,0.95477,0.841379,0.963838,0.003644,0.89917,0.897534,0.060364,spearman,-2,case-counts,-2
municipal-case-counts,533.0,0.945579,0.820264,0.954903,0.004161,0.883951,0.882518,0.064507,spearman,-3,municipal-case-counts,-3
ggd-positive-tests,526.0,0.937727,0.802038,0.93766,0.005645,0.859236,0.859236,0.075135,pearsons_r,-1,ggd-positive-tests,-1
nursing-homes,520.0,0.813072,0.634162,0.828502,0.017732,0.653492,0.632728,0.133162,spearman,-4,nursing-homes,-4
combined,448,0.965173,0.853759,0.968416,0.003001,0.913437,0.912303,0.054785,,0,"case-counts, ggd-positive-tests, municipal-case-counts, nursing-homes",
