,N,pearsons_r,kendall,spearman,mse,explained_variance_score,r2,rmse,shift_corr_metric,shift,uses,delay_days
sewage,359.0,0.743683,0.583377,0.774916,0.017932,0.517481,0.492035,0.133912,spearman,-2,sewage,-2
icu,359.0,0.473844,0.373719,0.526621,0.031912,-0.066265,-0.067385,0.178639,spearman,-8,icu,-8
hospital,359.0,0.767785,0.610571,0.795309,0.012629,0.258892,0.257924,0.11238,spearman,-4,hospital,-4
case-counts,359.0,0.9655,0.85175,0.968205,0.00361,0.918479,0.915311,0.060087,spearman,0,case-counts,0
municipal-case-counts,359.0,0.957164,0.842075,0.963527,0.003788,0.909138,0.905849,0.061545,spearman,-2,municipal-case-counts,-2
ggd-positive-tests,359.0,0.964657,0.851709,0.968048,0.003827,0.914793,0.912185,0.061865,spearman,0,ggd-positive-tests,0
nursing-homes,351.0,0.818488,0.620217,0.823197,0.018441,0.66707,0.645059,0.135798,spearman,-5,nursing-homes,-5
combined,274,0.969748,0.867709,0.975617,0.003492,0.925169,0.919478,0.05909,,0,"case-counts, ggd-positive-tests, municipal-case-counts, nursing-homes",
