,N,pearsons_r,kendall,spearman,mse,explained_variance_score,r2,rmse,shift_corr_metric,shift,uses
sewage,171.0,0.850931,0.471096,0.669795,0.106997,0.688374,0.679551,0.327104,pearsons_r,-1,sewage
icu,171.0,0.822152,0.538693,0.729749,0.049506,0.615083,0.613455,0.2225,pearsons_r,-10,icu
hospital,171.0,0.926727,0.64918,0.838531,0.030991,0.521622,0.518686,0.176044,pearsons_r,-9,hospital
case-counts,171.0,0.68627,0.829623,0.935484,0.907367,0.343792,0.326056,0.952558,spearman,0,case-counts
municipal-case-counts,171.0,0.703952,0.827402,0.94715,0.451311,0.424628,0.409205,0.671797,spearman,-4,municipal-case-counts
nursing-homes,171.0,0.789459,0.469708,0.631359,0.067667,0.580852,0.541803,0.260128,pearsons_r,-7,nursing-homes
combined,171,0.955611,0.760222,0.920512,0.013002,0.901911,0.899805,0.114027,,0,"case-counts, hospital, icu, municipal-case-counts, nursing-homes, sewage"
