,N,pearsons_r,kendall,spearman,mse,explained_variance_score,r2,rmse,shift_corr_metric,shift,uses,delay_days
sewage,206.0,0.861846,0.474571,0.66345,0.034498,0.716657,0.714068,0.185736,pearsons_r,-2,sewage,-2
icu,206.0,0.822131,0.540468,0.721903,0.04296,0.6216,0.621539,0.207268,pearsons_r,-10,icu,-10
hospital,206.0,0.915975,0.626927,0.80425,0.028357,0.509898,0.502075,0.168397,pearsons_r,-8,hospital,-8
case-counts,206.0,0.686981,0.836094,0.936482,0.751692,0.34787,0.333527,0.867002,spearman,0,case-counts,0
municipal-case-counts,206.0,0.704836,0.836859,0.948989,0.376484,0.428229,0.415404,0.613583,spearman,-4,municipal-case-counts,-4
ggd-positive-tests,206.0,0.492863,0.807306,0.92703,1.987315,0.174263,0.161984,1.409722,spearman,-2,ggd-positive-tests,-2
nursing-homes,206.0,0.778547,0.46692,0.626707,0.062068,0.581811,0.571092,0.249135,pearsons_r,-7,nursing-homes,-7
combined,206,0.954065,0.823183,0.953108,0.011359,0.901459,0.901323,0.106581,,0,"case-counts, ggd-positive-tests, hospital, icu, municipal-case-counts, nursing-homes, sewage",
