,N,pearsons_r,kendall,spearman,mse,explained_variance_score,r2,rmse,shift_corr_metric,shift,uses,delay_days
sewage,509.0,0.711643,0.567714,0.763501,0.02068,0.489987,0.451587,0.143806,spearman,-3,sewage,-3
icu,508.0,0.450155,0.38734,0.543973,0.037603,0.06924,0.061917,0.193915,spearman,-8,icu,-8
hospital,509.0,0.763337,0.605897,0.793768,0.011276,0.278861,0.267476,0.106191,spearman,-5,hospital,-5
case-counts,509.0,0.957565,0.840676,0.963537,0.003423,0.907217,0.905045,0.058508,spearman,-1,case-counts,-1
municipal-case-counts,509.0,0.948662,0.827794,0.958408,0.00381,0.893541,0.891961,0.061723,spearman,-3,municipal-case-counts,-3
ggd-positive-tests,509.0,0.939432,0.807072,0.941966,0.005403,0.866217,0.866182,0.073504,spearman,-1,ggd-positive-tests,-1
nursing-homes,506.0,0.808861,0.628804,0.825168,0.018399,0.649037,0.62656,0.135643,spearman,-4,nursing-homes,-4
combined,424,0.961964,0.845595,0.96532,0.003107,0.91325,0.91133,0.055741,,0,"case-counts, ggd-positive-tests, municipal-case-counts, nursing-homes",
