,N,pearsons_r,kendall,spearman,mse,explained_variance_score,r2,rmse,shift_corr_metric,shift,uses,delay_days
sewage,402.0,0.835042,0.546055,0.7318,0.028188,0.664002,0.653655,0.167893,pearsons_r,-2,sewage,-2
icu,402.0,0.716597,0.411929,0.575225,0.046545,0.416731,0.416598,0.215743,pearsons_r,-10,icu,-10
hospital,402.0,0.880469,0.610462,0.791443,0.023127,0.369882,0.368246,0.152077,pearsons_r,-8,hospital,-8
case-counts,279.0,0.963778,0.862789,0.968697,0.004079,0.917467,0.913212,0.063869,spearman,-1,case-counts,-1
municipal-case-counts,402.0,0.790917,0.844683,0.955746,0.171856,0.531051,0.523189,0.414555,spearman,-3,municipal-case-counts,-3
ggd-positive-tests,402.0,0.502214,0.822883,0.946406,1.023018,0.193043,0.18586,1.011444,spearman,-2,ggd-positive-tests,-2
nursing-homes,400.0,0.844611,0.597417,0.795255,0.029932,0.701364,0.67814,0.173009,pearsons_r,-7,nursing-homes,-7
combined,192,0.966969,0.871179,0.974915,0.003987,0.92528,0.919006,0.063145,,0,"case-counts, ggd-positive-tests, municipal-case-counts, nursing-homes",
