,N,pearsons_r,kendall,spearman,mse,explained_variance_score,r2,rmse,shift_corr_metric,shift,uses,delay_days
sewage,341.0,0.724905,0.577221,0.768562,0.018493,0.475211,0.456497,0.13599,spearman,-3,sewage,-3
icu,340.0,0.47075,0.370925,0.523722,0.032738,-0.051334,-0.051339,0.180937,spearman,-9,icu,-9
hospital,341.0,0.784066,0.609303,0.793284,0.012048,0.188886,0.188714,0.109765,spearman,-5,hospital,-5
case-counts,341.0,0.962933,0.859745,0.970379,0.003903,0.912772,0.909593,0.062472,spearman,-1,case-counts,-1
municipal-case-counts,341.0,0.959481,0.846319,0.966217,0.003527,0.913875,0.911406,0.05939,spearman,-2,municipal-case-counts,-2
ggd-positive-tests,341.0,0.964216,0.86283,0.972092,0.003781,0.914567,0.912733,0.061487,spearman,-1,ggd-positive-tests,-1
nursing-homes,339.0,0.826353,0.627253,0.82743,0.016282,0.681676,0.668424,0.127601,spearman,-6,nursing-homes,-6
combined,256,0.96933,0.877093,0.977537,0.003399,0.924065,0.919717,0.058297,,0,"case-counts, ggd-positive-tests, municipal-case-counts, nursing-homes",
