,N,pearsons_r,kendall,spearman,mse,explained_variance_score,r2,rmse,shift_corr_metric,shift,uses,delay_days
sewage,359.0,0.741518,0.58162,0.773961,0.017951,0.512116,0.487745,0.13398,spearman,-2,sewage,-2
icu,358.0,0.502215,0.394658,0.553338,0.030751,0.009333,0.009331,0.175361,spearman,-8,icu,-8
hospital,359.0,0.776123,0.611638,0.796596,0.012272,0.255662,0.254887,0.110781,spearman,-4,hospital,-4
case-counts,359.0,0.9655,0.85175,0.968205,0.00361,0.918479,0.915311,0.060087,spearman,0,case-counts,0
municipal-case-counts,359.0,0.957164,0.842075,0.963527,0.003788,0.909138,0.905849,0.061545,spearman,-2,municipal-case-counts,-2
ggd-positive-tests,359.0,0.964657,0.851709,0.968048,0.003827,0.914793,0.912185,0.061865,spearman,0,ggd-positive-tests,0
nursing-homes,351.0,0.818488,0.620217,0.823197,0.018441,0.66707,0.645059,0.135798,spearman,-5,nursing-homes,-5
combined,274,0.969748,0.867709,0.975617,0.003492,0.925169,0.919478,0.05909,,0,"case-counts, ggd-positive-tests, municipal-case-counts, nursing-homes",
