,N,pearsons_r,kendall,spearman,mse,explained_variance_score,r2,rmse,shift_corr_metric,shift,uses,delay_days
sewage,434.0,0.835918,0.538576,0.723715,0.026746,0.668607,0.658148,0.163541,pearsons_r,-2,sewage,-2
icu,434.0,0.719391,0.408944,0.569184,0.043393,0.417396,0.41613,0.208311,pearsons_r,-10,icu,-10
hospital,434.0,0.884424,0.619196,0.800929,0.021254,0.396103,0.395646,0.145787,pearsons_r,-8,hospital,-8
case-counts,311.0,0.965473,0.86474,0.971109,0.00385,0.918426,0.915988,0.062048,spearman,-1,case-counts,-1
municipal-case-counts,434.0,0.794242,0.847851,0.956508,0.159264,0.535602,0.528893,0.399079,spearman,-3,municipal-case-counts,-3
ggd-positive-tests,434.0,0.506507,0.829543,0.948457,0.947584,0.196315,0.189989,0.973439,spearman,-2,ggd-positive-tests,-2
nursing-homes,434.0,0.844117,0.584131,0.781294,0.028947,0.703794,0.680881,0.170137,pearsons_r,-7,nursing-homes,-7
combined,224,0.967303,0.877481,0.977032,0.003909,0.920402,0.916366,0.062518,,0,"case-counts, ggd-positive-tests, municipal-case-counts, nursing-homes",
