,N,pearsons_r,kendall,spearman,mse,explained_variance_score,r2,rmse,shift_corr_metric,shift,uses,delay_days
sewage,245.0,0.832347,0.461491,0.632497,0.036518,0.653818,0.65381,0.191098,pearsons_r,-2,sewage,-2
icu,244.0,0.760798,0.420429,0.556804,0.052764,0.495019,0.481576,0.229704,pearsons_r,-10,icu,-10
hospital,245.0,0.885486,0.572252,0.74643,0.031603,0.384179,0.349121,0.177771,pearsons_r,-9,hospital,-9
case-counts,245.0,0.592763,0.843285,0.951919,0.677547,0.290198,0.277249,0.823133,spearman,-1,case-counts,-1
municipal-case-counts,245.0,0.702453,0.853268,0.960723,0.314997,0.431398,0.421205,0.561246,spearman,-4,municipal-case-counts,-4
ggd-positive-tests,245.0,0.488769,0.827365,0.944119,1.668134,0.175317,0.165072,1.291563,spearman,-2,ggd-positive-tests,-2
nursing-homes,244.0,0.831477,0.545472,0.743073,0.039515,0.669095,0.661506,0.198784,pearsons_r,-7,nursing-homes,-7
combined,35,0.979491,0.934134,0.986409,0.000625,0.9594,0.958029,0.024999,,0,"case-counts, ggd-positive-tests, municipal-case-counts, nursing-homes",
