,N,pearsons_r,kendall,spearman,mse,explained_variance_score,r2,rmse,shift_corr_metric,shift,uses,delay_days
sewage,318.0,0.846779,0.520666,0.703303,0.030383,0.674482,0.665478,0.174309,pearsons_r,-2,sewage,-2
icu,318.0,0.770101,0.446662,0.607339,0.042862,0.48213,0.482125,0.207032,pearsons_r,-10,icu,-10
hospital,318.0,0.895622,0.61486,0.793673,0.026117,0.387029,0.385123,0.161607,pearsons_r,-8,hospital,-8
case-counts,318.0,0.694961,0.852206,0.953856,0.479812,0.374417,0.363657,0.692685,spearman,0,case-counts,0
municipal-case-counts,318.0,0.790055,0.845453,0.951905,0.216518,0.52464,0.515909,0.465315,spearman,-3,municipal-case-counts,-3
ggd-positive-tests,318.0,0.56702,0.846172,0.941808,1.238871,0.222714,0.214565,1.113046,spearman,-1,ggd-positive-tests,-1
nursing-homes,316.0,0.851271,0.583337,0.781194,0.032848,0.70961,0.69069,0.181241,pearsons_r,-7,nursing-homes,-7
combined,108,0.974126,0.887299,0.979434,0.003976,0.938786,0.934661,0.063057,,0,"case-counts, ggd-positive-tests, municipal-case-counts, nursing-homes",
