,N,pearsons_r,kendall,spearman,mse,explained_variance_score,r2,rmse,shift_corr_metric,shift,uses,delay_days
sewage,350.0,0.849524,0.520368,0.698096,0.027696,0.682492,0.674032,0.166422,pearsons_r,-2,sewage,-2
icu,350.0,0.75812,0.414634,0.570981,0.04221,0.469566,0.469537,0.205451,pearsons_r,-10,icu,-10
hospital,350.0,0.888058,0.596364,0.776331,0.024586,0.400012,0.397549,0.156799,pearsons_r,-8,hospital,-8
case-counts,350.0,0.613655,0.839351,0.952149,0.479314,0.315889,0.306359,0.692325,spearman,-1,case-counts,-1
municipal-case-counts,350.0,0.792405,0.842222,0.952266,0.196578,0.52835,0.520498,0.443371,spearman,-3,municipal-case-counts,-3
ggd-positive-tests,350.0,0.503966,0.825655,0.943554,1.17367,0.191763,0.184437,1.083361,spearman,-2,ggd-positive-tests,-2
nursing-homes,350.0,0.850177,0.570493,0.763444,0.030601,0.711137,0.698655,0.174931,pearsons_r,-7,nursing-homes,-7
combined,140,0.967538,0.885728,0.979456,0.003544,0.927161,0.925867,0.059528,,0,"case-counts, ggd-positive-tests, municipal-case-counts, nursing-homes",
