,N,pearsons_r,kendall,spearman,mse,explained_variance_score,r2,rmse,shift_corr_metric,shift,uses,delay_days
sewage,203.0,0.864553,0.484568,0.675281,0.034352,0.721919,0.718386,0.185343,pearsons_r,-2,sewage,-2
icu,203.0,0.824841,0.551568,0.734721,0.042821,0.62624,0.625877,0.206933,pearsons_r,-10,icu,-10
hospital,203.0,0.918001,0.637388,0.811756,0.028265,0.517324,0.510761,0.168122,pearsons_r,-8,hospital,-8
case-counts,203.0,0.687547,0.831885,0.933653,0.762709,0.34804,0.333478,0.873332,spearman,0,case-counts,0
municipal-case-counts,203.0,0.70518,0.833757,0.946626,0.38201,0.428317,0.415407,0.61807,spearman,-4,municipal-case-counts,-4
nursing-homes,203.0,0.786866,0.494224,0.654832,0.060658,0.59526,0.579954,0.246289,pearsons_r,-7,nursing-homes,-7
combined,203,0.955988,0.778975,0.926593,0.011507,0.888781,0.888328,0.107271,,0,"case-counts, hospital, icu, municipal-case-counts, nursing-homes, sewage",
