,N,pearsons_r,kendall,spearman,mse,explained_variance_score,r2,rmse,shift_corr_metric,shift,uses,delay_days
sewage,450.0,0.717073,0.561513,0.753364,0.018972,0.487073,0.450842,0.137737,spearman,-2,sewage,-2
icu,449.0,0.4549,0.380508,0.533298,0.0311,-0.037837,-0.0428,0.176352,spearman,-9,icu,-9
hospital,450.0,0.769516,0.615478,0.798087,0.011089,0.270225,0.262147,0.105302,spearman,-4,hospital,-4
case-counts,450.0,0.958881,0.841439,0.963637,0.003589,0.906748,0.904332,0.059907,spearman,-1,case-counts,-1
municipal-case-counts,450.0,0.951695,0.833976,0.960982,0.00364,0.899159,0.897277,0.06033,spearman,-3,municipal-case-counts,-3
ggd-positive-tests,450.0,0.956915,0.833264,0.95721,0.003882,0.900209,0.899839,0.062304,spearman,-1,ggd-positive-tests,-1
nursing-homes,446.0,0.805175,0.62553,0.821451,0.019216,0.643454,0.615768,0.138621,spearman,-4,nursing-homes,-4
combined,365,0.964494,0.850368,0.967161,0.003076,0.916338,0.913796,0.05546,,0,"case-counts, ggd-positive-tests, municipal-case-counts, nursing-homes",
