,N,pearsons_r,kendall,spearman,mse,explained_variance_score,r2,rmse,shift_corr_metric,shift,uses,delay_days
sewage,206.0,0.861846,0.474571,0.66345,0.034498,0.716657,0.714068,0.185736,pearsons_r,-2,sewage,-2
icu,206.0,0.820115,0.529851,0.710242,0.043503,0.618377,0.618357,0.208573,pearsons_r,-10,icu,-10
hospital,206.0,0.91697,0.632474,0.808043,0.028215,0.51085,0.50341,0.167973,pearsons_r,-8,hospital,-8
case-counts,206.0,0.686981,0.836094,0.936482,0.751692,0.34787,0.333527,0.867002,spearman,0,case-counts,0
municipal-case-counts,206.0,0.704836,0.836859,0.948989,0.376484,0.428229,0.415404,0.613583,spearman,-4,municipal-case-counts,-4
ggd-positive-tests,206.0,0.492863,0.807306,0.92703,1.987315,0.174263,0.161984,1.409722,spearman,-2,ggd-positive-tests,-2
nursing-homes,206.0,0.783842,0.481075,0.641424,0.060403,0.589813,0.577081,0.24577,pearsons_r,-7,nursing-homes,-7
combined,206,0.955147,0.833225,0.959306,0.011108,0.903584,0.90337,0.105392,,0,"case-counts, ggd-positive-tests, hospital, icu, municipal-case-counts, nursing-homes, sewage",
