,N,pearsons_r,kendall,spearman,mse,explained_variance_score,r2,rmse,shift_corr_metric,shift,uses,delay_days
sewage,443.0,0.705182,0.567454,0.758182,0.019777,0.460575,0.419803,0.14063,spearman,-3,sewage,-3
icu,441.0,0.460519,0.380931,0.53754,0.031759,-0.019261,-0.024759,0.178212,spearman,-9,icu,-9
hospital,443.0,0.768738,0.6194,0.799938,0.011344,0.251502,0.24425,0.106509,spearman,-4,hospital,-4
case-counts,443.0,0.959268,0.843662,0.964911,0.00355,0.908622,0.906061,0.059582,spearman,-1,case-counts,-1
municipal-case-counts,443.0,0.951972,0.834884,0.961499,0.003631,0.900457,0.898383,0.060259,spearman,-3,municipal-case-counts,-3
ggd-positive-tests,443.0,0.958758,0.840306,0.961305,0.003695,0.905417,0.904587,0.06079,spearman,-1,ggd-positive-tests,-1
nursing-homes,438.0,0.812764,0.632249,0.82929,0.018671,0.655662,0.626622,0.136641,spearman,-5,nursing-homes,-5
combined,358,0.964924,0.853293,0.968532,0.003151,0.917477,0.913677,0.05613,,0,"case-counts, ggd-positive-tests, municipal-case-counts, nursing-homes",
