,N,pearsons_r,kendall,spearman,mse,explained_variance_score,r2,rmse,shift_corr_metric,shift,uses,delay_days
sewage,436.0,0.713094,0.567478,0.76067,0.019163,0.468338,0.427101,0.138432,spearman,-3,sewage,-3
icu,434.0,0.45248,0.369577,0.522261,0.032169,-0.051151,-0.053698,0.179358,spearman,-9,icu,-9
hospital,436.0,0.767356,0.613251,0.795255,0.011573,0.237733,0.233295,0.107576,spearman,-4,hospital,-4
case-counts,436.0,0.958842,0.840627,0.963383,0.003608,0.908132,0.905995,0.060067,spearman,-1,case-counts,-1
municipal-case-counts,436.0,0.951293,0.832528,0.960513,0.003671,0.900024,0.897927,0.060585,spearman,-3,municipal-case-counts,-3
ggd-positive-tests,436.0,0.958867,0.839636,0.961448,0.00367,0.906529,0.906056,0.06058,spearman,-1,ggd-positive-tests,-1
nursing-homes,431.0,0.811034,0.626021,0.824943,0.01886,0.653546,0.627809,0.137333,spearman,-5,nursing-homes,-5
combined,351,0.963062,0.848342,0.966169,0.00323,0.915311,0.912453,0.056829,,0,"case-counts, ggd-positive-tests, municipal-case-counts, nursing-homes",
