,N,pearsons_r,kendall,spearman,mse,explained_variance_score,r2,rmse,shift_corr_metric,shift,uses,delay_days
sewage,413.0,0.834106,0.539527,0.724776,0.027888,0.662187,0.650549,0.166997,pearsons_r,-2,sewage,-2
icu,412.0,0.720388,0.417866,0.581772,0.045117,0.425032,0.424931,0.212408,pearsons_r,-10,icu,-10
hospital,413.0,0.881127,0.613795,0.795754,0.022366,0.390646,0.388849,0.149552,pearsons_r,-8,hospital,-8
case-counts,290.0,0.964373,0.864719,0.969983,0.004024,0.917135,0.914083,0.063438,spearman,-1,case-counts,-1
municipal-case-counts,413.0,0.792086,0.845186,0.955687,0.167339,0.53253,0.525177,0.409071,spearman,-3,municipal-case-counts,-3
ggd-positive-tests,413.0,0.503771,0.823246,0.946258,0.995856,0.194163,0.187371,0.997926,spearman,-2,ggd-positive-tests,-2
nursing-homes,412.0,0.843553,0.59395,0.791673,0.02998,0.701919,0.678527,0.173146,pearsons_r,-7,nursing-homes,-7
combined,203,0.964514,0.875123,0.976135,0.004315,0.917487,0.912363,0.065685,,0,"case-counts, ggd-positive-tests, municipal-case-counts, nursing-homes",
