,N,pearsons_r,kendall,spearman,mse,explained_variance_score,r2,rmse,shift_corr_metric,shift,uses
sewage,182.0,0.86631,0.51951,0.71447,0.036728,0.728527,0.726741,0.191645,pearsons_r,-2,sewage
icu,182.0,0.820541,0.525684,0.714924,0.047382,0.612509,0.610004,0.217673,pearsons_r,-10,icu
hospital,182.0,0.927025,0.623491,0.81485,0.029225,0.521499,0.5194,0.170952,pearsons_r,-9,hospital
case-counts,182.0,0.688163,0.833446,0.934958,0.852577,0.345301,0.328771,0.923351,spearman,0,case-counts
municipal-case-counts,182.0,0.705816,0.829279,0.94669,0.423987,0.426491,0.411822,0.651143,spearman,-4,municipal-case-counts
nursing-homes,181.0,0.790644,0.471301,0.630204,0.064037,0.587119,0.552367,0.253056,pearsons_r,-7,nursing-homes
combined,182,0.958489,0.772899,0.92686,0.012064,0.890386,0.88928,0.109838,,0,"case-counts, hospital, icu, municipal-case-counts, nursing-homes, sewage"
