,N,pearsons_r,kendall,spearman,mse,explained_variance_score,r2,rmse,shift_corr_metric,shift,uses,delay_days
sewage,241.0,0.832855,0.460497,0.633151,0.036942,0.654773,0.654772,0.192203,pearsons_r,-2,sewage,-2
icu,241.0,0.761829,0.423897,0.560059,0.053014,0.496553,0.483834,0.230247,pearsons_r,-10,icu,-10
hospital,241.0,0.882735,0.556702,0.737409,0.03273,0.378201,0.337426,0.180914,pearsons_r,-9,hospital,-9
case-counts,241.0,0.590372,0.841624,0.951402,0.689996,0.288473,0.275386,0.83066,spearman,-1,case-counts,-1
municipal-case-counts,241.0,0.700626,0.850966,0.959717,0.320955,0.429607,0.419608,0.566529,spearman,-4,municipal-case-counts,-4
ggd-positive-tests,241.0,0.487154,0.829633,0.945278,1.69676,0.174492,0.164048,1.302597,spearman,-2,ggd-positive-tests,-2
nursing-homes,241.0,0.828967,0.532835,0.730862,0.040409,0.665087,0.659817,0.201019,pearsons_r,-7,nursing-homes,-7
combined,31,0.952623,0.882897,0.966102,0.001196,0.906195,0.89552,0.034586,,0,"case-counts, ggd-positive-tests, municipal-case-counts, nursing-homes",
