,N,pearsons_r,kendall,spearman,mse,explained_variance_score,r2,rmse,shift_corr_metric,shift,uses
sewage,171.0,0.8508208295328863,0.4704019633177793,0.6693327442902389,0.10706093974051532,0.6882451702314798,0.6793169376500097,0.32720168052825666,pearsons_r,-1,sewage
icu,171.0,0.8221378868775151,0.5386928355374155,0.7297490390115038,0.0495093786723672,0.6150502801012385,0.6134273973376922,0.2225070306133431,pearsons_r,-10,icu
hospital,171.0,0.9267152489349743,0.6484856809149202,0.8384337890989799,0.03137059723594442,0.5094689348033385,0.5060888150223926,0.17711746733720088,pearsons_r,-9,hospital
case-counts,171.0,0.6862287871177966,0.8297618579857434,0.9355912959723673,0.9073564666917528,0.34378457092534986,0.32595334551006794,0.9525526057345877,spearman,0,case-counts
municipal-case-counts,171.0,0.703955682062999,0.8268470036836857,0.9470321118708867,0.4513120003200626,0.42462938210029444,0.40921301435856794,0.6717975888019118,spearman,-4,municipal-case-counts
nursing-homes,170.0,0.7891908953916349,0.4710355115473477,0.632735146898286,0.06809190687792566,0.5802096252528457,0.5411646768728752,0.26094426009767996,pearsons_r,-7,nursing-homes
combined,171,0.9554205156966191,0.7586949340498618,0.9200559859987405,0.013049451153229686,0.9014842985410857,0.899421787499233,0.11423419432564702,,0,"case-counts, hospital, icu, municipal-case-counts, nursing-homes, sewage"
