,N,pearsons_r,kendall,spearman,mse,explained_variance_score,r2,rmse,shift_corr_metric,shift,uses,delay_days
sewage,495.0,0.730478,0.57802,0.77259,0.01869,0.514826,0.485018,0.136713,spearman,-2,sewage,-2
icu,494.0,0.433751,0.38493,0.540583,0.042439,0.071944,0.066506,0.206007,spearman,-8,icu,-8
hospital,495.0,0.7717,0.621633,0.808915,0.011159,0.256952,0.25144,0.105636,spearman,-5,hospital,-5
case-counts,495.0,0.95871,0.843362,0.964616,0.003387,0.909756,0.907876,0.058197,spearman,-1,case-counts,-1
municipal-case-counts,495.0,0.950674,0.833248,0.96093,0.003633,0.898656,0.897194,0.060278,spearman,-3,municipal-case-counts,-3
ggd-positive-tests,495.0,0.949966,0.823151,0.95376,0.004556,0.886919,0.886365,0.067495,spearman,-1,ggd-positive-tests,-1
nursing-homes,492.0,0.809395,0.628412,0.824677,0.018737,0.649589,0.628224,0.136883,spearman,-4,nursing-homes,-4
combined,410,0.963306,0.849082,0.966647,0.003038,0.916771,0.914657,0.055114,,0,"case-counts, ggd-positive-tests, municipal-case-counts, nursing-homes",
