,N,pearsons_r,kendall,spearman,mse,explained_variance_score,r2,rmse,shift_corr_metric,shift,uses,delay_days
sewage,248.0,0.837774,0.46653,0.642275,0.034661,0.669082,0.668476,0.186175,pearsons_r,-2,sewage,-2
icu,248.0,0.771897,0.431428,0.575644,0.048426,0.522097,0.514191,0.22006,pearsons_r,-10,icu,-10
hospital,248.0,0.89245,0.585533,0.763266,0.028649,0.436018,0.41172,0.169259,pearsons_r,-9,hospital,-9
case-counts,248.0,0.685666,0.839938,0.946885,0.614185,0.352079,0.337798,0.7837,spearman,0,case-counts,0
municipal-case-counts,248.0,0.70226,0.844219,0.957213,0.313859,0.429048,0.41687,0.560231,spearman,-4,municipal-case-counts,-4
ggd-positive-tests,248.0,0.489309,0.814188,0.938375,1.652553,0.174442,0.16341,1.285517,spearman,-2,ggd-positive-tests,-2
nursing-homes,248.0,0.835966,0.556424,0.753194,0.038381,0.681374,0.668532,0.195912,pearsons_r,-7,nursing-homes,-7
combined,38,0.968051,0.898034,0.975081,0.002054,0.936343,0.88848,0.045317,,0,"case-counts, ggd-positive-tests, municipal-case-counts, nursing-homes",
