,N,pearsons_r,kendall,spearman,mse,explained_variance_score,r2,rmse,shift_corr_metric,shift,uses
sewage,171.0,0.8508208295328864,0.4704019633177793,0.6693327442902389,0.10706093974051523,0.6882451702314798,0.6793169376500097,0.3272016805282565,pearsons_r,-1,sewage
icu,170.0,0.8219020072556689,0.5401319551016993,0.7312996693749799,0.04983350157235389,0.6142831925517445,0.6126076084500534,0.22323418549217297,pearsons_r,-10,icu
hospital,171.0,0.926520005455312,0.6487632860865447,0.8380832783191702,0.031419877866884514,0.5080869907718557,0.5048779642500363,0.17725653123900545,pearsons_r,-9,hospital
case-counts,171.0,0.6862381165265072,0.8287902398850575,0.9353896322360383,0.9073603583400229,0.3437914418777468,0.32594632896914255,0.9525546484795625,spearman,0,case-counts
municipal-case-counts,171.0,0.703954207936881,0.8274022140269348,0.9471497490504118,0.4513094274304106,0.424630573472612,0.4092038029066464,0.6717956738699726,spearman,-4,municipal-case-counts
nursing-homes,169.0,0.7894660243908204,0.4722021740669177,0.6346495057576858,0.06842851615744237,0.5805233084493151,0.5409090693163803,0.26158844805809445,pearsons_r,-7,nursing-homes
combined,171,0.9553940070944417,0.7591113418072984,0.9204581130920155,0.01306560333214719,0.9013807959780804,0.8992553183896133,0.11430487011561315,,0,"case-counts, hospital, icu, municipal-case-counts, nursing-homes, sewage"
