,N,pearsons_r,kendall,spearman,mse,explained_variance_score,r2,rmse,shift_corr_metric,shift,uses,delay_days
sewage,364.0,0.848106,0.532197,0.711475,0.027519,0.68314,0.671657,0.165889,pearsons_r,-2,sewage,-2
icu,364.0,0.738687,0.414619,0.57534,0.044919,0.4438,0.443608,0.211942,pearsons_r,-9,icu,-9
hospital,364.0,0.882884,0.592319,0.776051,0.024366,0.384485,0.383928,0.156095,pearsons_r,-8,hospital,-8
case-counts,364.0,0.613133,0.842159,0.953768,0.460927,0.316141,0.306767,0.678916,spearman,-1,case-counts,-1
municipal-case-counts,364.0,0.791827,0.841997,0.952959,0.189084,0.528733,0.521052,0.434838,spearman,-3,municipal-case-counts,-3
ggd-positive-tests,364.0,0.503791,0.823152,0.943677,1.12883,0.192122,0.184765,1.062464,spearman,-2,ggd-positive-tests,-2
nursing-homes,364.0,0.844055,0.575516,0.768482,0.031647,0.700123,0.68053,0.177895,pearsons_r,-7,nursing-homes,-7
combined,154,0.968693,0.884685,0.979074,0.003543,0.928669,0.925539,0.059526,,0,"case-counts, ggd-positive-tests, municipal-case-counts, nursing-homes",
