,N,pearsons_r,kendall,spearman,mse,explained_variance_score,r2,rmse,shift_corr_metric,shift,uses,delay_days
sewage,192.0,0.864069,0.496196,0.688428,0.036042,0.721427,0.717304,0.189847,pearsons_r,-2,sewage,-2
icu,192.0,0.825845,0.560065,0.744237,0.044352,0.626782,0.625729,0.210598,pearsons_r,-10,icu,-10
hospital,192.0,0.923634,0.640782,0.826165,0.028302,0.53231,0.528867,0.168231,pearsons_r,-9,hospital,-9
case-counts,192.0,0.687965,0.834371,0.934395,0.809793,0.346546,0.330953,0.899885,spearman,0,case-counts,0
municipal-case-counts,192.0,0.706447,0.835693,0.947863,0.402894,0.42816,0.414717,0.634739,spearman,-4,municipal-case-counts,-4
nursing-homes,192.0,0.793797,0.484634,0.645843,0.06081,0.59645,0.564526,0.246598,pearsons_r,-7,nursing-homes,-7
combined,192,0.958206,0.783276,0.9329,0.011631,0.890786,0.88989,0.107846,,0,"case-counts, hospital, icu, municipal-case-counts, nursing-homes, sewage",
