,N,pearsons_r,kendall,spearman,mse,explained_variance_score,r2,rmse,shift_corr_metric,shift,uses,delay_days
sewage,533.0,0.718034,0.566577,0.761734,0.019631,0.502414,0.461393,0.14011,spearman,-3,sewage,-3
icu,533.0,0.496557,0.4085,0.568733,0.030317,0.109926,0.099996,0.174119,spearman,-8,icu,-8
hospital,533.0,0.764284,0.608501,0.800994,0.010718,0.328491,0.31615,0.103528,spearman,-6,hospital,-6
case-counts,532.0,0.95477,0.841379,0.963838,0.003644,0.89917,0.897534,0.060364,spearman,-2,case-counts,-2
municipal-case-counts,533.0,0.945579,0.820264,0.954903,0.004161,0.883951,0.882518,0.064507,spearman,-3,municipal-case-counts,-3
ggd-positive-tests,526.0,0.937727,0.802038,0.93766,0.005645,0.859236,0.859236,0.075135,pearsons_r,-1,ggd-positive-tests,-1
nursing-homes,520.0,0.813072,0.634162,0.828502,0.017732,0.653492,0.632728,0.133162,spearman,-4,nursing-homes,-4
combined,448,0.965173,0.853759,0.968416,0.003001,0.913437,0.912303,0.054785,,0,"case-counts, ggd-positive-tests, municipal-case-counts, nursing-homes",
