,N,pearsons_r,kendall,spearman,mse,explained_variance_score,r2,rmse,shift_corr_metric,shift,uses,delay_days
sewage,238.0,0.831581,0.452661,0.625665,0.037217,0.656665,0.65647,0.192917,pearsons_r,-2,sewage,-2
icu,238.0,0.76647,0.416891,0.555408,0.051574,0.511296,0.501068,0.2271,pearsons_r,-10,icu,-10
hospital,238.0,0.888445,0.573489,0.745878,0.030834,0.410799,0.379386,0.175595,pearsons_r,-9,hospital,-9
case-counts,238.0,0.59723,0.838898,0.950069,0.696971,0.291219,0.276997,0.834848,spearman,-1,case-counts,-1
municipal-case-counts,238.0,0.70717,0.853992,0.960234,0.323913,0.432859,0.421596,0.569134,spearman,-4,municipal-case-counts,-4
ggd-positive-tests,238.0,0.493651,0.83203,0.944805,1.715938,0.176179,0.164891,1.309938,spearman,-2,ggd-positive-tests,-2
nursing-homes,237.0,0.83323,0.540622,0.738197,0.039857,0.675632,0.667736,0.199642,pearsons_r,-7,nursing-homes,-7
combined,28,0.949302,0.891631,0.972456,0.001351,0.891441,0.865802,0.036749,,0,"case-counts, ggd-positive-tests, municipal-case-counts, nursing-homes",
