,N,pearsons_r,kendall,spearman,mse,explained_variance_score,r2,rmse,shift_corr_metric,shift,uses,delay_days
sewage,241.0,0.832855,0.460497,0.633151,0.036942,0.654773,0.654772,0.192203,pearsons_r,-2,sewage,-2
icu,241.0,0.76496,0.439095,0.575398,0.051887,0.50116,0.4915,0.227788,pearsons_r,-10,icu,-10
hospital,241.0,0.882835,0.556493,0.738123,0.032756,0.376511,0.335511,0.180987,pearsons_r,-9,hospital,-9
case-counts,241.0,0.590364,0.841764,0.951437,0.689987,0.28847,0.275377,0.830655,spearman,-1,case-counts,-1
municipal-case-counts,241.0,0.700601,0.851175,0.959732,0.320971,0.429575,0.419623,0.566543,spearman,-4,municipal-case-counts,-4
ggd-positive-tests,241.0,0.487155,0.830052,0.945393,1.696753,0.174493,0.164043,1.302595,spearman,-2,ggd-positive-tests,-2
nursing-homes,240.0,0.831314,0.536863,0.738353,0.04009,0.668636,0.661476,0.200225,pearsons_r,-7,nursing-homes,-7
combined,31,0.95567,0.878558,0.966707,0.00106,0.912811,0.903969,0.032561,,0,"case-counts, ggd-positive-tests, municipal-case-counts, nursing-homes",
