,N,pearsons_r,kendall,spearman,mse,explained_variance_score,r2,rmse,shift_corr_metric,shift,uses,delay_days
sewage,467.0,0.721385,0.576369,0.771112,0.019022,0.499068,0.470927,0.137922,spearman,-3,sewage,-3
icu,467.0,0.501682,0.405675,0.56423,0.029171,0.066489,0.063321,0.170795,spearman,-8,icu,-8
hospital,467.0,0.780152,0.625217,0.809083,0.010745,0.333752,0.324152,0.103659,spearman,-4,hospital,-4
case-counts,467.0,0.96025,0.8469,0.966119,0.00361,0.907755,0.905729,0.06008,spearman,-1,case-counts,-1
municipal-case-counts,467.0,0.953832,0.840288,0.964534,0.00367,0.901088,0.899537,0.060584,spearman,-3,municipal-case-counts,-3
ggd-positive-tests,467.0,0.953269,0.836501,0.959935,0.004359,0.891322,0.89131,0.066019,spearman,-2,ggd-positive-tests,-2
nursing-homes,467.0,0.81161,0.624937,0.821682,0.019094,0.650583,0.632634,0.138182,spearman,-4,nursing-homes,-4
combined,382,0.966425,0.858054,0.969911,0.003086,0.916733,0.915354,0.055551,,0,"case-counts, ggd-positive-tests, municipal-case-counts, nursing-homes",
