,N,pearsons_r,kendall,spearman,mse,explained_variance_score,r2,rmse,shift_corr_metric,shift,uses,delay_days
sewage,345.0,0.721583,0.577019,0.770653,0.018893,0.471395,0.448073,0.137452,spearman,-3,sewage,-3
icu,345.0,0.470627,0.364759,0.516244,0.032343,-0.05646,-0.056598,0.179841,spearman,-8,icu,-8
hospital,345.0,0.785361,0.621783,0.803284,0.011916,0.197625,0.197401,0.109159,spearman,-5,hospital,-5
case-counts,345.0,0.962597,0.861595,0.971262,0.003864,0.912731,0.909513,0.062159,spearman,-1,case-counts,-1
municipal-case-counts,345.0,0.959221,0.849055,0.967277,0.003511,0.913691,0.910959,0.059257,spearman,-2,municipal-case-counts,-2
ggd-positive-tests,345.0,0.963287,0.863454,0.97247,0.003804,0.913405,0.911343,0.061677,spearman,-1,ggd-positive-tests,-1
nursing-homes,343.0,0.823515,0.626216,0.8278,0.016583,0.677072,0.662158,0.128773,spearman,-6,nursing-homes,-6
combined,260,0.968023,0.875546,0.97705,0.003436,0.922588,0.917946,0.058617,,0,"case-counts, ggd-positive-tests, municipal-case-counts, nursing-homes",
