,N,pearsons_r,kendall,spearman,mse,explained_variance_score,r2,rmse,shift_corr_metric,shift,uses,delay_days
sewage,362.0,0.743592,0.584571,0.776188,0.017859,0.517429,0.491924,0.133639,spearman,-2,sewage,-2
icu,362.0,0.481305,0.380265,0.53668,0.031321,-0.050305,-0.051199,0.176979,spearman,-8,icu,-8
hospital,362.0,0.763086,0.604844,0.790146,0.01277,0.253062,0.252518,0.113005,spearman,-4,hospital,-4
case-counts,362.0,0.965092,0.850909,0.967778,0.003706,0.917006,0.913314,0.060877,spearman,0,case-counts,0
municipal-case-counts,362.0,0.957031,0.841981,0.963324,0.003783,0.90891,0.905493,0.061507,spearman,-2,municipal-case-counts,-2
ggd-positive-tests,362.0,0.964654,0.851839,0.968024,0.003814,0.914802,0.912035,0.061761,spearman,0,ggd-positive-tests,0
nursing-homes,351.0,0.819397,0.620633,0.823757,0.018375,0.668411,0.646325,0.135556,spearman,-5,nursing-homes,-5
combined,277,0.969625,0.867727,0.975601,0.003535,0.924599,0.918425,0.059452,,0,"case-counts, ggd-positive-tests, municipal-case-counts, nursing-homes",
