,N,pearsons_r,kendall,spearman,mse,explained_variance_score,r2,rmse,shift_corr_metric,shift,uses,delay_days
sewage,339.0,0.849788,0.525632,0.70581,0.028425,0.683232,0.675239,0.168597,pearsons_r,-2,sewage,-2
icu,339.0,0.768898,0.434207,0.594362,0.041268,0.48607,0.486069,0.203145,pearsons_r,-10,icu,-10
hospital,339.0,0.897035,0.61329,0.800192,0.024674,0.390697,0.389795,0.157081,pearsons_r,-9,hospital,-9
case-counts,339.0,0.613079,0.843562,0.954051,0.494235,0.315429,0.305341,0.703019,spearman,-1,case-counts,-1
municipal-case-counts,339.0,0.792065,0.843878,0.952836,0.203005,0.527801,0.519586,0.450561,spearman,-3,municipal-case-counts,-3
ggd-positive-tests,339.0,0.503256,0.830195,0.945861,1.211711,0.191271,0.183578,1.100778,spearman,-2,ggd-positive-tests,-2
nursing-homes,337.0,0.851921,0.57848,0.774057,0.031356,0.713039,0.697432,0.177075,pearsons_r,-7,nursing-homes,-7
combined,129,0.970321,0.889701,0.979398,0.003617,0.932287,0.930056,0.060141,,0,"case-counts, ggd-positive-tests, municipal-case-counts, nursing-homes",
