,N,pearsons_r,kendall,spearman,mse,explained_variance_score,r2,rmse,shift_corr_metric,shift,uses,delay_days
sewage,343.0,0.849978,0.524231,0.703066,0.028136,0.683462,0.67494,0.167739,pearsons_r,-2,sewage,-2
icu,343.0,0.76809,0.431854,0.592759,0.041108,0.487581,0.487555,0.202751,pearsons_r,-10,icu,-10
hospital,343.0,0.897341,0.613979,0.793331,0.024296,0.397683,0.396635,0.155872,pearsons_r,-8,hospital,-8
case-counts,343.0,0.613314,0.842312,0.953715,0.489067,0.315579,0.305657,0.699333,spearman,-1,case-counts,-1
municipal-case-counts,343.0,0.792286,0.843308,0.952749,0.200604,0.528131,0.51997,0.447888,spearman,-3,municipal-case-counts,-3
ggd-positive-tests,343.0,0.503602,0.829564,0.945551,1.197594,0.19151,0.183907,1.094346,spearman,-2,ggd-positive-tests,-2
nursing-homes,343.0,0.852052,0.576423,0.770781,0.030826,0.713691,0.699002,0.175575,pearsons_r,-7,nursing-homes,-7
combined,133,0.969866,0.887996,0.979578,0.003555,0.931367,0.929166,0.059622,,0,"case-counts, ggd-positive-tests, municipal-case-counts, nursing-homes",
