,N,pearsons_r,kendall,spearman,mse,explained_variance_score,r2,rmse,shift_corr_metric,shift,uses,delay_days
sewage,217.0,0.834626,0.418333,0.587899,0.039552,0.657892,0.657889,0.198877,pearsons_r,-2,sewage,-2
icu,217.0,0.776773,0.434615,0.574158,0.052851,0.52656,0.522639,0.229895,pearsons_r,-10,icu,-10
hospital,217.0,0.880564,0.548588,0.705444,0.034718,0.396037,0.367789,0.186327,pearsons_r,-8,hospital,-8
case-counts,217.0,0.683678,0.839078,0.941603,0.713282,0.348444,0.33442,0.84456,spearman,0,case-counts,0
municipal-case-counts,217.0,0.702876,0.842696,0.953531,0.357672,0.429011,0.416594,0.598057,spearman,-4,municipal-case-counts,-4
ggd-positive-tests,217.0,0.48951,0.817196,0.935134,1.887218,0.174162,0.162154,1.373761,spearman,-2,ggd-positive-tests,-2
nursing-homes,216.0,0.776412,0.478556,0.635771,0.060469,0.575457,0.565772,0.245905,pearsons_r,-8,nursing-homes,-8
combined,7,0.809181,0.450564,0.52736,0.00285,0.385474,0.306848,0.053387,,0,"case-counts, ggd-positive-tests, municipal-case-counts, nursing-homes",
