,N,pearsons_r,kendall,spearman,mse,explained_variance_score,r2,rmse,shift_corr_metric,shift,uses,delay_days
sewage,402.0,0.835042,0.546055,0.7318,0.028188,0.664002,0.653655,0.167893,pearsons_r,-2,sewage,-2
icu,402.0,0.717645,0.412904,0.576986,0.046328,0.418135,0.417949,0.21524,pearsons_r,-10,icu,-10
hospital,402.0,0.880463,0.610637,0.791769,0.023124,0.369889,0.368349,0.152067,pearsons_r,-8,hospital,-8
case-counts,279.0,0.963778,0.862789,0.968697,0.004079,0.917467,0.913212,0.063869,spearman,-1,case-counts,-1
municipal-case-counts,402.0,0.790917,0.844683,0.955746,0.171856,0.531051,0.523189,0.414555,spearman,-3,municipal-case-counts,-3
ggd-positive-tests,402.0,0.502214,0.822883,0.946406,1.023018,0.193043,0.18586,1.011444,spearman,-2,ggd-positive-tests,-2
nursing-homes,402.0,0.844024,0.593992,0.792117,0.029794,0.700603,0.679183,0.172609,pearsons_r,-7,nursing-homes,-7
combined,192,0.966605,0.87052,0.97481,0.004007,0.924595,0.918662,0.063298,,0,"case-counts, ggd-positive-tests, municipal-case-counts, nursing-homes",
