,N,pearsons_r,kendall,spearman,mse,explained_variance_score,r2,rmse,shift_corr_metric,shift,uses,delay_days
sewage,509.0,0.711657,0.567683,0.763413,0.02067,0.489948,0.451533,0.143772,spearman,-3,sewage,-3
icu,509.0,0.450511,0.389724,0.545643,0.037442,0.068547,0.060176,0.193499,spearman,-8,icu,-8
hospital,509.0,0.755136,0.603651,0.794969,0.011608,0.263448,0.252266,0.10774,spearman,-6,hospital,-6
case-counts,509.0,0.957348,0.840739,0.963614,0.003444,0.906614,0.904717,0.058688,spearman,-1,case-counts,-1
municipal-case-counts,509.0,0.948927,0.82882,0.958956,0.003786,0.894108,0.892482,0.061527,spearman,-3,municipal-case-counts,-3
ggd-positive-tests,509.0,0.939909,0.807274,0.942204,0.005359,0.867131,0.867091,0.073205,spearman,-1,ggd-positive-tests,-1
nursing-homes,509.0,0.80882,0.629439,0.82558,0.018237,0.649128,0.62693,0.135046,spearman,-4,nursing-homes,-4
combined,424,0.962117,0.846068,0.965589,0.003094,0.913598,0.911624,0.055623,,0,"case-counts, ggd-positive-tests, municipal-case-counts, nursing-homes",
