,N,pearsons_r,kendall,spearman,mse,explained_variance_score,r2,rmse,shift_corr_metric,shift,uses
sewage,185.0,0.866945,0.517567,0.711692,0.036122,0.7292,0.726941,0.190058,pearsons_r,-2,sewage
icu,185.0,0.823035,0.546159,0.734733,0.046218,0.621548,0.620622,0.214984,pearsons_r,-10,icu
hospital,185.0,0.924772,0.644274,0.827509,0.029021,0.528121,0.52449,0.170355,pearsons_r,-9,hospital
case-counts,185.0,0.687738,0.833742,0.934671,0.839331,0.34543,0.329023,0.91615,spearman,0,case-counts
municipal-case-counts,185.0,0.705376,0.832675,0.947672,0.417902,0.42637,0.412045,0.646453,spearman,-4,municipal-case-counts
nursing-homes,185.0,0.793233,0.479246,0.639453,0.062422,0.592459,0.557038,0.249845,pearsons_r,-7,nursing-homes
combined,185,0.958455,0.778931,0.930188,0.011905,0.890789,0.889724,0.10911,,0,"case-counts, hospital, icu, municipal-case-counts, nursing-homes, sewage"
