,N,pearsons_r,kendall,spearman,mse,explained_variance_score,r2,rmse,shift_corr_metric,shift,uses,delay_days
sewage,287.0,0.842042,0.495994,0.675754,0.031197,0.673821,0.670566,0.176626,pearsons_r,-2,sewage,-2
icu,287.0,0.763036,0.422381,0.574455,0.045188,0.489342,0.486854,0.212574,pearsons_r,-10,icu,-10
hospital,287.0,0.886881,0.575202,0.74941,0.027308,0.385026,0.371166,0.165252,pearsons_r,-8,hospital,-8
case-counts,287.0,0.688822,0.839605,0.948433,0.530957,0.360454,0.347938,0.728668,spearman,0,case-counts,0
municipal-case-counts,287.0,0.783569,0.829292,0.943082,0.239701,0.50837,0.497934,0.489593,spearman,-3,municipal-case-counts,-3
ggd-positive-tests,287.0,0.562443,0.829685,0.932768,1.372433,0.213239,0.20382,1.171509,spearman,-1,ggd-positive-tests,-1
nursing-homes,287.0,0.835576,0.534281,0.736935,0.035795,0.675237,0.652663,0.189194,pearsons_r,-7,nursing-homes,-7
combined,77,0.957851,0.862167,0.961667,0.004743,0.909158,0.896238,0.068867,,0,"case-counts, ggd-positive-tests, municipal-case-counts, nursing-homes",
