,N,pearsons_r,kendall,spearman,mse,explained_variance_score,r2,rmse,shift_corr_metric,shift,uses,delay_days
sewage,262.0,0.841674,0.484543,0.660768,0.033066,0.674352,0.673085,0.181842,pearsons_r,-2,sewage,-2
icu,262.0,0.765159,0.407698,0.553716,0.047811,0.499085,0.496575,0.218658,pearsons_r,-10,icu,-10
hospital,262.0,0.89026,0.575677,0.7464,0.028237,0.410661,0.396996,0.16804,pearsons_r,-8,hospital,-8
case-counts,262.0,0.687267,0.842348,0.948631,0.58077,0.356553,0.343534,0.762082,spearman,0,case-counts,0
municipal-case-counts,262.0,0.704495,0.840519,0.95682,0.298209,0.433638,0.422622,0.546085,spearman,-4,municipal-case-counts,-4
ggd-positive-tests,262.0,0.491361,0.813391,0.939044,1.565884,0.177265,0.167041,1.251353,spearman,-2,ggd-positive-tests,-2
nursing-homes,262.0,0.836743,0.54102,0.739765,0.037467,0.680547,0.664459,0.193565,pearsons_r,-7,nursing-homes,-7
combined,52,0.983692,0.912291,0.984241,0.001909,0.960527,0.954306,0.043694,,0,"case-counts, ggd-positive-tests, municipal-case-counts, nursing-homes",
