,N,pearsons_r,kendall,spearman,mse,explained_variance_score,r2,rmse,shift_corr_metric,shift,uses,delay_days
sewage,360.0,0.848781,0.528067,0.705985,0.027368,0.682259,0.67207,0.165433,pearsons_r,-2,sewage,-2
icu,360.0,0.754197,0.4228,0.583862,0.04227,0.470168,0.469843,0.205596,pearsons_r,-10,icu,-10
hospital,360.0,0.883944,0.590219,0.772918,0.024465,0.384364,0.383659,0.156414,pearsons_r,-8,hospital,-8
case-counts,360.0,0.613263,0.841809,0.953359,0.466017,0.315914,0.306585,0.682654,spearman,-1,case-counts,-1
municipal-case-counts,360.0,0.792131,0.841498,0.952433,0.191192,0.5285,0.520835,0.437255,spearman,-3,municipal-case-counts,-3
ggd-positive-tests,360.0,0.503902,0.824,0.943436,1.141245,0.191943,0.184692,1.068291,spearman,-2,ggd-positive-tests,-2
nursing-homes,358.0,0.845946,0.573687,0.765383,0.031273,0.702908,0.685312,0.176842,pearsons_r,-7,nursing-homes,-7
combined,150,0.968355,0.885618,0.979218,0.003396,0.928865,0.926721,0.058273,,0,"case-counts, ggd-positive-tests, municipal-case-counts, nursing-homes",
