,N,pearsons_r,kendall,spearman,mse,explained_variance_score,r2,rmse,shift_corr_metric,shift,uses,delay_days
sewage,388.0,0.846472,0.550222,0.734205,0.026754,0.679834,0.669575,0.163566,pearsons_r,-2,sewage,-2
icu,388.0,0.71293,0.411771,0.577659,0.048306,0.401352,0.401193,0.219786,pearsons_r,-9,icu,-9
hospital,388.0,0.878412,0.597492,0.783409,0.024181,0.364582,0.362612,0.155504,pearsons_r,-8,hospital,-8
case-counts,265.0,0.965763,0.861174,0.967406,0.004117,0.920873,0.916562,0.064167,spearman,-1,case-counts,-1
municipal-case-counts,388.0,0.791373,0.845078,0.955641,0.177927,0.531473,0.52325,0.421814,spearman,-3,municipal-case-counts,-3
ggd-positive-tests,388.0,0.502549,0.824736,0.946811,1.059739,0.193198,0.18565,1.029436,spearman,-2,ggd-positive-tests,-2
nursing-homes,386.0,0.844406,0.586551,0.78771,0.03101,0.701256,0.678861,0.176097,pearsons_r,-7,nursing-homes,-7
combined,178,0.970102,0.877378,0.976675,0.004021,0.930378,0.923818,0.063411,,0,"case-counts, ggd-positive-tests, municipal-case-counts, nursing-homes",
