,N,pearsons_r,kendall,spearman,mse,explained_variance_score,r2,rmse,shift_corr_metric,shift,uses,delay_days
sewage,446.0,0.703865,0.566662,0.757846,0.019724,0.459887,0.421398,0.140441,spearman,-3,sewage,-3
icu,444.0,0.457533,0.382736,0.536291,0.031371,-0.031208,-0.034754,0.177119,spearman,-9,icu,-9
hospital,446.0,0.770366,0.620992,0.801051,0.011207,0.256147,0.246296,0.105865,spearman,-4,hospital,-4
case-counts,446.0,0.959229,0.842602,0.964026,0.003567,0.90809,0.905155,0.059728,spearman,-1,case-counts,-1
municipal-case-counts,446.0,0.952067,0.835384,0.961548,0.003634,0.900079,0.898121,0.060284,spearman,-3,municipal-case-counts,-3
ggd-positive-tests,446.0,0.958608,0.839804,0.960975,0.003734,0.904194,0.903582,0.061108,spearman,-1,ggd-positive-tests,-1
nursing-homes,443.0,0.800003,0.619686,0.81578,0.019892,0.63506,0.611566,0.141037,spearman,-4,nursing-homes,-4
combined,361,0.965243,0.8524,0.96803,0.003036,0.918357,0.915464,0.0551,,0,"case-counts, ggd-positive-tests, municipal-case-counts, nursing-homes",
