,N,pearsons_r,kendall,spearman,mse,explained_variance_score,r2,rmse,shift_corr_metric,shift,uses
sewage,171.0,0.850931,0.471096,0.669795,0.106997,0.688374,0.679551,0.327104,pearsons_r,-1,sewage
icu,171.0,0.822029,0.535917,0.727888,0.04954,0.615105,0.613608,0.222576,pearsons_r,-10,icu
hospital,171.0,0.92669,0.64571,0.835665,0.03098,0.522822,0.519587,0.176011,pearsons_r,-9,hospital
case-counts,171.0,0.68627,0.829623,0.935484,0.907367,0.343792,0.326056,0.952558,spearman,0,case-counts
municipal-case-counts,171.0,0.703952,0.827402,0.94715,0.451311,0.424628,0.409205,0.671797,spearman,-4,municipal-case-counts
nursing-homes,171.0,0.789459,0.469708,0.631359,0.067667,0.580852,0.541803,0.260128,pearsons_r,-7,nursing-homes
combined,171,0.955593,0.758834,0.91975,0.013004,0.901915,0.899834,0.114033,,0,"case-counts, hospital, icu, municipal-case-counts, nursing-homes, sewage"
