,N,pearsons_r,kendall,spearman,mse,explained_variance_score,r2,rmse,shift_corr_metric,shift,uses,delay_days
sewage,199.0,0.864799,0.487413,0.679792,0.034895,0.722463,0.718307,0.186801,pearsons_r,-2,sewage,-2
icu,199.0,0.826034,0.561445,0.745142,0.04321,0.628732,0.628108,0.20787,pearsons_r,-10,icu,-10
hospital,199.0,0.920706,0.648807,0.829636,0.028348,0.516222,0.511484,0.168369,pearsons_r,-9,hospital,-9
case-counts,199.0,0.687963,0.831119,0.932777,0.777911,0.347867,0.33296,0.881992,spearman,0,case-counts,0
municipal-case-counts,199.0,0.705824,0.83399,0.94659,0.38948,0.428385,0.415455,0.624083,spearman,-4,municipal-case-counts,-4
nursing-homes,199.0,0.785978,0.49295,0.656024,0.062084,0.594214,0.57836,0.249166,pearsons_r,-7,nursing-homes,-7
combined,199,0.957704,0.782516,0.931107,0.011369,0.890764,0.890197,0.106626,,0,"case-counts, hospital, icu, municipal-case-counts, nursing-homes, sewage",
