,N,pearsons_r,kendall,spearman,mse,explained_variance_score,r2,rmse,shift_corr_metric,shift,uses,delay_days
sewage,434.0,0.8359,0.538554,0.723649,0.02675,0.668654,0.658256,0.163553,pearsons_r,-2,sewage,-2
icu,432.0,0.719536,0.407522,0.569023,0.04355,0.418412,0.417393,0.208685,pearsons_r,-10,icu,-10
hospital,434.0,0.884874,0.622092,0.803111,0.021158,0.401699,0.401112,0.145457,pearsons_r,-8,hospital,-8
case-counts,311.0,0.965507,0.864698,0.971009,0.003846,0.918505,0.916052,0.062018,spearman,-1,case-counts,-1
municipal-case-counts,434.0,0.794225,0.848065,0.956624,0.159259,0.535598,0.52887,0.399073,spearman,-3,municipal-case-counts,-3
ggd-positive-tests,434.0,0.50649,0.829816,0.948551,0.94758,0.196308,0.189973,0.973437,spearman,-2,ggd-positive-tests,-2
nursing-homes,432.0,0.844687,0.584316,0.781399,0.028964,0.704103,0.679097,0.170189,pearsons_r,-7,nursing-homes,-7
combined,224,0.967585,0.878854,0.977738,0.003879,0.921078,0.916828,0.062285,,0,"case-counts, ggd-positive-tests, municipal-case-counts, nursing-homes",
