,N,pearsons_r,kendall,spearman,mse,explained_variance_score,r2,rmse,shift_corr_metric,shift,uses,delay_days
sewage,280.0,0.841288,0.500306,0.678233,0.032042,0.677124,0.674464,0.179002,pearsons_r,-2,sewage,-2
icu,280.0,0.762962,0.42114,0.571431,0.045971,0.490504,0.486537,0.214409,pearsons_r,-10,icu,-10
hospital,280.0,0.884319,0.561217,0.735294,0.028168,0.371949,0.355942,0.167833,pearsons_r,-8,hospital,-8
case-counts,280.0,0.687206,0.832604,0.946038,0.544228,0.358385,0.34515,0.737718,spearman,0,case-counts,0
municipal-case-counts,280.0,0.7824,0.825431,0.941225,0.245683,0.50628,0.495265,0.495665,spearman,-3,municipal-case-counts,-3
ggd-positive-tests,280.0,0.561378,0.826566,0.931585,1.4067,0.211952,0.202108,1.186044,spearman,-1,ggd-positive-tests,-1
nursing-homes,280.0,0.833362,0.536567,0.737928,0.036734,0.671401,0.649217,0.191662,pearsons_r,-7,nursing-homes,-7
combined,70,0.950888,0.84865,0.952196,0.005179,0.899019,0.878629,0.071966,,0,"case-counts, ggd-positive-tests, municipal-case-counts, nursing-homes",
