,N,pearsons_r,kendall,spearman,mse,explained_variance_score,r2,rmse,shift_corr_metric,shift,uses,delay_days
sewage,478.0,0.720685,0.577806,0.77173,0.018886,0.495822,0.467816,0.137428,spearman,-3,sewage,-3
icu,476.0,0.48909,0.404792,0.563879,0.029381,0.026218,0.023709,0.171408,spearman,-9,icu,-9
hospital,478.0,0.768756,0.615614,0.804205,0.011194,0.291901,0.285572,0.105801,spearman,-5,hospital,-5
case-counts,478.0,0.958885,0.843512,0.964568,0.003498,0.908087,0.906331,0.059141,spearman,-1,case-counts,-1
municipal-case-counts,478.0,0.953329,0.839697,0.96387,0.003563,0.901923,0.900507,0.059695,spearman,-3,municipal-case-counts,-3
ggd-positive-tests,478.0,0.9524,0.828016,0.955466,0.004497,0.889231,0.888827,0.067057,spearman,-1,ggd-positive-tests,-1
nursing-homes,478.0,0.809567,0.625973,0.822357,0.018957,0.648715,0.629737,0.137684,spearman,-4,nursing-homes,-4
combined,393,0.965388,0.854317,0.968582,0.002999,0.917989,0.916181,0.054767,,0,"case-counts, ggd-positive-tests, municipal-case-counts, nursing-homes",
