,N,pearsons_r,kendall,spearman,mse,explained_variance_score,r2,rmse,shift_corr_metric,shift,uses,delay_days
sewage,434.0,0.835972,0.538812,0.72406,0.026735,0.668847,0.658543,0.163507,pearsons_r,-2,sewage,-2
icu,434.0,0.719595,0.408472,0.569175,0.04336,0.417886,0.416696,0.208232,pearsons_r,-10,icu,-10
hospital,434.0,0.8832,0.616978,0.799645,0.021312,0.398633,0.398007,0.145988,pearsons_r,-8,hospital,-8
case-counts,311.0,0.965547,0.865242,0.971342,0.003842,0.918597,0.916127,0.061983,spearman,-1,case-counts,-1
municipal-case-counts,434.0,0.794236,0.847872,0.956531,0.159263,0.5356,0.528886,0.399078,spearman,-3,municipal-case-counts,-3
ggd-positive-tests,434.0,0.506509,0.82965,0.948497,0.947583,0.196317,0.189991,0.973439,spearman,-2,ggd-positive-tests,-2
nursing-homes,433.0,0.844903,0.585032,0.782046,0.028846,0.704805,0.680859,0.16984,pearsons_r,-7,nursing-homes,-7
combined,224,0.967449,0.878208,0.977404,0.003893,0.920749,0.916609,0.062397,,0,"case-counts, ggd-positive-tests, municipal-case-counts, nursing-homes",
