,N,pearsons_r,kendall,spearman,mse,explained_variance_score,r2,rmse,shift_corr_metric,shift,uses,delay_days
sewage,520.0,0.717001,0.570194,0.766441,0.019925,0.500062,0.46267,0.141155,spearman,-3,sewage,-3
icu,520.0,0.460096,0.390528,0.548476,0.036493,0.092495,0.08552,0.191031,spearman,-8,icu,-8
hospital,520.0,0.759349,0.607845,0.798614,0.011141,0.288521,0.276858,0.105553,spearman,-6,hospital,-6
case-counts,520.0,0.956957,0.838028,0.961288,0.003445,0.905272,0.902809,0.058693,spearman,-1,case-counts,-1
municipal-case-counts,520.0,0.947186,0.823466,0.956242,0.0039,0.890188,0.887587,0.062452,spearman,-3,municipal-case-counts,-3
ggd-positive-tests,520.0,0.939832,0.80531,0.940743,0.005412,0.864828,0.864827,0.073569,spearman,-1,ggd-positive-tests,-1
nursing-homes,520.0,0.81095,0.630042,0.826119,0.017805,0.651433,0.63122,0.133435,spearman,-4,nursing-homes,-4
combined,435,0.96408,0.85035,0.967409,0.002963,0.915644,0.913507,0.054436,,0,"case-counts, ggd-positive-tests, municipal-case-counts, nursing-homes",
