,N,pearsons_r,kendall,spearman,mse,explained_variance_score,r2,rmse,shift_corr_metric,shift,uses,delay_days
sewage,385.0,0.84638,0.547098,0.731847,0.026933,0.679248,0.66941,0.164113,pearsons_r,-2,sewage,-2
icu,385.0,0.712085,0.396898,0.557661,0.048816,0.39935,0.399342,0.220944,pearsons_r,-10,icu,-10
hospital,385.0,0.879146,0.597357,0.782382,0.024358,0.362807,0.360529,0.156071,pearsons_r,-8,hospital,-8
case-counts,385.0,0.787723,0.520632,0.673254,0.343454,0.453373,0.439367,0.58605,pearsons_r,3,case-counts,3
municipal-case-counts,385.0,0.791475,0.84469,0.955531,0.179249,0.531627,0.523425,0.423379,spearman,-3,municipal-case-counts,-3
ggd-positive-tests,385.0,0.502621,0.824163,0.946547,1.067923,0.19326,0.185698,1.033404,spearman,-2,ggd-positive-tests,-2
nursing-homes,384.0,0.844278,0.584107,0.785199,0.031038,0.700709,0.679473,0.176177,pearsons_r,-7,nursing-homes,-7
combined,175,0.970775,0.862764,0.972681,0.003153,0.942385,0.926912,0.056148,,0,"case-counts, ggd-positive-tests, municipal-case-counts, nursing-homes",
