,N,pearsons_r,kendall,spearman,mse,explained_variance_score,r2,rmse,shift_corr_metric,shift,uses
sewage,171.0,0.8508208295328863,0.4704019633177793,0.6693327442902389,0.10706093974051532,0.6882451702314798,0.6793169376500097,0.32720168052825666,pearsons_r,-1,sewage
icu,170.0,0.8220120821695385,0.5398510752498523,0.7316649539251173,0.049812026579832885,0.6144266459139746,0.6126399557846993,0.2231860806139865,pearsons_r,-10,icu
hospital,171.0,0.9265200054553119,0.6487632860865447,0.8380832783191702,0.03141987786688452,0.5080869907718558,0.5048779642500362,0.17725653123900548,pearsons_r,-9,hospital
case-counts,171.0,0.6862287871177966,0.8297618579857434,0.9355912959723673,0.9073564666917528,0.34378457092534986,0.32595334551006794,0.9525526057345877,spearman,0,case-counts
municipal-case-counts,171.0,0.703955682062999,0.8268470036836857,0.9470321118708867,0.4513120003200626,0.42462938210029444,0.40921301435856794,0.6717975888019118,spearman,-4,municipal-case-counts
nursing-homes,170.0,0.7891908953916349,0.4710355115473477,0.632735146898286,0.06809190687792566,0.5802096252528457,0.5411646768728752,0.26094426009767996,pearsons_r,-7,nursing-homes
combined,171,0.9554677564165691,0.7592501443931108,0.9206009582385818,0.013048078972021435,0.9015395805315158,0.8993923244764749,0.11422818816746344,,0,"case-counts, hospital, icu, municipal-case-counts, nursing-homes, sewage"
