,N,pearsons_r,kendall,spearman,mse,explained_variance_score,r2,rmse,shift_corr_metric,shift,uses,delay_days
sewage,345.0,0.724132,0.579873,0.772477,0.01855,0.473912,0.452141,0.136199,spearman,-3,sewage,-3
icu,344.0,0.47879,0.371602,0.523867,0.031943,-0.039818,-0.039867,0.178727,spearman,-8,icu,-8
hospital,345.0,0.787199,0.624865,0.804825,0.011845,0.198192,0.198118,0.108835,spearman,-5,hospital,-5
case-counts,345.0,0.962597,0.861595,0.971262,0.003864,0.912731,0.909513,0.062159,spearman,-1,case-counts,-1
municipal-case-counts,345.0,0.959221,0.849055,0.967277,0.003511,0.913691,0.910959,0.059257,spearman,-2,municipal-case-counts,-2
ggd-positive-tests,345.0,0.963287,0.863454,0.97247,0.003804,0.913405,0.911343,0.061677,spearman,-1,ggd-positive-tests,-1
nursing-homes,343.0,0.823515,0.626216,0.8278,0.016583,0.677072,0.662158,0.128773,spearman,-6,nursing-homes,-6
combined,260,0.968023,0.875546,0.97705,0.003436,0.922588,0.917946,0.058617,,0,"case-counts, ggd-positive-tests, municipal-case-counts, nursing-homes",
