,N,pearsons_r,kendall,spearman,mse,explained_variance_score,r2,rmse,shift_corr_metric,shift,uses,delay_days
sewage,425.0,0.739911,0.581186,0.770303,0.016635,0.509,0.478974,0.128978,spearman,-2,sewage,-2
icu,425.0,0.47522,0.386234,0.541636,0.030338,-0.019026,-0.020507,0.174179,spearman,-8,icu,-8
hospital,425.0,0.766944,0.615117,0.798349,0.011595,0.256159,0.252205,0.107682,spearman,-4,hospital,-4
case-counts,425.0,0.959883,0.843422,0.965588,0.00374,0.9078,0.904921,0.061152,spearman,0,case-counts,0
municipal-case-counts,425.0,0.950776,0.828991,0.959626,0.003849,0.897694,0.895507,0.062037,spearman,-2,municipal-case-counts,-2
ggd-positive-tests,425.0,0.958416,0.837432,0.962769,0.003886,0.90383,0.902679,0.062336,spearman,0,ggd-positive-tests,0
nursing-homes,425.0,0.806266,0.617174,0.819167,0.020174,0.64411,0.616656,0.142034,spearman,-4,nursing-homes,-4
combined,340,0.961959,0.846144,0.966586,0.003588,0.910644,0.906651,0.059898,,0,"case-counts, ggd-positive-tests, municipal-case-counts, nursing-homes",
