,N,pearsons_r,kendall,spearman,mse,explained_variance_score,r2,rmse,shift_corr_metric,shift,uses,delay_days
sewage,366.0,0.74507,0.58687,0.777954,0.017464,0.517936,0.492819,0.132151,spearman,-2,sewage,-2
icu,366.0,0.481909,0.383802,0.542681,0.031227,-0.041895,-0.042248,0.176712,spearman,-8,icu,-8
hospital,366.0,0.761792,0.605248,0.791499,0.012724,0.253382,0.252969,0.112799,spearman,-4,hospital,-4
case-counts,366.0,0.964011,0.849851,0.967366,0.003816,0.914726,0.910417,0.061778,spearman,0,case-counts,0
municipal-case-counts,366.0,0.956532,0.841844,0.963369,0.003786,0.908115,0.904561,0.06153,spearman,-2,municipal-case-counts,-2
ggd-positive-tests,366.0,0.963952,0.850942,0.967951,0.003852,0.913596,0.910482,0.062064,spearman,0,ggd-positive-tests,0
nursing-homes,365.0,0.817524,0.619598,0.824889,0.018752,0.665217,0.641832,0.136939,spearman,-5,nursing-homes,-5
combined,281,0.969048,0.866501,0.975116,0.003531,0.924047,0.91749,0.059424,,0,"case-counts, ggd-positive-tests, municipal-case-counts, nursing-homes",
