,N,pearsons_r,kendall,spearman,mse,explained_variance_score,r2,rmse,shift_corr_metric,shift,uses,delay_days
sewage,283.0,0.841268,0.49927,0.676956,0.03186,0.676534,0.673467,0.178493,pearsons_r,-2,sewage,-2
icu,282.0,0.761566,0.416815,0.567745,0.045943,0.487026,0.484138,0.214344,pearsons_r,-10,icu,-10
hospital,283.0,0.885683,0.569292,0.742533,0.027712,0.378861,0.364564,0.166468,pearsons_r,-8,hospital,-8
case-counts,283.0,0.687808,0.837841,0.947768,0.538436,0.359209,0.346206,0.733782,spearman,0,case-counts,0
municipal-case-counts,283.0,0.782976,0.827436,0.942212,0.243074,0.507208,0.496428,0.493025,spearman,-3,municipal-case-counts,-3
ggd-positive-tests,283.0,0.56194,0.828295,0.932308,1.3918,0.212532,0.202875,1.179746,spearman,-1,ggd-positive-tests,-1
nursing-homes,282.0,0.835043,0.53843,0.739662,0.036143,0.674857,0.653913,0.190113,pearsons_r,-7,nursing-homes,-7
combined,73,0.954699,0.860214,0.959365,0.004946,0.904529,0.888064,0.07033,,0,"case-counts, ggd-positive-tests, municipal-case-counts, nursing-homes",
