,N,pearsons_r,kendall,spearman,mse,explained_variance_score,r2,rmse,shift_corr_metric,shift,uses,delay_days
sewage,506.0,0.713015,0.570109,0.766479,0.020767,0.492649,0.456188,0.144109,spearman,-3,sewage,-3
icu,505.0,0.450926,0.388055,0.544508,0.037658,0.068503,0.062009,0.194057,spearman,-8,icu,-8
hospital,506.0,0.769405,0.614225,0.802907,0.011098,0.279664,0.270712,0.105348,spearman,-5,hospital,-5
case-counts,506.0,0.957498,0.840439,0.963435,0.003439,0.907461,0.905069,0.058646,spearman,-1,case-counts,-1
municipal-case-counts,506.0,0.949274,0.829095,0.95918,0.003762,0.895194,0.893396,0.061332,spearman,-3,municipal-case-counts,-3
ggd-positive-tests,506.0,0.944547,0.81348,0.947147,0.004934,0.876657,0.876428,0.070243,spearman,-1,ggd-positive-tests,-1
nursing-homes,502.0,0.810376,0.629011,0.825938,0.018372,0.651403,0.629931,0.135545,spearman,-4,nursing-homes,-4
combined,421,0.962659,0.847431,0.966246,0.003066,0.915095,0.912844,0.055373,,0,"case-counts, ggd-positive-tests, municipal-case-counts, nursing-homes",
