,N,pearsons_r,kendall,spearman,mse,explained_variance_score,r2,rmse,shift_corr_metric,shift,uses,delay_days
sewage,301.0,0.842595,0.495886,0.677143,0.030574,0.671974,0.666779,0.174854,pearsons_r,-2,sewage,-2
icu,301.0,0.76808,0.439101,0.594277,0.043394,0.4989,0.497146,0.208311,pearsons_r,-10,icu,-10
hospital,301.0,0.889735,0.589408,0.764654,0.026299,0.391958,0.38324,0.162169,pearsons_r,-8,hospital,-8
case-counts,301.0,0.691193,0.842041,0.94871,0.506707,0.364787,0.353093,0.711834,spearman,0,case-counts,0
municipal-case-counts,301.0,0.786504,0.831908,0.944975,0.228692,0.513717,0.504345,0.478217,spearman,-3,municipal-case-counts,-3
ggd-positive-tests,301.0,0.564402,0.831327,0.933914,1.308752,0.216253,0.207433,1.144007,spearman,-1,ggd-positive-tests,-1
nursing-homes,300.0,0.84077,0.55238,0.753537,0.034327,0.689854,0.671698,0.185275,pearsons_r,-7,nursing-homes,-7
combined,91,0.965238,0.863043,0.968434,0.004378,0.919839,0.913784,0.066163,,0,"case-counts, ggd-positive-tests, municipal-case-counts, nursing-homes",
