,N,pearsons_r,kendall,spearman,mse,explained_variance_score,r2,rmse,shift_corr_metric,shift,uses,delay_days
sewage,509.0,0.711643,0.567714,0.763501,0.02068,0.489987,0.451587,0.143806,spearman,-3,sewage,-3
icu,509.0,0.452517,0.390291,0.546602,0.037372,0.073114,0.065999,0.193317,spearman,-8,icu,-8
hospital,509.0,0.756905,0.604415,0.796809,0.01153,0.266493,0.255681,0.107376,spearman,-6,hospital,-6
case-counts,509.0,0.957565,0.840676,0.963537,0.003423,0.907217,0.905045,0.058508,spearman,-1,case-counts,-1
municipal-case-counts,509.0,0.948662,0.827794,0.958408,0.00381,0.893541,0.891961,0.061723,spearman,-3,municipal-case-counts,-3
ggd-positive-tests,509.0,0.939432,0.807072,0.941966,0.005403,0.866217,0.866182,0.073504,spearman,-1,ggd-positive-tests,-1
nursing-homes,509.0,0.80882,0.629439,0.82558,0.018237,0.649128,0.62693,0.135046,spearman,-4,nursing-homes,-4
combined,424,0.962335,0.846518,0.965808,0.003078,0.914097,0.911953,0.055482,,0,"case-counts, ggd-positive-tests, municipal-case-counts, nursing-homes",
