,N,pearsons_r,kendall,spearman,mse,explained_variance_score,r2,rmse,shift_corr_metric,shift,uses,delay_days
sewage,353.0,0.849899,0.521446,0.697433,0.027436,0.683037,0.674177,0.165639,pearsons_r,-2,sewage,-2
icu,353.0,0.762076,0.419889,0.576347,0.041181,0.477559,0.47754,0.202932,pearsons_r,-10,icu,-10
hospital,353.0,0.891647,0.601336,0.787607,0.024153,0.393653,0.392638,0.155411,pearsons_r,-9,hospital,-9
case-counts,353.0,0.613811,0.839648,0.952125,0.475234,0.316045,0.306544,0.689372,spearman,-1,case-counts,-1
municipal-case-counts,353.0,0.792549,0.842267,0.952379,0.194909,0.528511,0.520762,0.441485,spearman,-3,municipal-case-counts,-3
ggd-positive-tests,353.0,0.504207,0.824464,0.942759,1.163707,0.19191,0.184694,1.078753,spearman,-2,ggd-positive-tests,-2
nursing-homes,353.0,0.847412,0.570243,0.762408,0.031254,0.70555,0.688977,0.176787,pearsons_r,-7,nursing-homes,-7
combined,143,0.968127,0.883909,0.978935,0.003435,0.928136,0.92655,0.058613,,0,"case-counts, ggd-positive-tests, municipal-case-counts, nursing-homes",
