,N,pearsons_r,kendall,spearman,mse,explained_variance_score,r2,rmse,shift_corr_metric,shift,uses,delay_days
sewage,311.0,0.847133,0.517145,0.698551,0.030081,0.679623,0.673335,0.17344,pearsons_r,-2,sewage,-2
icu,311.0,0.772032,0.453406,0.610737,0.042547,0.495146,0.494831,0.20627,pearsons_r,-10,icu,-10
hospital,311.0,0.893266,0.605972,0.783013,0.026088,0.396272,0.391702,0.161518,pearsons_r,-8,hospital,-8
case-counts,311.0,0.692811,0.847878,0.951494,0.490547,0.370212,0.359013,0.700391,spearman,0,case-counts,0
municipal-case-counts,311.0,0.788601,0.839686,0.949077,0.221412,0.520241,0.511389,0.470544,spearman,-3,municipal-case-counts,-3
ggd-positive-tests,311.0,0.56559,0.838349,0.938109,1.266784,0.219968,0.21156,1.125515,spearman,-1,ggd-positive-tests,-1
nursing-homes,311.0,0.849077,0.576033,0.774166,0.033057,0.706174,0.688618,0.181815,pearsons_r,-7,nursing-homes,-7
combined,101,0.970137,0.879606,0.97515,0.004192,0.931578,0.927003,0.064749,,0,"case-counts, ggd-positive-tests, municipal-case-counts, nursing-homes",
