,N,pearsons_r,kendall,spearman,mse,explained_variance_score,r2,rmse,shift_corr_metric,shift,uses,delay_days
sewage,385.0,0.846098,0.546526,0.73146,0.026957,0.67846,0.668788,0.164185,pearsons_r,-2,sewage,-2
icu,384.0,0.71507,0.402445,0.564744,0.048334,0.403889,0.403885,0.219851,pearsons_r,-10,icu,-10
hospital,385.0,0.876554,0.586208,0.772439,0.024653,0.357925,0.35477,0.157014,pearsons_r,-8,hospital,-8
case-counts,385.0,0.613095,0.845671,0.957089,0.436134,0.318419,0.308707,0.660405,spearman,-1,case-counts,-1
municipal-case-counts,385.0,0.79152,0.84469,0.955522,0.179253,0.531666,0.523429,0.423383,spearman,-3,municipal-case-counts,-3
ggd-positive-tests,385.0,0.502675,0.824191,0.94652,1.067928,0.193288,0.185703,1.033406,spearman,-2,ggd-positive-tests,-2
nursing-homes,383.0,0.8452,0.58477,0.785206,0.030657,0.701733,0.681993,0.175091,pearsons_r,-7,nursing-homes,-7
combined,175,0.971101,0.876632,0.976719,0.003925,0.932589,0.926448,0.062652,,0,"case-counts, ggd-positive-tests, municipal-case-counts, nursing-homes",
