,N,pearsons_r,kendall,spearman,mse,explained_variance_score,r2,rmse,shift_corr_metric,shift,uses,delay_days
sewage,255.0,0.83919,0.472324,0.646724,0.033892,0.670792,0.669762,0.184098,pearsons_r,-2,sewage,-2
icu,255.0,0.76958,0.423133,0.568931,0.047801,0.514476,0.509874,0.218635,pearsons_r,-10,icu,-10
hospital,255.0,0.893756,0.590898,0.769529,0.027971,0.432867,0.414021,0.167245,pearsons_r,-9,hospital,-9
case-counts,255.0,0.686792,0.844305,0.94805,0.596008,0.354471,0.340507,0.772016,spearman,0,case-counts,0
municipal-case-counts,255.0,0.704398,0.842561,0.957152,0.30563,0.431912,0.420435,0.552838,spearman,-4,municipal-case-counts,-4
ggd-positive-tests,255.0,0.49117,0.814666,0.938872,1.608064,0.176073,0.165489,1.268095,spearman,-2,ggd-positive-tests,-2
nursing-homes,255.0,0.838474,0.550468,0.748084,0.03735,0.684871,0.670006,0.193261,pearsons_r,-7,nursing-homes,-7
combined,45,0.981776,0.924814,0.984216,0.001917,0.957544,0.942637,0.043783,,0,"case-counts, ggd-positive-tests, municipal-case-counts, nursing-homes",
