,N,pearsons_r,kendall,spearman,mse,explained_variance_score,r2,rmse,shift_corr_metric,shift,uses,delay_days
sewage,338.0,0.727102,0.577012,0.768904,0.018464,0.478886,0.46065,0.135883,spearman,-3,sewage,-3
icu,338.0,0.449053,0.366417,0.519398,0.035736,-0.054466,-0.054631,0.189039,spearman,-9,icu,-9
hospital,338.0,0.786717,0.612142,0.795435,0.012035,0.19673,0.196656,0.109702,spearman,-5,hospital,-5
case-counts,338.0,0.964869,0.861995,0.971255,0.003757,0.916241,0.913524,0.061295,spearman,-1,case-counts,-1
municipal-case-counts,338.0,0.9599,0.845708,0.966049,0.003521,0.914628,0.912279,0.059339,spearman,-2,municipal-case-counts,-2
ggd-positive-tests,338.0,0.96536,0.863648,0.972442,0.003731,0.916469,0.914613,0.061085,spearman,-1,ggd-positive-tests,-1
nursing-homes,336.0,0.827537,0.624733,0.825691,0.016378,0.683459,0.670615,0.127976,pearsons_r,-6,nursing-homes,-6
combined,253,0.970633,0.877881,0.977878,0.003349,0.926114,0.921749,0.057869,,0,"case-counts, ggd-positive-tests, municipal-case-counts, nursing-homes",
