,N,pearsons_r,kendall,spearman,mse,explained_variance_score,r2,rmse,shift_corr_metric,shift,uses,delay_days
sewage,506.0,0.711972,0.568562,0.764688,0.020828,0.490692,0.453522,0.144321,spearman,-3,sewage,-3
icu,506.0,0.450614,0.386229,0.543637,0.037855,0.070291,0.063519,0.194564,spearman,-8,icu,-8
hospital,506.0,0.770088,0.613745,0.80321,0.011077,0.286195,0.276773,0.105245,spearman,-5,hospital,-5
case-counts,506.0,0.957498,0.840439,0.963435,0.003439,0.907461,0.905069,0.058646,spearman,-1,case-counts,-1
municipal-case-counts,506.0,0.949274,0.829095,0.95918,0.003762,0.895194,0.893396,0.061332,spearman,-3,municipal-case-counts,-3
ggd-positive-tests,506.0,0.944547,0.81348,0.947147,0.004934,0.876657,0.876428,0.070243,spearman,-1,ggd-positive-tests,-1
nursing-homes,506.0,0.808495,0.628129,0.824704,0.018424,0.648722,0.626058,0.135734,spearman,-4,nursing-homes,-4
combined,421,0.962899,0.847477,0.966295,0.003046,0.915686,0.913259,0.055187,,0,"case-counts, ggd-positive-tests, municipal-case-counts, nursing-homes",
