,N,pearsons_r,kendall,spearman,mse,explained_variance_score,r2,rmse,shift_corr_metric,shift,uses
sewage,171.0,0.850821,0.470402,0.669333,0.107061,0.688245,0.679317,0.327202,pearsons_r,-1,sewage
icu,171.0,0.822152,0.538693,0.729749,0.049506,0.615083,0.613455,0.2225,pearsons_r,-10,icu
hospital,171.0,0.926781,0.648624,0.838545,0.031362,0.509552,0.506164,0.177093,pearsons_r,-9,hospital
case-counts,171.0,0.686229,0.829762,0.935591,0.907356,0.343785,0.325953,0.952553,spearman,0,case-counts
municipal-case-counts,171.0,0.703956,0.826847,0.947032,0.451312,0.424629,0.409213,0.671798,spearman,-4,municipal-case-counts
nursing-homes,170.0,0.789191,0.471036,0.632735,0.068092,0.58021,0.541165,0.260944,pearsons_r,-7,nursing-homes
combined,171,0.95543,0.758695,0.920019,0.013047,0.901505,0.899438,0.114225,,0,"case-counts, hospital, icu, municipal-case-counts, nursing-homes, sewage"
