,N,pearsons_r,kendall,spearman,mse,explained_variance_score,r2,rmse,shift_corr_metric,shift,uses,delay_days
sewage,387.0,0.750288,0.592406,0.781949,0.016774,0.534581,0.510742,0.129513,spearman,-2,sewage,-2
icu,387.0,0.502589,0.399245,0.561835,0.029263,0.020934,0.020934,0.171064,spearman,-8,icu,-8
hospital,387.0,0.770591,0.611251,0.79787,0.011773,0.302049,0.300917,0.108505,spearman,-4,hospital,-4
case-counts,387.0,0.961443,0.845679,0.965877,0.004029,0.907417,0.903782,0.063477,spearman,0,case-counts,0
municipal-case-counts,387.0,0.954094,0.838575,0.962819,0.003972,0.901365,0.898568,0.063023,spearman,-2,municipal-case-counts,-2
ggd-positive-tests,387.0,0.961444,0.847337,0.966437,0.004061,0.906385,0.903938,0.063724,spearman,0,ggd-positive-tests,0
nursing-homes,386.0,0.814806,0.611863,0.818537,0.018893,0.658449,0.640933,0.13745,spearman,-5,nursing-homes,-5
combined,302,0.966007,0.861318,0.972928,0.003781,0.914174,0.909109,0.06149,,0,"case-counts, ggd-positive-tests, municipal-case-counts, nursing-homes",
