,N,pearsons_r,kendall,spearman,mse,explained_variance_score,r2,rmse,shift_corr_metric,shift,uses,delay_days
sewage,380.0,0.745871,0.588286,0.776649,0.016934,0.521748,0.495097,0.130132,spearman,-2,sewage,-2
icu,379.0,0.492352,0.392353,0.551891,0.02973,-0.009064,-0.009065,0.172423,spearman,-8,icu,-8
hospital,380.0,0.765801,0.607435,0.79243,0.012068,0.264676,0.263621,0.109853,spearman,-4,hospital,-4
case-counts,380.0,0.962341,0.847138,0.966187,0.003944,0.909515,0.905888,0.062805,spearman,0,case-counts,0
municipal-case-counts,380.0,0.954428,0.838419,0.962462,0.003916,0.902651,0.89975,0.062579,spearman,-2,municipal-case-counts,-2
ggd-positive-tests,380.0,0.962047,0.84745,0.96645,0.003994,0.908033,0.905571,0.063199,spearman,0,ggd-positive-tests,0
nursing-homes,379.0,0.81506,0.614775,0.821526,0.018665,0.659875,0.640774,0.13662,spearman,-5,nursing-homes,-5
combined,295,0.966293,0.860003,0.972633,0.003713,0.916085,0.91099,0.060933,,0,"case-counts, ggd-positive-tests, municipal-case-counts, nursing-homes",
