,N,pearsons_r,kendall,spearman,mse,explained_variance_score,r2,rmse,shift_corr_metric,shift,uses,delay_days
sewage,362.0,0.743592,0.584571,0.776188,0.017859,0.517429,0.491924,0.133639,spearman,-2,sewage,-2
icu,362.0,0.48105,0.38079,0.540146,0.031571,-0.042154,-0.042425,0.177682,spearman,-8,icu,-8
hospital,362.0,0.765713,0.606665,0.792669,0.012654,0.255543,0.254923,0.11249,spearman,-4,hospital,-4
case-counts,362.0,0.965092,0.850909,0.967778,0.003706,0.917006,0.913314,0.060877,spearman,0,case-counts,0
municipal-case-counts,362.0,0.957031,0.841981,0.963324,0.003783,0.90891,0.905493,0.061507,spearman,-2,municipal-case-counts,-2
ggd-positive-tests,362.0,0.964654,0.851839,0.968024,0.003814,0.914802,0.912035,0.061761,spearman,0,ggd-positive-tests,0
nursing-homes,361.0,0.821059,0.621061,0.825127,0.018803,0.670342,0.645056,0.137123,spearman,-5,nursing-homes,-5
combined,277,0.970211,0.868729,0.975958,0.003482,0.925726,0.919532,0.059009,,0,"case-counts, ggd-positive-tests, municipal-case-counts, nursing-homes",
