,N,pearsons_r,kendall,spearman,mse,explained_variance_score,r2,rmse,shift_corr_metric,shift,uses,delay_days
sewage,327.0,0.717332,0.582664,0.778145,0.019519,0.457573,0.437937,0.139712,spearman,-4,sewage,-4
icu,327.0,0.479906,0.357014,0.514634,0.033046,-0.040874,-0.042391,0.181784,spearman,-9,icu,-9
hospital,327.0,0.784711,0.600985,0.789493,0.012452,0.188761,0.188634,0.11159,spearman,-6,hospital,-6
case-counts,327.0,0.967234,0.863364,0.970795,0.00363,0.920343,0.918542,0.060253,spearman,-1,case-counts,-1
municipal-case-counts,327.0,0.956802,0.847359,0.965906,0.003844,0.909078,0.906889,0.062001,spearman,-3,municipal-case-counts,-3
ggd-positive-tests,327.0,0.967818,0.868499,0.973938,0.003712,0.919915,0.917818,0.060923,spearman,-1,ggd-positive-tests,-1
nursing-homes,325.0,0.829107,0.617686,0.819129,0.016575,0.686014,0.674745,0.128745,pearsons_r,-6,nursing-homes,-6
combined,242,0.971709,0.877116,0.977643,0.003393,0.927724,0.923223,0.058247,,0,"case-counts, ggd-positive-tests, municipal-case-counts, nursing-homes",
