,N,pearsons_r,kendall,spearman,mse,explained_variance_score,r2,rmse,shift_corr_metric,shift,uses,delay_days
sewage,441.0,0.836583,0.539421,0.723377,0.026359,0.669634,0.658754,0.162354,pearsons_r,-2,sewage,-2
icu,440.0,0.717163,0.403703,0.56388,0.043423,0.414487,0.413223,0.208383,pearsons_r,-10,icu,-10
hospital,441.0,0.883209,0.616435,0.800248,0.021043,0.400893,0.400493,0.145063,pearsons_r,-8,hospital,-8
case-counts,318.0,0.966087,0.864848,0.971135,0.003759,0.919472,0.917307,0.061312,spearman,-1,case-counts,-1
municipal-case-counts,441.0,0.794522,0.847745,0.956448,0.156724,0.536375,0.529715,0.395884,spearman,-3,municipal-case-counts,-3
ggd-positive-tests,441.0,0.507086,0.830326,0.948582,0.932512,0.196888,0.190671,0.965667,spearman,-2,ggd-positive-tests,-2
nursing-homes,440.0,0.843195,0.581655,0.779361,0.028884,0.703142,0.682562,0.169953,pearsons_r,-7,nursing-homes,-7
combined,231,0.968007,0.875915,0.976145,0.003767,0.921563,0.91781,0.061372,,0,"case-counts, ggd-positive-tests, municipal-case-counts, nursing-homes",
