,N,pearsons_r,kendall,spearman,mse,explained_variance_score,r2,rmse,shift_corr_metric,shift,uses,delay_days
sewage,450.0,0.716295,0.560514,0.752646,0.019048,0.48625,0.450718,0.138014,spearman,-2,sewage,-2
icu,450.0,0.457983,0.38086,0.535188,0.031071,-0.025623,-0.028949,0.176269,spearman,-9,icu,-9
hospital,450.0,0.769181,0.615577,0.797959,0.011101,0.270039,0.261978,0.105363,spearman,-4,hospital,-4
case-counts,450.0,0.958881,0.841439,0.963637,0.003589,0.906748,0.904332,0.059907,spearman,-1,case-counts,-1
municipal-case-counts,450.0,0.951695,0.833976,0.960982,0.00364,0.899159,0.897277,0.06033,spearman,-3,municipal-case-counts,-3
ggd-positive-tests,450.0,0.956915,0.833264,0.95721,0.003882,0.900209,0.899839,0.062304,spearman,-1,ggd-positive-tests,-1
nursing-homes,446.0,0.805175,0.62553,0.821451,0.019216,0.643454,0.615768,0.138621,spearman,-4,nursing-homes,-4
combined,365,0.964494,0.850368,0.967161,0.003076,0.916338,0.913796,0.05546,,0,"case-counts, ggd-positive-tests, municipal-case-counts, nursing-homes",
