,N,pearsons_r,kendall,spearman,mse,explained_variance_score,r2,rmse,shift_corr_metric,shift,uses,delay_days
sewage,280.0,0.841309,0.499841,0.677762,0.032027,0.676975,0.674256,0.178962,pearsons_r,-2,sewage,-2
icu,280.0,0.76087,0.411645,0.562513,0.0464,0.486157,0.481932,0.215406,pearsons_r,-10,icu,-10
hospital,280.0,0.884336,0.562662,0.735911,0.028196,0.369814,0.353853,0.167917,pearsons_r,-8,hospital,-8
case-counts,280.0,0.687159,0.832037,0.945827,0.544198,0.358363,0.345124,0.737698,spearman,0,case-counts,0
municipal-case-counts,280.0,0.782374,0.825586,0.941298,0.24568,0.506266,0.49524,0.495661,spearman,-3,municipal-case-counts,-3
ggd-positive-tests,280.0,0.561382,0.827134,0.931802,1.406688,0.211955,0.202105,1.186039,spearman,-1,ggd-positive-tests,-1
nursing-homes,279.0,0.834223,0.540885,0.741665,0.036679,0.673244,0.650824,0.191518,pearsons_r,-7,nursing-homes,-7
combined,70,0.95176,0.852814,0.955224,0.005093,0.900844,0.8801,0.071363,,0,"case-counts, ggd-positive-tests, municipal-case-counts, nursing-homes",
