,N,pearsons_r,kendall,spearman,mse,explained_variance_score,r2,rmse,shift_corr_metric,shift,uses,delay_days
sewage,423.0,0.834795,0.538544,0.724434,0.027372,0.665654,0.655075,0.165444,pearsons_r,-2,sewage,-2
icu,423.0,0.714168,0.406724,0.567914,0.04514,0.409566,0.40887,0.212463,pearsons_r,-9,icu,-9
hospital,423.0,0.883386,0.619302,0.800675,0.021672,0.402031,0.400647,0.147213,pearsons_r,-8,hospital,-8
case-counts,300.0,0.965285,0.866778,0.971234,0.003923,0.918265,0.915461,0.062633,spearman,-1,case-counts,-1
municipal-case-counts,423.0,0.793374,0.847612,0.956495,0.163392,0.534177,0.527169,0.404218,spearman,-3,municipal-case-counts,-3
ggd-positive-tests,423.0,0.50527,0.827735,0.947937,0.972262,0.195281,0.188717,0.986033,spearman,-2,ggd-positive-tests,-2
nursing-homes,421.0,0.84529,0.595717,0.792618,0.029261,0.705805,0.68343,0.171059,pearsons_r,-7,nursing-homes,-7
combined,213,0.966538,0.880133,0.977979,0.004092,0.919562,0.915025,0.063969,,0,"case-counts, ggd-positive-tests, municipal-case-counts, nursing-homes",
