,N,pearsons_r,kendall,spearman,mse,explained_variance_score,r2,rmse,shift_corr_metric,shift,uses,delay_days
sewage,248.0,0.837735,0.465805,0.641752,0.034666,0.66894,0.668318,0.186188,pearsons_r,-2,sewage,-2
icu,248.0,0.771587,0.431231,0.575277,0.048476,0.52143,0.513658,0.220172,pearsons_r,-10,icu,-10
hospital,248.0,0.892696,0.587881,0.764728,0.028754,0.430204,0.405251,0.16957,pearsons_r,-9,hospital,-9
case-counts,248.0,0.685634,0.839938,0.946762,0.614189,0.352064,0.337758,0.783702,spearman,0,case-counts,0
municipal-case-counts,248.0,0.70228,0.844482,0.957271,0.313854,0.429061,0.416906,0.560226,spearman,-4,municipal-case-counts,-4
ggd-positive-tests,248.0,0.489311,0.813925,0.938247,1.652555,0.174443,0.163414,1.285517,spearman,-2,ggd-positive-tests,-2
nursing-homes,248.0,0.835909,0.558664,0.754095,0.03839,0.681896,0.670104,0.195934,pearsons_r,-7,nursing-homes,-7
combined,38,0.966879,0.900908,0.976067,0.002096,0.931031,0.894535,0.045779,,0,"case-counts, ggd-positive-tests, municipal-case-counts, nursing-homes",
