,N,pearsons_r,kendall,spearman,mse,explained_variance_score,r2,rmse,shift_corr_metric,shift,uses,delay_days
sewage,234.0,0.831533,0.444812,0.619022,0.037971,0.65546,0.655272,0.194862,pearsons_r,-2,sewage,-2
icu,234.0,0.767565,0.418309,0.560448,0.052168,0.512074,0.503896,0.228403,pearsons_r,-10,icu,-10
hospital,234.0,0.888159,0.569554,0.745202,0.031575,0.403881,0.374457,0.177693,pearsons_r,-9,hospital,-9
case-counts,234.0,0.592702,0.832658,0.946888,0.723825,0.287283,0.272925,0.850779,spearman,-1,case-counts,-1
municipal-case-counts,234.0,0.705617,0.850129,0.958027,0.330006,0.432123,0.420454,0.574461,spearman,-4,municipal-case-counts,-4
ggd-positive-tests,234.0,0.491358,0.824811,0.941325,1.747047,0.175443,0.163899,1.321759,spearman,-2,ggd-positive-tests,-2
nursing-homes,234.0,0.775663,0.486343,0.646716,0.055976,0.572574,0.563757,0.236593,pearsons_r,-8,nursing-homes,-8
combined,24,0.925399,0.869797,0.967125,0.001596,0.855713,0.815561,0.039951,,0,"case-counts, ggd-positive-tests, municipal-case-counts, nursing-homes",
