,N,pearsons_r,kendall,spearman,mse,explained_variance_score,r2,rmse,shift_corr_metric,shift,uses,delay_days
sewage,406.0,0.83453,0.543172,0.728244,0.028081,0.662653,0.651557,0.167575,pearsons_r,-2,sewage,-2
icu,405.0,0.710651,0.401775,0.56332,0.047404,0.407382,0.407038,0.217725,pearsons_r,-10,icu,-10
hospital,406.0,0.882606,0.613862,0.794055,0.022711,0.375968,0.374273,0.150701,pearsons_r,-8,hospital,-8
case-counts,283.0,0.96365,0.862233,0.968682,0.004056,0.916983,0.913171,0.063688,spearman,-1,case-counts,-1
municipal-case-counts,406.0,0.791236,0.843016,0.955016,0.170218,0.531373,0.523808,0.412575,spearman,-3,municipal-case-counts,-3
ggd-positive-tests,406.0,0.502685,0.821693,0.945766,1.012998,0.193353,0.186362,1.006478,spearman,-2,ggd-positive-tests,-2
nursing-homes,404.0,0.844347,0.594199,0.791923,0.029624,0.701348,0.679813,0.172116,pearsons_r,-7,nursing-homes,-7
combined,196,0.966173,0.870462,0.974871,0.003984,0.923332,0.918223,0.063121,,0,"case-counts, ggd-positive-tests, municipal-case-counts, nursing-homes",
