,N,pearsons_r,kendall,spearman,mse,explained_variance_score,r2,rmse,shift_corr_metric,shift,uses,delay_days
sewage,450.0,0.716637,0.561054,0.753016,0.019016,0.486644,0.450846,0.137899,spearman,-2,sewage,-2
icu,450.0,0.458039,0.38094,0.535728,0.031345,-0.01771,-0.020245,0.177045,spearman,-9,icu,-9
hospital,450.0,0.769218,0.615657,0.798004,0.0111,0.270259,0.262175,0.105358,spearman,-4,hospital,-4
case-counts,450.0,0.958881,0.841439,0.963637,0.003589,0.906748,0.904332,0.059907,spearman,-1,case-counts,-1
municipal-case-counts,450.0,0.951695,0.833976,0.960982,0.00364,0.899159,0.897277,0.06033,spearman,-3,municipal-case-counts,-3
ggd-positive-tests,450.0,0.956915,0.833264,0.95721,0.003882,0.900209,0.899839,0.062304,spearman,-1,ggd-positive-tests,-1
nursing-homes,450.0,0.802678,0.620685,0.817431,0.01943,0.638757,0.616329,0.13939,spearman,-4,nursing-homes,-4
combined,365,0.964047,0.848971,0.9665,0.00311,0.915284,0.913097,0.055768,,0,"case-counts, ggd-positive-tests, municipal-case-counts, nursing-homes",
