,N,pearsons_r,kendall,spearman,mse,explained_variance_score,r2,rmse,shift_corr_metric,shift,uses,delay_days
sewage,453.0,0.719171,0.56385,0.756731,0.018905,0.492658,0.458463,0.137495,spearman,-2,sewage,-2
icu,453.0,0.470262,0.384982,0.541911,0.030488,0.003129,5.9e-05,0.174608,spearman,-8,icu,-8
hospital,453.0,0.770716,0.616554,0.799945,0.010997,0.286049,0.278338,0.104867,spearman,-4,hospital,-4
case-counts,453.0,0.959204,0.841455,0.963476,0.003574,0.907131,0.904596,0.059786,spearman,-1,case-counts,-1
municipal-case-counts,453.0,0.952398,0.834852,0.961725,0.003589,0.900434,0.898332,0.059907,spearman,-3,municipal-case-counts,-3
ggd-positive-tests,453.0,0.957754,0.835091,0.958687,0.003849,0.901145,0.900811,0.062044,spearman,-1,ggd-positive-tests,-1
nursing-homes,450.0,0.804251,0.622041,0.819018,0.019336,0.640907,0.618183,0.139053,spearman,-4,nursing-homes,-4
combined,368,0.965313,0.850983,0.967585,0.003034,0.917217,0.914909,0.05508,,0,"case-counts, ggd-positive-tests, municipal-case-counts, nursing-homes",
