,N,pearsons_r,kendall,spearman,mse,explained_variance_score,r2,rmse,shift_corr_metric,shift,uses,delay_days
sewage,196.0,0.864654,0.490354,0.683205,0.035329,0.722652,0.718741,0.187959,pearsons_r,-2,sewage,-2
icu,196.0,0.825783,0.557778,0.742401,0.04374,0.627617,0.626747,0.20914,pearsons_r,-10,icu,-10
hospital,196.0,0.917475,0.644646,0.820383,0.028905,0.523399,0.516938,0.170016,pearsons_r,-8,hospital,-8
case-counts,196.0,0.687233,0.831488,0.933432,0.794636,0.346442,0.331341,0.891424,spearman,0,case-counts,0
municipal-case-counts,196.0,0.705744,0.835504,0.947315,0.395373,0.427948,0.414884,0.628787,spearman,-4,municipal-case-counts,-4
nursing-homes,196.0,0.789023,0.493207,0.65425,0.061474,0.596194,0.576447,0.24794,pearsons_r,-7,nursing-homes,-7
combined,196,0.956301,0.780762,0.928731,0.011752,0.889871,0.889135,0.108405,,0,"case-counts, hospital, icu, municipal-case-counts, nursing-homes, sewage",
