,N,pearsons_r,kendall,spearman,mse,explained_variance_score,r2,rmse,shift_corr_metric,shift,uses,delay_days
sewage,287.0,0.842062,0.49624,0.675805,0.031194,0.673889,0.67064,0.176619,pearsons_r,-2,sewage,-2
icu,286.0,0.755817,0.400264,0.546362,0.046513,0.473577,0.471946,0.215669,pearsons_r,-10,icu,-10
hospital,287.0,0.887209,0.57188,0.746755,0.027365,0.376102,0.363386,0.165425,pearsons_r,-8,hospital,-8
case-counts,287.0,0.688825,0.839556,0.94841,0.53096,0.360455,0.347942,0.72867,spearman,0,case-counts,0
municipal-case-counts,287.0,0.783569,0.829538,0.943101,0.239699,0.508371,0.497933,0.489591,spearman,-3,municipal-case-counts,-3
ggd-positive-tests,287.0,0.562433,0.829538,0.932727,1.372431,0.213235,0.203812,1.171508,spearman,-1,ggd-positive-tests,-1
nursing-homes,286.0,0.833858,0.528483,0.728598,0.036248,0.671263,0.647378,0.190389,pearsons_r,-7,nursing-homes,-7
combined,77,0.958029,0.863542,0.963008,0.004725,0.909439,0.896652,0.068742,,0,"case-counts, ggd-positive-tests, municipal-case-counts, nursing-homes",
