,N,pearsons_r,kendall,spearman,mse,explained_variance_score,r2,rmse,shift_corr_metric,shift,uses,delay_days
sewage,502.0,0.712977,0.569862,0.766702,0.020829,0.492232,0.457346,0.144321,spearman,-3,sewage,-3
icu,502.0,0.462551,0.395579,0.556568,0.036895,0.083738,0.076115,0.19208,spearman,-8,icu,-8
hospital,502.0,0.773733,0.621029,0.809074,0.010976,0.274624,0.26885,0.104766,spearman,-5,hospital,-5
case-counts,502.0,0.958356,0.843125,0.964712,0.003405,0.908947,0.906805,0.058349,spearman,-1,case-counts,-1
municipal-case-counts,502.0,0.949885,0.830934,0.959931,0.003735,0.896575,0.894537,0.061116,spearman,-3,municipal-case-counts,-3
ggd-positive-tests,502.0,0.948273,0.821155,0.95269,0.004636,0.883984,0.883494,0.068092,spearman,-1,ggd-positive-tests,-1
nursing-homes,502.0,0.810336,0.628501,0.825558,0.018359,0.651482,0.630193,0.135497,spearman,-4,nursing-homes,-4
combined,417,0.963208,0.848111,0.966625,0.003052,0.916319,0.91387,0.055249,,0,"case-counts, ggd-positive-tests, municipal-case-counts, nursing-homes",
