,N,pearsons_r,kendall,spearman,mse,explained_variance_score,r2,rmse,shift_corr_metric,shift,uses,delay_days
sewage,399.0,0.834973,0.544836,0.731284,0.028359,0.664005,0.654258,0.168402,pearsons_r,-2,sewage,-2
icu,397.0,0.71089,0.408137,0.571938,0.048026,0.404692,0.404636,0.219149,pearsons_r,-10,icu,-10
hospital,399.0,0.880315,0.610824,0.792244,0.023332,0.367597,0.365923,0.152749,pearsons_r,-8,hospital,-8
case-counts,276.0,0.963787,0.86221,0.968261,0.004116,0.91751,0.913236,0.064152,spearman,-1,case-counts,-1
municipal-case-counts,399.0,0.790869,0.844998,0.955839,0.173139,0.531007,0.522982,0.416099,spearman,-3,municipal-case-counts,-3
ggd-positive-tests,399.0,0.502098,0.823935,0.946887,1.03069,0.19297,0.185668,1.015229,spearman,-2,ggd-positive-tests,-2
nursing-homes,397.0,0.844581,0.596177,0.794544,0.03013,0.701345,0.678443,0.173579,pearsons_r,-7,nursing-homes,-7
combined,189,0.966981,0.869866,0.974296,0.004043,0.925377,0.919014,0.063582,,0,"case-counts, ggd-positive-tests, municipal-case-counts, nursing-homes",
