,N,pearsons_r,kendall,spearman,mse,explained_variance_score,r2,rmse,shift_corr_metric,shift,uses,delay_days
sewage,336.0,0.849749,0.527058,0.707444,0.028658,0.682855,0.674815,0.169288,pearsons_r,-2,sewage,-2
icu,336.0,0.769487,0.438398,0.597249,0.04144,0.48544,0.485433,0.203567,pearsons_r,-10,icu,-10
hospital,336.0,0.896275,0.611956,0.792877,0.024893,0.395357,0.393807,0.157774,pearsons_r,-8,hospital,-8
case-counts,336.0,0.612786,0.843208,0.954151,0.498601,0.315205,0.305067,0.706117,spearman,-1,case-counts,-1
municipal-case-counts,336.0,0.791831,0.844246,0.952938,0.204795,0.527591,0.519314,0.452543,spearman,-3,municipal-case-counts,-3
ggd-positive-tests,336.0,0.50295,0.828562,0.945518,1.222535,0.191094,0.183365,1.105683,spearman,-2,ggd-positive-tests,-2
nursing-homes,336.0,0.851735,0.578512,0.774377,0.031533,0.712249,0.695473,0.177575,pearsons_r,-7,nursing-homes,-7
combined,126,0.970474,0.885828,0.978177,0.003661,0.933058,0.930725,0.060509,,0,"case-counts, ggd-positive-tests, municipal-case-counts, nursing-homes",
