,N,pearsons_r,kendall,spearman,mse,explained_variance_score,r2,rmse,shift_corr_metric,shift,uses
sewage,175.0,0.851261,0.470716,0.666645,0.10465,0.688651,0.680156,0.323497,pearsons_r,-1,sewage
icu,172.0,0.822018,0.535685,0.72698,0.049252,0.615784,0.614399,0.221927,pearsons_r,-10,icu
hospital,173.0,0.927589,0.646623,0.833778,0.03041,0.526791,0.523592,0.174385,pearsons_r,-9,hospital
case-counts,175.0,0.687134,0.830643,0.935154,0.886577,0.344364,0.327139,0.941582,spearman,0,case-counts
municipal-case-counts,175.0,0.704748,0.82839,0.946908,0.44091,0.425349,0.410117,0.66401,spearman,-4,municipal-case-counts
nursing-homes,171.0,0.789492,0.469483,0.631214,0.067621,0.581162,0.542114,0.26004,pearsons_r,-7,nursing-homes
combined,175,0.955835,0.760142,0.919109,0.012645,0.902615,0.900636,0.11245,,0,"case-counts, hospital, icu, municipal-case-counts, nursing-homes, sewage"
