,N,pearsons_r,kendall,spearman,mse,explained_variance_score,r2,rmse,shift_corr_metric,shift,uses,delay_days
sewage,241.0,0.832841,0.460288,0.633408,0.036953,0.654859,0.654858,0.192233,pearsons_r,-2,sewage,-2
icu,241.0,0.762281,0.425361,0.561588,0.052866,0.497236,0.484815,0.229927,pearsons_r,-10,icu,-10
hospital,241.0,0.884673,0.56472,0.743102,0.032398,0.380855,0.341929,0.179996,pearsons_r,-9,hospital,-9
case-counts,241.0,0.59037,0.841555,0.951405,0.689997,0.288471,0.27539,0.830661,spearman,-1,case-counts,-1
municipal-case-counts,241.0,0.700643,0.851175,0.959783,0.320948,0.429625,0.419603,0.566523,spearman,-4,municipal-case-counts,-4
ggd-positive-tests,241.0,0.487159,0.829773,0.945345,1.696752,0.174495,0.164041,1.302594,spearman,-2,ggd-positive-tests,-2
nursing-homes,241.0,0.831122,0.541479,0.739733,0.039907,0.668554,0.662306,0.199767,pearsons_r,-7,nursing-homes,-7
combined,31,0.956416,0.891574,0.96933,0.00107,0.914179,0.903178,0.032713,,0,"case-counts, ggd-positive-tests, municipal-case-counts, nursing-homes",
