,N,pearsons_r,kendall,spearman,mse,explained_variance_score,r2,rmse,shift_corr_metric,shift,uses,delay_days
sewage,439.0,0.70562,0.566941,0.758463,0.019967,0.459833,0.418682,0.141305,spearman,-3,sewage,-3
icu,439.0,0.45834,0.38015,0.5357,0.031815,-0.036163,-0.04028,0.178366,spearman,-9,icu,-9
hospital,439.0,0.767585,0.618565,0.7992,0.011556,0.235439,0.230329,0.1075,spearman,-4,hospital,-4
case-counts,439.0,0.960475,0.846073,0.966039,0.00349,0.911173,0.908659,0.059078,spearman,-1,case-counts,-1
municipal-case-counts,439.0,0.951818,0.832661,0.960907,0.003638,0.90089,0.898745,0.06032,spearman,-3,municipal-case-counts,-3
ggd-positive-tests,439.0,0.959061,0.84113,0.962527,0.003657,0.90683,0.906247,0.060476,spearman,-1,ggd-positive-tests,-1
nursing-homes,438.0,0.811968,0.630762,0.828156,0.018689,0.655011,0.626249,0.136709,spearman,-5,nursing-homes,-5
combined,354,0.964861,0.852501,0.968558,0.00313,0.918432,0.915095,0.055947,,0,"case-counts, ggd-positive-tests, municipal-case-counts, nursing-homes",
