,N,pearsons_r,kendall,spearman,mse,explained_variance_score,r2,rmse,shift_corr_metric,shift,uses,delay_days
sewage,506.0,0.712383,0.569099,0.765328,0.020807,0.491448,0.454431,0.144245,spearman,-3,sewage,-3
icu,506.0,0.452389,0.387918,0.545212,0.037787,0.073765,0.067057,0.194388,spearman,-8,icu,-8
hospital,506.0,0.772629,0.617897,0.806855,0.010969,0.290513,0.281419,0.104734,spearman,-5,hospital,-5
case-counts,506.0,0.957498,0.840439,0.963435,0.003439,0.907461,0.905069,0.058646,spearman,-1,case-counts,-1
municipal-case-counts,506.0,0.949274,0.829095,0.95918,0.003762,0.895194,0.893396,0.061332,spearman,-3,municipal-case-counts,-3
ggd-positive-tests,506.0,0.944547,0.81348,0.947147,0.004934,0.876657,0.876428,0.070243,spearman,-1,ggd-positive-tests,-1
nursing-homes,506.0,0.808495,0.628129,0.824704,0.018424,0.648722,0.626058,0.135734,spearman,-4,nursing-homes,-4
combined,421,0.962899,0.847477,0.966295,0.003046,0.915686,0.913259,0.055187,,0,"case-counts, ggd-positive-tests, municipal-case-counts, nursing-homes",
