,N,pearsons_r,kendall,spearman,mse,explained_variance_score,r2,rmse,shift_corr_metric,shift,uses,delay_days
sewage,352.0,0.737997,0.578366,0.769927,0.018312,0.509638,0.483814,0.135321,spearman,-2,sewage,-2
icu,352.0,0.486902,0.385441,0.541217,0.031797,-0.006331,-0.006414,0.178316,spearman,-9,icu,-9
hospital,352.0,0.775293,0.610028,0.796393,0.012206,0.233728,0.232775,0.110482,spearman,-5,hospital,-5
case-counts,352.0,0.96451,0.85277,0.968717,0.003623,0.916717,0.914178,0.060189,spearman,0,case-counts,0
municipal-case-counts,352.0,0.957822,0.845654,0.965357,0.003588,0.911144,0.90878,0.059897,spearman,-2,municipal-case-counts,-2
ggd-positive-tests,352.0,0.965737,0.856058,0.96984,0.003611,0.917439,0.915589,0.060092,spearman,0,ggd-positive-tests,0
nursing-homes,351.0,0.818415,0.620075,0.822879,0.018437,0.666895,0.645143,0.135782,spearman,-5,nursing-homes,-5
combined,267,0.969165,0.86627,0.975184,0.003301,0.925351,0.921184,0.057458,,0,"case-counts, ggd-positive-tests, municipal-case-counts, nursing-homes",
