,N,pearsons_r,kendall,spearman,mse,explained_variance_score,r2,rmse,shift_corr_metric,shift,uses,delay_days
sewage,460.0,0.715324,0.572081,0.7665,0.019306,0.485079,0.453506,0.138945,spearman,-3,sewage,-3
icu,460.0,0.480367,0.396415,0.555911,0.030368,0.02026,0.017426,0.174264,spearman,-9,icu,-9
hospital,460.0,0.780996,0.626876,0.808878,0.010808,0.307779,0.297948,0.103961,spearman,-4,hospital,-4
case-counts,460.0,0.960564,0.846798,0.966118,0.003534,0.909522,0.907237,0.059451,spearman,-1,case-counts,-1
municipal-case-counts,460.0,0.953855,0.839601,0.964197,0.003617,0.902129,0.900489,0.060139,spearman,-3,municipal-case-counts,-3
ggd-positive-tests,460.0,0.959238,0.840494,0.961299,0.003814,0.90367,0.903401,0.061758,spearman,-1,ggd-positive-tests,-1
nursing-homes,460.0,0.808742,0.622374,0.819897,0.019328,0.646816,0.62875,0.139026,spearman,-4,nursing-homes,-4
combined,375,0.966854,0.856295,0.969866,0.003024,0.919005,0.917161,0.054988,,0,"case-counts, ggd-positive-tests, municipal-case-counts, nursing-homes",
