,N,pearsons_r,kendall,spearman,mse,explained_variance_score,r2,rmse,shift_corr_metric,shift,uses,delay_days
sewage,199.0,0.864873,0.487823,0.680122,0.034871,0.722816,0.718844,0.186739,pearsons_r,-2,sewage,-2
icu,198.0,0.821772,0.541042,0.722791,0.044494,0.618527,0.616942,0.210935,pearsons_r,-10,icu,-10
hospital,199.0,0.920101,0.648807,0.828908,0.02839,0.517608,0.51258,0.168493,pearsons_r,-9,hospital,-9
case-counts,199.0,0.687975,0.831529,0.932826,0.777909,0.347869,0.332993,0.881992,spearman,0,case-counts,0
municipal-case-counts,199.0,0.705809,0.83399,0.946497,0.389477,0.428377,0.41543,0.624081,spearman,-4,municipal-case-counts,-4
nursing-homes,197.0,0.788114,0.494453,0.655936,0.0617,0.595717,0.577372,0.248396,pearsons_r,-7,nursing-homes,-7
combined,199,0.957738,0.782926,0.931349,0.011368,0.890782,0.890172,0.106621,,0,"case-counts, hospital, icu, municipal-case-counts, nursing-homes, sewage",
