,N,pearsons_r,kendall,spearman,mse,explained_variance_score,r2,rmse,shift_corr_metric,shift,uses,delay_days
sewage,366.0,0.744917,0.586689,0.777881,0.017467,0.517769,0.493052,0.132164,spearman,-2,sewage,-2
icu,366.0,0.477695,0.375411,0.534808,0.031594,-0.047069,-0.047931,0.177748,spearman,-8,icu,-8
hospital,366.0,0.758451,0.601797,0.789284,0.012872,0.248378,0.248128,0.113454,spearman,-4,hospital,-4
case-counts,366.0,0.964011,0.849851,0.967366,0.003816,0.914726,0.910417,0.061778,spearman,0,case-counts,0
municipal-case-counts,366.0,0.956532,0.841844,0.963369,0.003786,0.908115,0.904561,0.06153,spearman,-2,municipal-case-counts,-2
ggd-positive-tests,366.0,0.963952,0.850942,0.967951,0.003852,0.913596,0.910482,0.062064,spearman,0,ggd-positive-tests,0
nursing-homes,351.0,0.818955,0.619123,0.82301,0.018408,0.667791,0.645706,0.135674,spearman,-5,nursing-homes,-5
combined,281,0.968671,0.866398,0.975126,0.00359,0.923075,0.916374,0.05992,,0,"case-counts, ggd-positive-tests, municipal-case-counts, nursing-homes",
