,N,pearsons_r,kendall,spearman,mse,explained_variance_score,r2,rmse,shift_corr_metric,shift,uses,delay_days
sewage,206.0,0.861722,0.473806,0.662512,0.034528,0.71641,0.71383,0.185817,pearsons_r,-2,sewage,-2
icu,206.0,0.822131,0.540468,0.721903,0.04296,0.6216,0.621539,0.207268,pearsons_r,-10,icu,-10
hospital,206.0,0.916608,0.633048,0.80855,0.028266,0.510611,0.502991,0.168126,pearsons_r,-8,hospital,-8
case-counts,206.0,0.68696,0.835807,0.936382,0.751692,0.347852,0.333553,0.867002,spearman,0,case-counts,0
municipal-case-counts,206.0,0.704853,0.836285,0.948783,0.376503,0.428247,0.415365,0.613598,spearman,-4,municipal-case-counts,-4
ggd-positive-tests,206.0,0.492873,0.807498,0.927138,1.987325,0.174268,0.161983,1.409725,spearman,-2,ggd-positive-tests,-2
nursing-homes,206.0,0.778395,0.466441,0.625672,0.062112,0.581534,0.570812,0.249222,pearsons_r,-7,nursing-homes,-7
combined,206,0.953852,0.821174,0.951778,0.011409,0.901079,0.900962,0.106811,,0,"case-counts, ggd-positive-tests, hospital, icu, municipal-case-counts, nursing-homes, sewage",
