,N,pearsons_r,kendall,spearman,mse,explained_variance_score,r2,rmse,shift_corr_metric,shift,uses,delay_days
sewage,388.0,0.846472,0.550222,0.734205,0.026754,0.679834,0.669575,0.163566,pearsons_r,-2,sewage,-2
icu,388.0,0.715227,0.40847,0.572919,0.04787,0.405345,0.405215,0.218792,pearsons_r,-10,icu,-10
hospital,388.0,0.878353,0.596982,0.783212,0.024188,0.364427,0.36246,0.155524,pearsons_r,-8,hospital,-8
case-counts,265.0,0.965763,0.861174,0.967406,0.004117,0.920873,0.916562,0.064167,spearman,-1,case-counts,-1
municipal-case-counts,388.0,0.791373,0.845078,0.955641,0.177927,0.531473,0.52325,0.421814,spearman,-3,municipal-case-counts,-3
ggd-positive-tests,388.0,0.502549,0.824736,0.946811,1.059739,0.193198,0.18565,1.029436,spearman,-2,ggd-positive-tests,-2
nursing-homes,386.0,0.844406,0.586551,0.78771,0.03101,0.701256,0.678861,0.176097,pearsons_r,-7,nursing-homes,-7
combined,178,0.970102,0.877378,0.976675,0.004021,0.930378,0.923818,0.063411,,0,"case-counts, ggd-positive-tests, municipal-case-counts, nursing-homes",
