,N,pearsons_r,kendall,spearman,mse,explained_variance_score,r2,rmse,shift_corr_metric,shift,uses,delay_days
sewage,294.0,0.843975,0.501395,0.682689,0.03048,0.678181,0.674838,0.174586,pearsons_r,-2,sewage,-2
icu,293.0,0.765885,0.430578,0.582642,0.044059,0.494239,0.492097,0.209903,pearsons_r,-10,icu,-10
hospital,294.0,0.887811,0.579487,0.754698,0.02679,0.383239,0.372569,0.163675,pearsons_r,-8,hospital,-8
case-counts,294.0,0.689847,0.839885,0.948036,0.518723,0.362134,0.349939,0.720224,spearman,0,case-counts,0
municipal-case-counts,294.0,0.784735,0.829357,0.943497,0.234012,0.510473,0.500404,0.483748,spearman,-3,municipal-case-counts,-3
ggd-positive-tests,294.0,0.563361,0.830948,0.933118,1.339784,0.214465,0.205275,1.157491,spearman,-1,ggd-positive-tests,-1
nursing-homes,293.0,0.838463,0.540832,0.744539,0.0349,0.682411,0.660979,0.186814,pearsons_r,-7,nursing-homes,-7
combined,84,0.961138,0.857159,0.963425,0.004547,0.914206,0.902792,0.06743,,0,"case-counts, ggd-positive-tests, municipal-case-counts, nursing-homes",
