,N,pearsons_r,kendall,spearman,mse,explained_variance_score,r2,rmse,shift_corr_metric,shift,uses,delay_days
sewage,373.0,0.74413,0.585335,0.775657,0.017217,0.518389,0.493597,0.131214,spearman,-2,sewage,-2
icu,373.0,0.486637,0.378967,0.541205,0.030784,-0.012171,-0.01237,0.175454,spearman,-8,icu,-8
hospital,373.0,0.762927,0.608068,0.793623,0.012359,0.267143,0.266464,0.111172,spearman,-4,hospital,-4
case-counts,373.0,0.963239,0.851803,0.968015,0.003855,0.912436,0.908097,0.06209,spearman,0,case-counts,0
municipal-case-counts,373.0,0.954854,0.840344,0.962881,0.003877,0.904392,0.900867,0.062265,spearman,-2,municipal-case-counts,-2
ggd-positive-tests,373.0,0.962653,0.849714,0.967226,0.003931,0.910296,0.907307,0.062699,spearman,0,ggd-positive-tests,0
nursing-homes,351.0,0.818305,0.618847,0.823004,0.018489,0.666442,0.644134,0.135975,spearman,-5,nursing-homes,-5
combined,288,0.967122,0.866985,0.975368,0.003679,0.919078,0.91252,0.060651,,0,"case-counts, ggd-positive-tests, municipal-case-counts, nursing-homes",
