,N,pearsons_r,kendall,spearman,mse,explained_variance_score,r2,rmse,shift_corr_metric,shift,uses
sewage,178.0,0.867223,0.528572,0.722904,0.037155,0.728339,0.72567,0.192756,pearsons_r,-2,sewage
icu,178.0,0.821597,0.532625,0.723702,0.048014,0.61479,0.613035,0.219121,pearsons_r,-10,icu
hospital,178.0,0.92761,0.634133,0.824676,0.029685,0.526666,0.523812,0.172294,pearsons_r,-9,hospital
case-counts,178.0,0.68725,0.8327,0.935377,0.871685,0.344724,0.327817,0.933641,spearman,0,case-counts
municipal-case-counts,178.0,0.704743,0.827832,0.946411,0.433596,0.425636,0.410538,0.65848,spearman,-4,municipal-case-counts
nursing-homes,178.0,0.790495,0.470539,0.630982,0.0651,0.584905,0.547944,0.255146,pearsons_r,-7,nursing-homes
combined,178,0.957759,0.768774,0.925963,0.012574,0.887419,0.886222,0.112132,,0,"case-counts, hospital, icu, municipal-case-counts, nursing-homes, sewage"
