,N,pearsons_r,kendall,spearman,mse,explained_variance_score,r2,rmse,shift_corr_metric,shift,uses,delay_days
sewage,290.0,0.842968,0.498265,0.679049,0.030863,0.675997,0.67272,0.175679,pearsons_r,-2,sewage,-2
icu,290.0,0.763894,0.424158,0.57517,0.044621,0.48899,0.487026,0.211237,pearsons_r,-10,icu,-10
hospital,290.0,0.887276,0.577209,0.752172,0.027088,0.381781,0.36984,0.164585,pearsons_r,-8,hospital,-8
case-counts,290.0,0.689247,0.839948,0.948291,0.525839,0.361099,0.348701,0.725148,spearman,0,case-counts,0
municipal-case-counts,290.0,0.784038,0.829416,0.943311,0.237193,0.509245,0.498907,0.487024,spearman,-3,municipal-case-counts,-3
ggd-positive-tests,290.0,0.562901,0.830089,0.93294,1.358242,0.213771,0.204446,1.165436,spearman,-1,ggd-positive-tests,-1
nursing-homes,290.0,0.837485,0.540423,0.743566,0.035244,0.680432,0.659454,0.187734,pearsons_r,-7,nursing-homes,-7
combined,80,0.96004,0.865525,0.965409,0.004616,0.912618,0.899935,0.067944,,0,"case-counts, ggd-positive-tests, municipal-case-counts, nursing-homes",
