,N,pearsons_r,kendall,spearman,mse,explained_variance_score,r2,rmse,shift_corr_metric,shift,uses,delay_days
sewage,418.0,0.742757,0.583349,0.772122,0.016692,0.516884,0.484118,0.129199,spearman,-2,sewage,-2
icu,417.0,0.483174,0.38743,0.546489,0.030258,0.005923,0.003627,0.173948,spearman,-8,icu,-8
hospital,418.0,0.767093,0.611265,0.795334,0.011563,0.27067,0.267168,0.107532,spearman,-4,hospital,-4
case-counts,418.0,0.959665,0.842731,0.96491,0.003876,0.905792,0.902937,0.062259,spearman,0,case-counts,0
municipal-case-counts,418.0,0.95085,0.829363,0.959808,0.003957,0.896594,0.894267,0.062904,spearman,-2,municipal-case-counts,-2
ggd-positive-tests,418.0,0.958554,0.838811,0.963304,0.004026,0.902242,0.900796,0.063453,spearman,0,ggd-positive-tests,0
nursing-homes,414.0,0.808573,0.611428,0.81724,0.019572,0.648156,0.626522,0.1399,spearman,-5,nursing-homes,-5
combined,333,0.961705,0.847988,0.967307,0.003737,0.908054,0.904291,0.061131,,0,"case-counts, ggd-positive-tests, municipal-case-counts, nursing-homes",
