,N,pearsons_r,kendall,spearman,mse,explained_variance_score,r2,rmse,shift_corr_metric,shift,uses,delay_days
sewage,390.0,0.751,0.593432,0.782946,0.01668,0.536335,0.511439,0.129151,spearman,-2,sewage,-2
icu,390.0,0.512518,0.408027,0.572168,0.028764,0.049275,0.049266,0.1696,spearman,-8,icu,-8
hospital,390.0,0.773533,0.614674,0.800311,0.011566,0.314789,0.313312,0.107544,spearman,-4,hospital,-4
case-counts,390.0,0.960783,0.845312,0.965735,0.004128,0.905229,0.901701,0.064252,spearman,0,case-counts,0
municipal-case-counts,390.0,0.953368,0.83752,0.962507,0.004075,0.899072,0.896513,0.063835,spearman,-2,municipal-case-counts,-2
ggd-positive-tests,390.0,0.960683,0.845988,0.966008,0.004174,0.903902,0.901636,0.064608,spearman,0,ggd-positive-tests,0
nursing-homes,389.0,0.818606,0.616509,0.822783,0.018722,0.663281,0.647064,0.13683,spearman,-5,nursing-homes,-5
combined,305,0.965372,0.861356,0.973036,0.003891,0.911421,0.906786,0.06238,,0,"case-counts, ggd-positive-tests, municipal-case-counts, nursing-homes",
