,N,pearsons_r,kendall,spearman,mse,explained_variance_score,r2,rmse,shift_corr_metric,shift,uses,delay_days
sewage,457.0,0.71252,0.56988,0.76398,0.019369,0.480806,0.449552,0.139173,spearman,-3,sewage,-3
icu,455.0,0.463402,0.383019,0.538652,0.030783,-0.013499,-0.016826,0.175451,spearman,-9,icu,-9
hospital,457.0,0.778368,0.624547,0.806078,0.010806,0.302258,0.293519,0.103954,spearman,-4,hospital,-4
case-counts,457.0,0.959834,0.844671,0.965345,0.003535,0.908642,0.906101,0.059452,spearman,-1,case-counts,-1
municipal-case-counts,457.0,0.953892,0.838157,0.963339,0.003535,0.902916,0.900965,0.059454,spearman,-3,municipal-case-counts,-3
ggd-positive-tests,457.0,0.958618,0.838805,0.960255,0.003803,0.902933,0.902598,0.061668,spearman,-1,ggd-positive-tests,-1
nursing-homes,453.0,0.804644,0.620037,0.818285,0.019485,0.640447,0.620158,0.139589,spearman,-4,nursing-homes,-4
combined,372,0.966024,0.854609,0.969119,0.003017,0.918279,0.91619,0.054929,,0,"case-counts, ggd-positive-tests, municipal-case-counts, nursing-homes",
