,N,pearsons_r,kendall,spearman,mse,explained_variance_score,r2,rmse,shift_corr_metric,shift,uses,delay_days
sewage,234.0,0.831643,0.445034,0.619397,0.037934,0.655549,0.655371,0.194765,pearsons_r,-2,sewage,-2
icu,233.0,0.761495,0.395835,0.534309,0.053992,0.497197,0.484895,0.232362,pearsons_r,-10,icu,-10
hospital,234.0,0.884625,0.557857,0.731208,0.032229,0.393624,0.361773,0.179524,pearsons_r,-9,hospital,-9
case-counts,234.0,0.686003,0.844651,0.947572,0.660749,0.350591,0.336729,0.812865,spearman,0,case-counts,0
municipal-case-counts,234.0,0.705625,0.849685,0.957872,0.33001,0.432131,0.420448,0.574465,spearman,-4,municipal-case-counts,-4
ggd-positive-tests,234.0,0.491347,0.824811,0.941287,1.747052,0.175437,0.1639,1.321761,spearman,-2,ggd-positive-tests,-2
nursing-homes,232.0,0.776124,0.484703,0.646244,0.056346,0.573341,0.564167,0.237374,pearsons_r,-8,nursing-homes,-8
combined,24,0.927428,0.833096,0.95711,0.001577,0.860109,0.804884,0.039709,,0,"case-counts, ggd-positive-tests, municipal-case-counts, nursing-homes",
