,N,pearsons_r,kendall,spearman,mse,explained_variance_score,r2,rmse,shift_corr_metric,shift,uses,delay_days
sewage,196.0,0.864662,0.491094,0.683566,0.035327,0.722629,0.718687,0.187954,pearsons_r,-2,sewage,-2
icu,196.0,0.825783,0.557778,0.742401,0.04374,0.627617,0.626747,0.20914,pearsons_r,-10,icu,-10
hospital,196.0,0.917401,0.644646,0.819765,0.02891,0.523836,0.517241,0.17003,pearsons_r,-8,hospital,-8
case-counts,196.0,0.687233,0.831171,0.933278,0.794638,0.346442,0.331342,0.891425,spearman,0,case-counts,0
municipal-case-counts,196.0,0.705759,0.835398,0.947256,0.395373,0.427957,0.414907,0.628787,spearman,-4,municipal-case-counts,-4
nursing-homes,196.0,0.788046,0.492785,0.654559,0.061905,0.595424,0.576492,0.248807,pearsons_r,-7,nursing-homes,-7
combined,196,0.956418,0.780445,0.928598,0.011717,0.890185,0.889493,0.108246,,0,"case-counts, hospital, icu, municipal-case-counts, nursing-homes, sewage",
