,N,pearsons_r,kendall,spearman,mse,explained_variance_score,r2,rmse,shift_corr_metric,shift,uses,delay_days
sewage,436.0,0.713327,0.568669,0.761343,0.019089,0.467987,0.426902,0.138164,spearman,-3,sewage,-3
icu,435.0,0.447576,0.367093,0.519761,0.032858,-0.047755,-0.050359,0.181268,spearman,-9,icu,-9
hospital,436.0,0.769221,0.618505,0.799463,0.011516,0.243297,0.237501,0.107313,spearman,-4,hospital,-4
case-counts,436.0,0.958842,0.840627,0.963383,0.003608,0.908132,0.905995,0.060067,spearman,-1,case-counts,-1
municipal-case-counts,436.0,0.951293,0.832528,0.960513,0.003671,0.900024,0.897927,0.060585,spearman,-3,municipal-case-counts,-3
ggd-positive-tests,436.0,0.958867,0.839636,0.961448,0.00367,0.906529,0.906056,0.06058,spearman,-1,ggd-positive-tests,-1
nursing-homes,435.0,0.810839,0.627771,0.826394,0.018663,0.653399,0.627623,0.136611,spearman,-5,nursing-homes,-5
combined,351,0.963514,0.849229,0.966695,0.003207,0.916082,0.913069,0.056629,,0,"case-counts, ggd-positive-tests, municipal-case-counts, nursing-homes",
