,N,pearsons_r,kendall,spearman,mse,explained_variance_score,r2,rmse,shift_corr_metric,shift,uses,delay_days
sewage,238.0,0.831581,0.452661,0.625665,0.037217,0.656665,0.65647,0.192917,pearsons_r,-2,sewage,-2
icu,238.0,0.768204,0.424904,0.564723,0.050912,0.514354,0.506519,0.225637,pearsons_r,-10,icu,-10
hospital,238.0,0.887596,0.567194,0.742598,0.030991,0.409506,0.377066,0.176043,pearsons_r,-9,hospital,-9
case-counts,238.0,0.596993,0.838254,0.950084,0.697071,0.291027,0.277145,0.834908,spearman,-1,case-counts,-1
municipal-case-counts,238.0,0.707159,0.854207,0.960192,0.323835,0.432882,0.421573,0.569065,spearman,-4,municipal-case-counts,-4
ggd-positive-tests,238.0,0.493644,0.83203,0.944805,1.715941,0.176176,0.164895,1.309939,spearman,-2,ggd-positive-tests,-2
nursing-homes,238.0,0.834136,0.543345,0.740986,0.039534,0.677351,0.668948,0.198831,pearsons_r,-7,nursing-homes,-7
combined,28,0.947428,0.87021,0.969441,0.00133,0.887225,0.869464,0.036466,,0,"case-counts, ggd-positive-tests, municipal-case-counts, nursing-homes",
