,N,pearsons_r,kendall,spearman,mse,explained_variance_score,r2,rmse,shift_corr_metric,shift,uses,delay_days
sewage,394.0,0.736036,0.589304,0.783544,0.017487,0.507648,0.482934,0.132238,spearman,-3,sewage,-3
icu,393.0,0.510035,0.404367,0.567933,0.028689,0.040986,0.040949,0.169379,spearman,-8,icu,-8
hospital,394.0,0.773911,0.611679,0.797557,0.011545,0.309031,0.306412,0.107449,spearman,-4,hospital,-4
case-counts,394.0,0.960446,0.84464,0.965633,0.004174,0.904276,0.900763,0.064604,spearman,0,case-counts,0
municipal-case-counts,394.0,0.953151,0.836816,0.962445,0.004092,0.898652,0.895907,0.063971,spearman,-2,municipal-case-counts,-2
ggd-positive-tests,394.0,0.955902,0.847067,0.966357,0.004518,0.895563,0.89375,0.06722,spearman,-1,ggd-positive-tests,-1
nursing-homes,393.0,0.821556,0.618427,0.824209,0.018554,0.667295,0.650726,0.136213,spearman,-5,nursing-homes,-5
combined,309,0.965649,0.859764,0.971976,0.003825,0.912016,0.907512,0.061848,,0,"case-counts, ggd-positive-tests, municipal-case-counts, nursing-homes",
