,N,pearsons_r,kendall,spearman,mse,explained_variance_score,r2,rmse,shift_corr_metric,shift,uses,delay_days
sewage,304.0,0.842798,0.499747,0.681748,0.030619,0.670726,0.664747,0.174982,pearsons_r,-2,sewage,-2
icu,304.0,0.769229,0.441941,0.597244,0.043024,0.496065,0.495097,0.207422,pearsons_r,-10,icu,-10
hospital,304.0,0.89101,0.594792,0.770302,0.026226,0.391437,0.384312,0.161944,pearsons_r,-8,hospital,-8
case-counts,304.0,0.691689,0.844259,0.949554,0.501725,0.36641,0.35489,0.708325,spearman,0,case-counts,0
municipal-case-counts,304.0,0.787142,0.834238,0.946152,0.226462,0.515659,0.506485,0.47588,spearman,-3,municipal-case-counts,-3
ggd-positive-tests,304.0,0.564748,0.833538,0.935068,1.295874,0.217352,0.208675,1.138365,spearman,-1,ggd-positive-tests,-1
nursing-homes,304.0,0.843515,0.559211,0.759981,0.033869,0.694567,0.676016,0.184036,pearsons_r,-7,nursing-homes,-7
combined,94,0.966784,0.86847,0.969897,0.004284,0.92429,0.918691,0.065454,,0,"case-counts, ggd-positive-tests, municipal-case-counts, nursing-homes",
