,N,pearsons_r,kendall,spearman,mse,explained_variance_score,r2,rmse,shift_corr_metric,shift,uses,delay_days
sewage,334.0,0.73126,0.583094,0.775483,0.018353,0.486111,0.466048,0.135472,spearman,-3,sewage,-3
icu,334.0,0.474426,0.349718,0.504399,0.032784,-0.051177,-0.052965,0.181063,spearman,-8,icu,-8
hospital,334.0,0.783819,0.60838,0.791663,0.012233,0.195592,0.195513,0.110604,spearman,-5,hospital,-5
case-counts,334.0,0.966041,0.864143,0.971754,0.003714,0.917865,0.915416,0.060944,spearman,-1,case-counts,-1
municipal-case-counts,334.0,0.960335,0.847244,0.966408,0.003533,0.915071,0.912994,0.059441,spearman,-2,municipal-case-counts,-2
ggd-positive-tests,334.0,0.966335,0.867578,0.973693,0.003717,0.917617,0.91594,0.060969,spearman,-1,ggd-positive-tests,-1
nursing-homes,332.0,0.828726,0.622719,0.823362,0.016518,0.685173,0.671838,0.128524,pearsons_r,-6,nursing-homes,-6
combined,249,0.971643,0.880868,0.978669,0.003343,0.927089,0.923026,0.05782,,0,"case-counts, ggd-positive-tests, municipal-case-counts, nursing-homes",
