,N,pearsons_r,kendall,spearman,mse,explained_variance_score,r2,rmse,shift_corr_metric,shift,uses,delay_days
sewage,353.0,0.849875,0.521479,0.697329,0.027446,0.682932,0.673975,0.165669,pearsons_r,-2,sewage,-2
icu,353.0,0.762438,0.418351,0.576043,0.041142,0.478878,0.478845,0.202835,pearsons_r,-10,icu,-10
hospital,353.0,0.89032,0.595984,0.776224,0.024239,0.395175,0.393984,0.155688,pearsons_r,-8,hospital,-8
case-counts,353.0,0.613811,0.839129,0.952083,0.475236,0.316044,0.306553,0.689374,spearman,-1,case-counts,-1
municipal-case-counts,353.0,0.79254,0.8423,0.952366,0.19491,0.528505,0.52075,0.441486,spearman,-3,municipal-case-counts,-3
ggd-positive-tests,353.0,0.504208,0.824593,0.942775,1.163708,0.191911,0.184695,1.078753,spearman,-2,ggd-positive-tests,-2
nursing-homes,351.0,0.839526,0.566917,0.757704,0.033373,0.69185,0.673876,0.182682,pearsons_r,-7,nursing-homes,-7
combined,143,0.967975,0.885299,0.979233,0.003442,0.927866,0.926409,0.05867,,0,"case-counts, ggd-positive-tests, municipal-case-counts, nursing-homes",
