,N,pearsons_r,kendall,spearman,mse,explained_variance_score,r2,rmse,shift_corr_metric,shift,uses,delay_days
sewage,460.0,0.715324,0.572081,0.7665,0.019306,0.485079,0.453506,0.138945,spearman,-3,sewage,-3
icu,459.0,0.46878,0.379924,0.535579,0.030802,-0.00764,-0.012465,0.175506,spearman,-8,icu,-8
hospital,460.0,0.781658,0.627647,0.809123,0.010778,0.310733,0.301056,0.103815,spearman,-4,hospital,-4
case-counts,460.0,0.960564,0.846798,0.966118,0.003534,0.909522,0.907237,0.059451,spearman,-1,case-counts,-1
municipal-case-counts,460.0,0.953855,0.839601,0.964197,0.003617,0.902129,0.900489,0.060139,spearman,-3,municipal-case-counts,-3
ggd-positive-tests,460.0,0.959238,0.840494,0.961299,0.003814,0.90367,0.903401,0.061758,spearman,-1,ggd-positive-tests,-1
nursing-homes,457.0,0.805716,0.619087,0.817316,0.019417,0.642592,0.623471,0.139345,spearman,-4,nursing-homes,-4
combined,375,0.966715,0.856122,0.969903,0.003032,0.918784,0.91693,0.055061,,0,"case-counts, ggd-positive-tests, municipal-case-counts, nursing-homes",
