,N,pearsons_r,kendall,spearman,mse,explained_variance_score,r2,rmse,shift_corr_metric,shift,uses,delay_days
sewage,527.0,0.716497,0.5662,0.760778,0.019855,0.499939,0.459006,0.140907,spearman,-3,sewage,-3
icu,75.0,0.677412,0.5228,0.700942,0.03551,0.449643,0.38001,0.188441,spearman,-7,icu,-7
hospital,73.0,0.909453,0.680556,0.872569,0.005028,0.821746,0.746132,0.070912,pearsons_r,-9,hospital,-9
case-counts,527.0,0.954818,0.841914,0.9643,0.003658,0.89931,0.897613,0.060484,spearman,-2,case-counts,-2
municipal-case-counts,527.0,0.94631,0.823677,0.956222,0.004097,0.88595,0.883992,0.064005,spearman,-3,municipal-case-counts,-3
ggd-positive-tests,526.0,0.937727,0.802038,0.93766,0.005645,0.859236,0.859236,0.075135,pearsons_r,-1,ggd-positive-tests,-1
nursing-homes,520.0,0.813072,0.634162,0.828502,0.017732,0.653492,0.632728,0.133162,spearman,-4,nursing-homes,-4
combined,442,0.965893,0.857494,0.970185,0.002949,0.915511,0.913917,0.054308,,0,"case-counts, ggd-positive-tests, municipal-case-counts, nursing-homes",
