,N,pearsons_r,kendall,spearman,mse,explained_variance_score,r2,rmse,shift_corr_metric,shift,uses,delay_days
sewage,416.0,0.834144,0.538414,0.724217,0.027734,0.663138,0.652065,0.166536,pearsons_r,-2,sewage,-2
icu,416.0,0.720768,0.419766,0.583446,0.044726,0.425856,0.425628,0.211485,pearsons_r,-10,icu,-10
hospital,416.0,0.882071,0.613535,0.795823,0.022138,0.392145,0.390615,0.148788,pearsons_r,-8,hospital,-8
case-counts,293.0,0.964546,0.866076,0.970512,0.004003,0.917121,0.914255,0.063267,spearman,-1,case-counts,-1
municipal-case-counts,416.0,0.792446,0.846238,0.956053,0.166131,0.532919,0.525683,0.407592,spearman,-3,municipal-case-counts,-3
ggd-positive-tests,416.0,0.504149,0.824684,0.946775,0.988657,0.194419,0.187693,0.994312,spearman,-2,ggd-positive-tests,-2
nursing-homes,414.0,0.843751,0.592741,0.790277,0.029842,0.70224,0.678539,0.172748,pearsons_r,-7,nursing-homes,-7
combined,206,0.965246,0.877805,0.976994,0.004217,0.918577,0.913303,0.064936,,0,"case-counts, ggd-positive-tests, municipal-case-counts, nursing-homes",
