,N,pearsons_r,kendall,spearman,mse,explained_variance_score,r2,rmse,shift_corr_metric,shift,uses,delay_days
sewage,283.0,0.841268,0.49927,0.676956,0.03186,0.676534,0.673467,0.178493,pearsons_r,-2,sewage,-2
icu,283.0,0.753835,0.398502,0.542007,0.047237,0.470857,0.469083,0.217341,pearsons_r,-10,icu,-10
hospital,283.0,0.885795,0.562725,0.736864,0.027782,0.36877,0.356133,0.166678,pearsons_r,-8,hospital,-8
case-counts,283.0,0.687996,0.838548,0.948048,0.538437,0.359311,0.34637,0.733782,spearman,0,case-counts,0
municipal-case-counts,283.0,0.782952,0.827335,0.942159,0.243077,0.50719,0.496405,0.493028,spearman,-3,municipal-case-counts,-3
ggd-positive-tests,283.0,0.561923,0.828295,0.932324,1.391802,0.212524,0.202863,1.179747,spearman,-1,ggd-positive-tests,-1
nursing-homes,283.0,0.835351,0.541125,0.742666,0.036021,0.676528,0.656932,0.189792,pearsons_r,-7,nursing-homes,-7
combined,73,0.955244,0.860214,0.958624,0.004959,0.905111,0.888329,0.070422,,0,"case-counts, ggd-positive-tests, municipal-case-counts, nursing-homes",
