,N,pearsons_r,kendall,spearman,mse,explained_variance_score,r2,rmse,shift_corr_metric,shift,uses,delay_days
sewage,408.0,0.74596,0.583934,0.773876,0.016742,0.524714,0.493452,0.129393,spearman,-2,sewage,-2
icu,407.0,0.472301,0.389744,0.548206,0.032311,0.012346,0.008898,0.179754,spearman,-8,icu,-8
hospital,408.0,0.772901,0.610312,0.795672,0.011423,0.299124,0.295899,0.106879,spearman,-4,hospital,-4
case-counts,408.0,0.958679,0.837502,0.962914,0.004106,0.902696,0.899606,0.06408,spearman,0,case-counts,0
municipal-case-counts,408.0,0.950776,0.828328,0.959408,0.004093,0.895516,0.893041,0.06398,spearman,-2,municipal-case-counts,-2
ggd-positive-tests,408.0,0.958615,0.83804,0.963186,0.004189,0.900914,0.899162,0.064719,spearman,0,ggd-positive-tests,0
nursing-homes,407.0,0.819828,0.61969,0.82383,0.018284,0.665104,0.649684,0.135219,spearman,-5,nursing-homes,-5
combined,323,0.962051,0.847945,0.967684,0.003917,0.906632,0.902584,0.062588,,0,"case-counts, ggd-positive-tests, municipal-case-counts, nursing-homes",
