,N,pearsons_r,kendall,spearman,mse,explained_variance_score,r2,rmse,shift_corr_metric,shift,uses,delay_days
sewage,366.0,0.744946,0.5869,0.778116,0.017466,0.517572,0.492387,0.13216,spearman,-2,sewage,-2
icu,366.0,0.481909,0.383802,0.542681,0.031227,-0.041895,-0.042248,0.176712,spearman,-8,icu,-8
hospital,366.0,0.760824,0.605007,0.791267,0.012767,0.253778,0.253355,0.112991,spearman,-4,hospital,-4
case-counts,366.0,0.964011,0.849851,0.967366,0.003816,0.914726,0.910417,0.061778,spearman,0,case-counts,0
municipal-case-counts,366.0,0.956532,0.841844,0.963369,0.003786,0.908115,0.904561,0.06153,spearman,-2,municipal-case-counts,-2
ggd-positive-tests,366.0,0.963952,0.850942,0.967951,0.003852,0.913596,0.910482,0.062064,spearman,0,ggd-positive-tests,0
nursing-homes,351.0,0.818955,0.619123,0.82301,0.018408,0.667791,0.645706,0.135674,spearman,-5,nursing-homes,-5
combined,281,0.968671,0.866398,0.975126,0.00359,0.923075,0.916374,0.05992,,0,"case-counts, ggd-positive-tests, municipal-case-counts, nursing-homes",
