,N,pearsons_r,kendall,spearman,mse,explained_variance_score,r2,rmse,shift_corr_metric,shift,uses,delay_days
sewage,280.0,0.841261,0.500151,0.678284,0.032054,0.6771,0.674395,0.179037,pearsons_r,-2,sewage,-2
icu,280.0,0.763272,0.422327,0.573827,0.045898,0.491714,0.488227,0.214239,pearsons_r,-10,icu,-10
hospital,280.0,0.885249,0.563591,0.737104,0.028038,0.370345,0.356004,0.167444,pearsons_r,-8,hospital,-8
case-counts,280.0,0.687343,0.834359,0.9467,0.544217,0.35846,0.345278,0.737711,spearman,0,case-counts,0
municipal-case-counts,280.0,0.782422,0.825483,0.941347,0.245673,0.5063,0.495284,0.495654,spearman,-3,municipal-case-counts,-3
ggd-positive-tests,280.0,0.561394,0.826721,0.931629,1.406698,0.211959,0.202115,1.186043,spearman,-1,ggd-positive-tests,-1
nursing-homes,280.0,0.834053,0.537908,0.739573,0.036463,0.673015,0.652406,0.190952,pearsons_r,-7,nursing-homes,-7
combined,70,0.952391,0.850315,0.954716,0.005106,0.901252,0.881073,0.07146,,0,"case-counts, ggd-positive-tests, municipal-case-counts, nursing-homes",
