,N,pearsons_r,kendall,spearman,mse,explained_variance_score,r2,rmse,shift_corr_metric,shift,uses,delay_days
sewage,199.0,0.864873,0.487823,0.680122,0.034871,0.722816,0.718844,0.186739,pearsons_r,-2,sewage,-2
icu,199.0,0.825673,0.556728,0.741592,0.043285,0.627195,0.626286,0.208051,pearsons_r,-10,icu,-10
hospital,199.0,0.920843,0.647679,0.828731,0.028357,0.514625,0.510192,0.168395,pearsons_r,-9,hospital,-9
case-counts,199.0,0.687948,0.831529,0.932887,0.777907,0.347858,0.332952,0.88199,spearman,0,case-counts,0
municipal-case-counts,199.0,0.705823,0.83399,0.946605,0.389478,0.428385,0.415452,0.624081,spearman,-4,municipal-case-counts,-4
nursing-homes,199.0,0.78201,0.489566,0.653998,0.063614,0.589202,0.575265,0.252218,pearsons_r,-7,nursing-homes,-7
combined,199,0.957722,0.782824,0.931288,0.011369,0.89075,0.890161,0.106627,,0,"case-counts, hospital, icu, municipal-case-counts, nursing-homes, sewage",
