,N,pearsons_r,kendall,spearman,mse,explained_variance_score,r2,rmse,shift_corr_metric,shift,uses,delay_days
sewage,380.0,0.746002,0.58823,0.776879,0.016931,0.522174,0.495741,0.130118,spearman,-2,sewage,-2
icu,380.0,0.485561,0.383517,0.543854,0.029984,-0.028307,-0.02847,0.17316,spearman,-8,icu,-8
hospital,380.0,0.765789,0.606325,0.79243,0.012063,0.26977,0.268904,0.109832,spearman,-4,hospital,-4
case-counts,380.0,0.962341,0.847138,0.966187,0.003944,0.909515,0.905888,0.062805,spearman,0,case-counts,0
municipal-case-counts,380.0,0.954428,0.838419,0.962462,0.003916,0.902651,0.89975,0.062579,spearman,-2,municipal-case-counts,-2
ggd-positive-tests,380.0,0.962047,0.84745,0.96645,0.003994,0.908033,0.905571,0.063199,spearman,0,ggd-positive-tests,0
nursing-homes,379.0,0.81506,0.614775,0.821526,0.018665,0.659875,0.640774,0.13662,spearman,-5,nursing-homes,-5
combined,295,0.966293,0.860003,0.972633,0.003713,0.916085,0.91099,0.060933,,0,"case-counts, ggd-positive-tests, municipal-case-counts, nursing-homes",
