,N,pearsons_r,kendall,spearman,mse,explained_variance_score,r2,rmse,shift_corr_metric,shift,uses,delay_days
sewage,322.0,0.84895,0.528284,0.710885,0.029844,0.680008,0.671414,0.172754,pearsons_r,-2,sewage,-2
icu,321.0,0.772265,0.454745,0.61535,0.042371,0.48959,0.489589,0.205843,pearsons_r,-10,icu,-10
hospital,322.0,0.896614,0.618923,0.799185,0.0256,0.407355,0.405199,0.16,pearsons_r,-8,hospital,-8
case-counts,322.0,0.611303,0.841829,0.953734,0.520107,0.31376,0.303283,0.721185,spearman,-1,case-counts,-1
municipal-case-counts,322.0,0.790677,0.845259,0.952275,0.21383,0.525966,0.517409,0.462418,spearman,-3,municipal-case-counts,-3
ggd-positive-tests,322.0,0.567669,0.846778,0.94242,1.223486,0.223575,0.215601,1.106113,spearman,-1,ggd-positive-tests,-1
nursing-homes,320.0,0.853863,0.589163,0.785512,0.032222,0.715091,0.696609,0.179506,pearsons_r,-7,nursing-homes,-7
combined,112,0.969941,0.883888,0.976636,0.004203,0.931968,0.929735,0.06483,,0,"case-counts, ggd-positive-tests, municipal-case-counts, nursing-homes",
