,N,pearsons_r,kendall,spearman,mse,explained_variance_score,r2,rmse,shift_corr_metric,shift,uses,delay_days
sewage,439.0,0.70562,0.566941,0.758463,0.019967,0.459833,0.418682,0.141305,spearman,-3,sewage,-3
icu,437.0,0.452933,0.37487,0.529072,0.032206,-0.044746,-0.048573,0.17946,spearman,-9,icu,-9
hospital,439.0,0.766262,0.616635,0.797184,0.011606,0.23227,0.227417,0.107732,spearman,-4,hospital,-4
case-counts,439.0,0.960475,0.846073,0.966039,0.00349,0.911173,0.908659,0.059078,spearman,-1,case-counts,-1
municipal-case-counts,439.0,0.951818,0.832661,0.960907,0.003638,0.90089,0.898745,0.06032,spearman,-3,municipal-case-counts,-3
ggd-positive-tests,439.0,0.959061,0.84113,0.962527,0.003657,0.90683,0.906247,0.060476,spearman,-1,ggd-positive-tests,-1
nursing-homes,435.0,0.811583,0.628625,0.826795,0.018602,0.654533,0.628823,0.136391,spearman,-5,nursing-homes,-5
combined,354,0.964465,0.851791,0.968147,0.003151,0.917773,0.914517,0.056132,,0,"case-counts, ggd-positive-tests, municipal-case-counts, nursing-homes",
