,N,pearsons_r,kendall,spearman,mse,explained_variance_score,r2,rmse,shift_corr_metric,shift,uses,delay_days
sewage,374.0,0.84453,0.535117,0.720394,0.027755,0.675191,0.665222,0.166597,pearsons_r,-2,sewage,-2
icu,374.0,0.72457,0.415063,0.579114,0.047486,0.423103,0.422553,0.217914,pearsons_r,-10,icu,-10
hospital,374.0,0.878052,0.589804,0.776499,0.024928,0.358399,0.356849,0.157887,pearsons_r,-8,hospital,-8
case-counts,374.0,0.613287,0.844977,0.956026,0.448789,0.317732,0.308132,0.669917,spearman,-1,case-counts,-1
municipal-case-counts,374.0,0.792426,0.844803,0.954941,0.184428,0.531204,0.522949,0.429451,spearman,-3,municipal-case-counts,-3
ggd-positive-tests,374.0,0.503592,0.823769,0.945544,1.099159,0.193124,0.185507,1.048408,spearman,-2,ggd-positive-tests,-2
nursing-homes,372.0,0.845258,0.580723,0.776837,0.031244,0.702338,0.682139,0.17676,pearsons_r,-7,nursing-homes,-7
combined,164,0.970902,0.87986,0.978479,0.004084,0.929969,0.92408,0.063907,,0,"case-counts, ggd-positive-tests, municipal-case-counts, nursing-homes",
