,N,pearsons_r,kendall,spearman,mse,explained_variance_score,r2,rmse,shift_corr_metric,shift,uses,delay_days
sewage,301.0,0.842433,0.495439,0.677196,0.030607,0.671545,0.666266,0.174949,pearsons_r,-2,sewage,-2
icu,301.0,0.768022,0.438699,0.593687,0.043401,0.498733,0.496998,0.208329,pearsons_r,-10,icu,-10
hospital,301.0,0.889549,0.587667,0.763565,0.026353,0.38839,0.38004,0.162336,pearsons_r,-8,hospital,-8
case-counts,301.0,0.691193,0.842131,0.948727,0.506707,0.364787,0.353092,0.711834,spearman,0,case-counts,0
municipal-case-counts,301.0,0.7865,0.831863,0.944974,0.228691,0.513715,0.504341,0.478216,spearman,-3,municipal-case-counts,-3
ggd-positive-tests,301.0,0.56439,0.831238,0.933898,1.30875,0.216248,0.207426,1.144006,spearman,-1,ggd-positive-tests,-1
nursing-homes,301.0,0.840305,0.549602,0.751587,0.034419,0.687601,0.66779,0.185524,pearsons_r,-7,nursing-homes,-7
combined,91,0.965269,0.862551,0.968402,0.004348,0.920332,0.913953,0.065941,,0,"case-counts, ggd-positive-tests, municipal-case-counts, nursing-homes",
