,N,pearsons_r,kendall,spearman,mse,explained_variance_score,r2,rmse,shift_corr_metric,shift,uses
sewage,175.0,0.851261,0.470716,0.666645,0.10465,0.688651,0.680156,0.323497,pearsons_r,-1,sewage
icu,173.0,0.821455,0.53136,0.722322,0.049193,0.615998,0.614964,0.221796,pearsons_r,-10,icu
hospital,174.0,0.926862,0.646025,0.831499,0.030303,0.528894,0.525233,0.174078,pearsons_r,-9,hospital
case-counts,175.0,0.687134,0.830643,0.935154,0.886577,0.344364,0.327139,0.941582,spearman,0,case-counts
municipal-case-counts,175.0,0.704748,0.82839,0.946908,0.44091,0.425349,0.410117,0.66401,spearman,-4,municipal-case-counts
nursing-homes,172.0,0.790005,0.466821,0.629425,0.067217,0.581917,0.541841,0.259263,pearsons_r,-7,nursing-homes
combined,175,0.955805,0.760142,0.918838,0.012648,0.902593,0.900654,0.112462,,0,"case-counts, hospital, icu, municipal-case-counts, nursing-homes, sewage"
