,N,pearsons_r,kendall,spearman,mse,explained_variance_score,r2,rmse,shift_corr_metric,shift,uses,delay_days
sewage,206.0,0.861722,0.473806,0.662512,0.034528,0.71641,0.71383,0.185817,pearsons_r,-2,sewage,-2
icu,206.0,0.81961,0.528513,0.708145,0.043631,0.617427,0.617408,0.208881,pearsons_r,-10,icu,-10
hospital,206.0,0.918117,0.636109,0.817574,0.028113,0.508474,0.501853,0.16767,pearsons_r,-9,hospital,-9
case-counts,206.0,0.68696,0.835807,0.936382,0.751692,0.347852,0.333553,0.867002,spearman,0,case-counts,0
municipal-case-counts,206.0,0.704853,0.836285,0.948783,0.376503,0.428247,0.415365,0.613598,spearman,-4,municipal-case-counts,-4
ggd-positive-tests,206.0,0.492873,0.807498,0.927138,1.987325,0.174268,0.161983,1.409725,spearman,-2,ggd-positive-tests,-2
nursing-homes,206.0,0.778395,0.466441,0.625672,0.062112,0.581534,0.570812,0.249222,pearsons_r,-7,nursing-homes,-7
combined,206,0.953215,0.828634,0.956909,0.011587,0.899154,0.898824,0.107641,,0,"case-counts, ggd-positive-tests, hospital, icu, municipal-case-counts, nursing-homes, sewage",
