,N,pearsons_r,kendall,spearman,mse,explained_variance_score,r2,rmse,shift_corr_metric,shift,uses
sewage,182.0,0.86631,0.520046,0.71486,0.036727,0.728427,0.726563,0.191643,pearsons_r,-2,sewage
icu,182.0,0.82248,0.539044,0.728979,0.046845,0.618368,0.616974,0.216438,pearsons_r,-10,icu
hospital,182.0,0.927643,0.631703,0.820849,0.029056,0.52654,0.523907,0.170459,pearsons_r,-9,hospital
case-counts,182.0,0.68815,0.833814,0.934998,0.852575,0.345294,0.328763,0.92335,spearman,0,case-counts
municipal-case-counts,182.0,0.705819,0.829892,0.946777,0.423989,0.426492,0.411825,0.651145,spearman,-4,municipal-case-counts
nursing-homes,182.0,0.79186,0.473471,0.631613,0.06344,0.589031,0.553413,0.251874,pearsons_r,-7,nursing-homes
combined,182,0.958385,0.772654,0.926957,0.012074,0.890362,0.889314,0.109882,,0,"case-counts, hospital, icu, municipal-case-counts, nursing-homes, sewage"
