,N,pearsons_r,kendall,spearman,mse,explained_variance_score,r2,rmse,shift_corr_metric,shift,uses,delay_days
sewage,457.0,0.712458,0.569628,0.763809,0.019394,0.481033,0.450145,0.139262,spearman,-3,sewage,-3
icu,457.0,0.479104,0.395511,0.553844,0.030443,0.02482,0.022662,0.174479,spearman,-9,icu,-9
hospital,457.0,0.779446,0.625129,0.806519,0.010753,0.310487,0.30219,0.103696,spearman,-4,hospital,-4
case-counts,457.0,0.959834,0.844671,0.965345,0.003535,0.908642,0.906101,0.059452,spearman,-1,case-counts,-1
municipal-case-counts,457.0,0.953892,0.838157,0.963339,0.003535,0.902916,0.900965,0.059454,spearman,-3,municipal-case-counts,-3
ggd-positive-tests,457.0,0.958618,0.838805,0.960255,0.003803,0.902933,0.902598,0.061668,spearman,-1,ggd-positive-tests,-1
nursing-homes,457.0,0.805799,0.618835,0.817275,0.0194,0.642622,0.623793,0.139285,spearman,-4,nursing-homes,-4
combined,372,0.966103,0.854287,0.968919,0.003019,0.918309,0.916238,0.054941,,0,"case-counts, ggd-positive-tests, municipal-case-counts, nursing-homes",
