,N,pearsons_r,kendall,spearman,mse,explained_variance_score,r2,rmse,shift_corr_metric,shift,uses,delay_days
sewage,411.0,0.743216,0.582145,0.772075,0.016877,0.520195,0.486183,0.129912,spearman,-2,sewage,-2
icu,411.0,0.49546,0.39453,0.552358,0.029084,0.018115,0.016593,0.170539,spearman,-8,icu,-8
hospital,411.0,0.769835,0.612068,0.79481,0.011459,0.289132,0.285027,0.107047,spearman,-4,hospital,-4
case-counts,411.0,0.958624,0.838686,0.963299,0.004092,0.902356,0.899217,0.063972,spearman,0,case-counts,0
municipal-case-counts,411.0,0.950601,0.828517,0.959445,0.004084,0.894955,0.892612,0.063907,spearman,-2,municipal-case-counts,-2
ggd-positive-tests,411.0,0.958303,0.83757,0.962814,0.004192,0.900072,0.898416,0.064744,spearman,0,ggd-positive-tests,0
nursing-homes,410.0,0.81787,0.62042,0.823714,0.0185,0.661956,0.643886,0.136016,spearman,-5,nursing-homes,-5
combined,326,0.961844,0.848082,0.967587,0.003906,0.906001,0.90197,0.062498,,0,"case-counts, ggd-positive-tests, municipal-case-counts, nursing-homes",
