,N,pearsons_r,kendall,spearman,mse,explained_variance_score,r2,rmse,shift_corr_metric,shift,uses,delay_days
sewage,273.0,0.841575,0.495964,0.676663,0.032504,0.676216,0.674241,0.180288,pearsons_r,-2,sewage,-2
icu,272.0,0.765233,0.424426,0.573102,0.046679,0.49628,0.492617,0.216053,pearsons_r,-10,icu,-10
hospital,273.0,0.885803,0.564004,0.737901,0.028643,0.374034,0.357661,0.169244,pearsons_r,-8,hospital,-8
case-counts,273.0,0.686019,0.837121,0.947321,0.557782,0.35735,0.344534,0.746848,spearman,0,case-counts,0
municipal-case-counts,273.0,0.782398,0.829178,0.942541,0.251797,0.506149,0.49436,0.501793,spearman,-3,municipal-case-counts,-3
ggd-positive-tests,273.0,0.561104,0.82838,0.931787,1.442625,0.211638,0.201366,1.201093,spearman,-1,ggd-positive-tests,-1
nursing-homes,272.0,0.835281,0.538108,0.73922,0.036892,0.674971,0.655667,0.192073,pearsons_r,-7,nursing-homes,-7
combined,63,0.960091,0.86208,0.961323,0.00426,0.919152,0.899404,0.065267,,0,"case-counts, ggd-positive-tests, municipal-case-counts, nursing-homes",
