,N,pearsons_r,kendall,spearman,mse,explained_variance_score,r2,rmse,shift_corr_metric,shift,uses,delay_days
sewage,196.0,0.864755,0.491199,0.683814,0.0353,0.722783,0.718836,0.187883,pearsons_r,-2,sewage,-2
icu,196.0,0.825669,0.55894,0.743633,0.043854,0.629534,0.629065,0.209414,pearsons_r,-10,icu,-10
hospital,196.0,0.921996,0.649402,0.829188,0.027742,0.547093,0.542163,0.16656,pearsons_r,-9,hospital,-9
case-counts,196.0,0.687348,0.831171,0.933349,0.79407,0.346576,0.331491,0.891106,spearman,0,case-counts,0
municipal-case-counts,196.0,0.705734,0.835715,0.9474,0.395371,0.427943,0.414868,0.628785,spearman,-4,municipal-case-counts,-4
nursing-homes,196.0,0.790017,0.494475,0.654718,0.061101,0.59726,0.576769,0.247187,pearsons_r,-7,nursing-homes,-7
combined,196,0.957708,0.78203,0.931093,0.011494,0.890779,0.890201,0.107208,,0,"case-counts, hospital, icu, municipal-case-counts, nursing-homes, sewage",
