,N,pearsons_r,kendall,spearman,mse,explained_variance_score,r2,rmse,shift_corr_metric,shift,uses,delay_days
sewage,390.0,0.751,0.593432,0.782946,0.01668,0.536335,0.511439,0.129151,spearman,-2,sewage,-2
icu,389.0,0.511711,0.407836,0.571412,0.028767,0.04634,0.04633,0.169609,spearman,-8,icu,-8
hospital,390.0,0.773264,0.614355,0.799795,0.01158,0.311669,0.310077,0.107611,spearman,-4,hospital,-4
case-counts,390.0,0.960783,0.845312,0.965735,0.004128,0.905229,0.901701,0.064252,spearman,0,case-counts,0
municipal-case-counts,390.0,0.953368,0.83752,0.962507,0.004075,0.899072,0.896513,0.063835,spearman,-2,municipal-case-counts,-2
ggd-positive-tests,390.0,0.960683,0.845988,0.966008,0.004174,0.903902,0.901636,0.064608,spearman,0,ggd-positive-tests,0
nursing-homes,389.0,0.818851,0.616492,0.822978,0.018807,0.663393,0.646903,0.137139,spearman,-5,nursing-homes,-5
combined,305,0.965372,0.861356,0.973036,0.003891,0.911421,0.906786,0.06238,,0,"case-counts, ggd-positive-tests, municipal-case-counts, nursing-homes",
