,N,pearsons_r,kendall,spearman,mse,explained_variance_score,r2,rmse,shift_corr_metric,shift,uses,delay_days
sewage,248.0,0.837735,0.465805,0.641752,0.034666,0.66894,0.668318,0.186188,pearsons_r,-2,sewage,-2
icu,247.0,0.773174,0.435169,0.579055,0.048489,0.525735,0.516637,0.220202,pearsons_r,-10,icu,-10
hospital,248.0,0.89286,0.587443,0.764631,0.028755,0.429058,0.404155,0.169574,pearsons_r,-9,hospital,-9
case-counts,248.0,0.685603,0.83928,0.946547,0.614192,0.352047,0.337727,0.783704,spearman,0,case-counts,0
municipal-case-counts,248.0,0.70223,0.84389,0.957028,0.313856,0.429028,0.416838,0.560229,spearman,-4,municipal-case-counts,-4
ggd-positive-tests,248.0,0.489299,0.813925,0.938211,1.652552,0.174438,0.163408,1.285516,spearman,-2,ggd-positive-tests,-2
nursing-homes,247.0,0.83614,0.557398,0.753709,0.03843,0.681608,0.668801,0.196035,pearsons_r,-7,nursing-homes,-7
combined,38,0.968326,0.900908,0.976067,0.002027,0.936938,0.88961,0.04502,,0,"case-counts, ggd-positive-tests, municipal-case-counts, nursing-homes",
