,N,pearsons_r,kendall,spearman,mse,explained_variance_score,r2,rmse,shift_corr_metric,shift,uses,delay_days
sewage,399.0,0.835155,0.545623,0.731743,0.028336,0.66432,0.654433,0.168334,pearsons_r,-2,sewage,-2
icu,399.0,0.712767,0.404881,0.567595,0.047431,0.407836,0.407788,0.217787,pearsons_r,-10,icu,-10
hospital,399.0,0.878846,0.603167,0.786265,0.023478,0.366374,0.364088,0.153226,pearsons_r,-8,hospital,-8
case-counts,276.0,0.963791,0.862157,0.968241,0.004119,0.917498,0.913177,0.064181,spearman,-1,case-counts,-1
municipal-case-counts,399.0,0.790862,0.844973,0.955846,0.17314,0.530999,0.522983,0.416101,spearman,-3,municipal-case-counts,-3
ggd-positive-tests,399.0,0.502093,0.823808,0.94685,1.030695,0.192967,0.18567,1.015232,spearman,-2,ggd-positive-tests,-2
nursing-homes,398.0,0.844585,0.596961,0.795168,0.03003,0.701336,0.678651,0.173291,pearsons_r,-7,nursing-homes,-7
combined,189,0.966997,0.870206,0.974375,0.004045,0.925386,0.918981,0.063602,,0,"case-counts, ggd-positive-tests, municipal-case-counts, nursing-homes",
