,N,pearsons_r,kendall,spearman,mse,explained_variance_score,r2,rmse,shift_corr_metric,shift,uses,delay_days
sewage,460.0,0.715324,0.572081,0.7665,0.019306,0.485079,0.453506,0.138945,spearman,-3,sewage,-3
icu,460.0,0.467862,0.372106,0.525866,0.030875,-0.011189,-0.016883,0.175714,spearman,-7,icu,-7
hospital,460.0,0.781523,0.627628,0.809164,0.010784,0.310137,0.300437,0.103844,spearman,-4,hospital,-4
case-counts,460.0,0.960564,0.846798,0.966118,0.003534,0.909522,0.907237,0.059451,spearman,-1,case-counts,-1
municipal-case-counts,460.0,0.953855,0.839601,0.964197,0.003617,0.902129,0.900489,0.060139,spearman,-3,municipal-case-counts,-3
ggd-positive-tests,460.0,0.959238,0.840494,0.961299,0.003814,0.90367,0.903401,0.061758,spearman,-1,ggd-positive-tests,-1
nursing-homes,457.0,0.805716,0.619087,0.817316,0.019417,0.642592,0.623471,0.139345,spearman,-4,nursing-homes,-4
combined,375,0.966715,0.856122,0.969903,0.003032,0.918784,0.91693,0.055061,,0,"case-counts, ggd-positive-tests, municipal-case-counts, nursing-homes",
