,N,pearsons_r,kendall,spearman,mse,explained_variance_score,r2,rmse,shift_corr_metric,shift,uses,delay_days
sewage,297.0,0.843579,0.500818,0.682144,0.030438,0.676129,0.672132,0.174464,pearsons_r,-2,sewage,-2
icu,296.0,0.766529,0.44127,0.59776,0.044445,0.505226,0.501706,0.21082,pearsons_r,-10,icu,-10
hospital,297.0,0.888035,0.584552,0.759189,0.026559,0.391265,0.380678,0.16297,pearsons_r,-8,hospital,-8
case-counts,297.0,0.690333,0.840398,0.948191,0.513508,0.363082,0.351083,0.716595,spearman,0,case-counts,0
municipal-case-counts,297.0,0.785388,0.830355,0.94385,0.231689,0.511646,0.501852,0.481341,spearman,-3,municipal-case-counts,-3
ggd-positive-tests,297.0,0.563692,0.83063,0.933108,1.32631,0.215086,0.206031,1.151655,spearman,-1,ggd-positive-tests,-1
nursing-homes,296.0,0.839821,0.546936,0.74953,0.03453,0.685824,0.665411,0.185823,pearsons_r,-7,nursing-homes,-7
combined,87,0.962887,0.85959,0.966125,0.004417,0.91707,0.907831,0.06646,,0,"case-counts, ggd-positive-tests, municipal-case-counts, nursing-homes",
