,N,pearsons_r,kendall,spearman,mse,explained_variance_score,r2,rmse,shift_corr_metric,shift,uses,delay_days
sewage,245.0,0.832349,0.461626,0.632564,0.03652,0.653848,0.653837,0.191102,pearsons_r,-2,sewage,-2
icu,245.0,0.762455,0.419737,0.556577,0.05217,0.497611,0.484054,0.228407,pearsons_r,-10,icu,-10
hospital,245.0,0.88567,0.568879,0.744614,0.031622,0.387757,0.350779,0.177825,pearsons_r,-9,hospital,-9
case-counts,245.0,0.592747,0.843757,0.952096,0.677544,0.290191,0.277217,0.823131,spearman,-1,case-counts,-1
municipal-case-counts,245.0,0.702437,0.852459,0.960535,0.315005,0.431396,0.42113,0.561253,spearman,-4,municipal-case-counts,-4
ggd-positive-tests,245.0,0.488768,0.826556,0.943798,1.668144,0.175315,0.165082,1.291567,spearman,-2,ggd-positive-tests,-2
nursing-homes,244.0,0.831477,0.545472,0.743073,0.039515,0.669095,0.661506,0.198784,pearsons_r,-7,nursing-homes,-7
combined,35,0.979706,0.937512,0.986689,0.000606,0.959745,0.958674,0.024623,,0,"case-counts, ggd-positive-tests, municipal-case-counts, nursing-homes",
