,N,pearsons_r,kendall,spearman,mse,explained_variance_score,r2,rmse,shift_corr_metric,shift,uses,delay_days
sewage,392.0,0.84613,0.552129,0.736081,0.026513,0.678976,0.669209,0.162828,pearsons_r,-2,sewage,-2
icu,390.0,0.714721,0.407884,0.572824,0.04776,0.404466,0.404315,0.21854,pearsons_r,-10,icu,-10
hospital,392.0,0.877167,0.596374,0.781579,0.024071,0.364384,0.361873,0.15515,pearsons_r,-8,hospital,-8
case-counts,269.0,0.965051,0.862722,0.967809,0.004093,0.919928,0.915821,0.06398,spearman,-1,case-counts,-1
municipal-case-counts,392.0,0.79104,0.845334,0.955769,0.176159,0.531272,0.523126,0.419712,spearman,-3,municipal-case-counts,-3
ggd-positive-tests,392.0,0.50224,0.824716,0.946942,1.048987,0.19309,0.185616,1.024201,spearman,-2,ggd-positive-tests,-2
nursing-homes,390.0,0.844277,0.590878,0.790032,0.03049,0.700634,0.680131,0.174613,pearsons_r,-7,nursing-homes,-7
combined,182,0.968886,0.875201,0.975567,0.004,0.928923,0.922676,0.063245,,0,"case-counts, ggd-positive-tests, municipal-case-counts, nursing-homes",
