,N,pearsons_r,kendall,spearman,mse,explained_variance_score,r2,rmse,shift_corr_metric,shift,uses,delay_days
sewage,248.0,0.837735,0.465805,0.641752,0.034666,0.66894,0.668318,0.186188,pearsons_r,-2,sewage,-2
icu,248.0,0.772077,0.431362,0.574873,0.048424,0.522574,0.514388,0.220054,pearsons_r,-10,icu,-10
hospital,248.0,0.892353,0.578552,0.75874,0.028816,0.424083,0.400633,0.169753,pearsons_r,-9,hospital,-9
case-counts,248.0,0.685598,0.839082,0.946573,0.614194,0.352047,0.337713,0.783705,spearman,0,case-counts,0
municipal-case-counts,248.0,0.70228,0.844877,0.957324,0.313853,0.429061,0.416907,0.560226,spearman,-4,municipal-case-counts,-4
ggd-positive-tests,248.0,0.48932,0.813925,0.938282,1.65256,0.174446,0.163423,1.285519,spearman,-2,ggd-positive-tests,-2
nursing-homes,248.0,0.836191,0.557873,0.754132,0.038314,0.681831,0.669167,0.19574,pearsons_r,-7,nursing-homes,-7
combined,38,0.968386,0.900908,0.976067,0.002016,0.935779,0.894291,0.044903,,0,"case-counts, ggd-positive-tests, municipal-case-counts, nursing-homes",
