,N,pearsons_r,kendall,spearman,mse,explained_variance_score,r2,rmse,shift_corr_metric,shift,uses,delay_days
sewage,423.0,0.834832,0.538611,0.724436,0.027366,0.665743,0.655172,0.165426,pearsons_r,-2,sewage,-2
icu,423.0,0.721642,0.416818,0.579076,0.043961,0.42538,0.425035,0.209669,pearsons_r,-10,icu,-10
hospital,423.0,0.883305,0.618963,0.800293,0.02168,0.401506,0.400227,0.147242,pearsons_r,-8,hospital,-8
case-counts,300.0,0.965308,0.866913,0.971279,0.003926,0.91822,0.915466,0.062657,spearman,-1,case-counts,-1
municipal-case-counts,423.0,0.793361,0.847476,0.956486,0.163391,0.53417,0.527154,0.404217,spearman,-3,municipal-case-counts,-3
ggd-positive-tests,423.0,0.505266,0.827758,0.947939,0.972261,0.195279,0.188714,0.986033,spearman,-2,ggd-positive-tests,-2
nursing-homes,421.0,0.84529,0.595717,0.792618,0.029261,0.705805,0.68343,0.171059,pearsons_r,-7,nursing-homes,-7
combined,213,0.966572,0.880758,0.978192,0.004092,0.919563,0.915075,0.063968,,0,"case-counts, ggd-positive-tests, municipal-case-counts, nursing-homes",
