,N,pearsons_r,kendall,spearman,mse,explained_variance_score,r2,rmse,shift_corr_metric,shift,uses,delay_days
sewage,443.0,0.703685,0.566382,0.757083,0.01987,0.458073,0.417677,0.140962,spearman,-3,sewage,-3
icu,443.0,0.456565,0.381748,0.535127,0.031464,-0.037572,-0.041514,0.177381,spearman,-9,icu,-9
hospital,443.0,0.77132,0.621722,0.802251,0.011259,0.254429,0.246036,0.10611,spearman,-4,hospital,-4
case-counts,443.0,0.959268,0.843662,0.964911,0.00355,0.908622,0.906061,0.059582,spearman,-1,case-counts,-1
municipal-case-counts,443.0,0.951972,0.834884,0.961499,0.003631,0.900457,0.898383,0.060259,spearman,-3,municipal-case-counts,-3
ggd-positive-tests,443.0,0.958758,0.840306,0.961305,0.003695,0.905417,0.904587,0.06079,spearman,-1,ggd-positive-tests,-1
nursing-homes,443.0,0.799654,0.619614,0.815622,0.019899,0.634821,0.611419,0.141064,spearman,-4,nursing-homes,-4
combined,358,0.965258,0.853924,0.968652,0.003021,0.919098,0.916339,0.054961,,0,"case-counts, ggd-positive-tests, municipal-case-counts, nursing-homes",
