,N,pearsons_r,kendall,spearman,mse,explained_variance_score,r2,rmse,shift_corr_metric,shift,uses,delay_days
sewage,262.0,0.841674,0.484543,0.660768,0.033066,0.674352,0.673085,0.181842,pearsons_r,-2,sewage,-2
icu,262.0,0.765159,0.407698,0.553716,0.047811,0.499085,0.496575,0.218658,pearsons_r,-10,icu,-10
hospital,262.0,0.890408,0.576482,0.747498,0.028215,0.411376,0.397638,0.167975,pearsons_r,-8,hospital,-8
case-counts,262.0,0.687255,0.842407,0.948674,0.580762,0.356549,0.343519,0.762078,spearman,0,case-counts,0
municipal-case-counts,262.0,0.704528,0.841168,0.957066,0.298197,0.433663,0.422668,0.546074,spearman,-4,municipal-case-counts,-4
ggd-positive-tests,262.0,0.491335,0.813862,0.939092,1.565884,0.177254,0.167024,1.251353,spearman,-2,ggd-positive-tests,-2
nursing-homes,262.0,0.836274,0.537894,0.73614,0.037571,0.67925,0.662607,0.193832,pearsons_r,-7,nursing-homes,-7
combined,52,0.984047,0.909253,0.983472,0.001865,0.961849,0.954958,0.043183,,0,"case-counts, ggd-positive-tests, municipal-case-counts, nursing-homes",
