,N,pearsons_r,kendall,spearman,mse,explained_variance_score,r2,rmse,shift_corr_metric,shift,uses,delay_days
sewage,416.0,0.834098,0.538554,0.724278,0.027743,0.663114,0.652089,0.166561,pearsons_r,-2,sewage,-2
icu,416.0,0.720768,0.419766,0.583446,0.044726,0.425856,0.425628,0.211485,pearsons_r,-10,icu,-10
hospital,416.0,0.882457,0.613893,0.795804,0.022129,0.390175,0.38881,0.148759,pearsons_r,-8,hospital,-8
case-counts,293.0,0.964544,0.866123,0.970562,0.003994,0.917272,0.914305,0.063199,spearman,-1,case-counts,-1
municipal-case-counts,416.0,0.792437,0.846472,0.956109,0.16613,0.532915,0.525672,0.40759,spearman,-3,municipal-case-counts,-3
ggd-positive-tests,416.0,0.504151,0.824568,0.946772,0.988658,0.19442,0.187695,0.994313,spearman,-2,ggd-positive-tests,-2
nursing-homes,414.0,0.843751,0.592741,0.790277,0.029842,0.70224,0.678539,0.172748,pearsons_r,-7,nursing-homes,-7
combined,206,0.965206,0.877519,0.976952,0.004219,0.91853,0.913228,0.064957,,0,"case-counts, ggd-positive-tests, municipal-case-counts, nursing-homes",
