,N,pearsons_r,kendall,spearman,mse,explained_variance_score,r2,rmse,shift_corr_metric,shift,uses,delay_days
sewage,273.0,0.841085,0.49743,0.677425,0.032777,0.676917,0.674592,0.181044,pearsons_r,-2,sewage,-2
icu,273.0,0.759287,0.409697,0.557996,0.047792,0.482704,0.477831,0.218613,pearsons_r,-10,icu,-10
hospital,273.0,0.883743,0.559498,0.733907,0.028969,0.366481,0.349527,0.170202,pearsons_r,-8,hospital,-8
case-counts,273.0,0.686388,0.837175,0.947484,0.55786,0.357574,0.34463,0.7469,spearman,0,case-counts,0
municipal-case-counts,273.0,0.782338,0.829395,0.942727,0.25176,0.506115,0.494362,0.501757,spearman,-3,municipal-case-counts,-3
ggd-positive-tests,273.0,0.561117,0.829086,0.932061,1.442573,0.211646,0.201376,1.201072,spearman,-1,ggd-positive-tests,-1
nursing-homes,273.0,0.834401,0.536824,0.738995,0.036975,0.673055,0.653665,0.192288,pearsons_r,-7,nursing-homes,-7
combined,63,0.955167,0.852816,0.957626,0.004717,0.91001,0.889103,0.068679,,0,"case-counts, ggd-positive-tests, municipal-case-counts, nursing-homes",
