,N,pearsons_r,kendall,spearman,mse,explained_variance_score,r2,rmse,shift_corr_metric,shift,uses,delay_days
sewage,224.0,0.833548,0.425111,0.596983,0.038727,0.656369,0.656368,0.196792,pearsons_r,-2,sewage,-2
icu,224.0,0.760421,0.389965,0.521047,0.056143,0.498631,0.489196,0.236944,pearsons_r,-10,icu,-10
hospital,224.0,0.885405,0.56691,0.732942,0.032776,0.402157,0.379999,0.181042,pearsons_r,-9,hospital,-9
case-counts,224.0,0.682457,0.844608,0.945473,0.692085,0.347784,0.334262,0.831916,spearman,0,case-counts,0
municipal-case-counts,224.0,0.701946,0.848163,0.956705,0.346581,0.42846,0.41662,0.588711,spearman,-4,municipal-case-counts,-4
ggd-positive-tests,224.0,0.488943,0.818591,0.937332,1.828372,0.174057,0.162175,1.352173,spearman,-2,ggd-positive-tests,-2
nursing-homes,222.0,0.777023,0.486138,0.642268,0.058345,0.575015,0.566027,0.241547,pearsons_r,-8,nursing-homes,-8
combined,14,0.899318,0.655596,0.867844,0.002475,0.803238,0.802645,0.049746,,0,"case-counts, ggd-positive-tests, municipal-case-counts, nursing-homes",
