,N,pearsons_r,kendall,spearman,mse,explained_variance_score,r2,rmse,shift_corr_metric,shift,uses,delay_days
sewage,378.0,0.845244,0.539504,0.725349,0.027606,0.677545,0.667253,0.166151,pearsons_r,-2,sewage,-2
icu,378.0,0.721703,0.415626,0.580855,0.047744,0.416429,0.416124,0.218505,pearsons_r,-10,icu,-10
hospital,378.0,0.87924,0.591159,0.779598,0.024729,0.360791,0.358878,0.157255,pearsons_r,-8,hospital,-8
case-counts,378.0,0.613277,0.844531,0.956135,0.444149,0.318271,0.308602,0.666445,spearman,-1,case-counts,-1
municipal-case-counts,378.0,0.791917,0.844277,0.955088,0.182523,0.53159,0.523382,0.427227,spearman,-3,municipal-case-counts,-3
ggd-positive-tests,378.0,0.503218,0.823828,0.945858,1.087614,0.193354,0.185728,1.042887,spearman,-2,ggd-positive-tests,-2
nursing-homes,378.0,0.844244,0.580611,0.780194,0.030952,0.699543,0.681028,0.175932,pearsons_r,-7,nursing-homes,-7
combined,168,0.971452,0.879842,0.978128,0.003937,0.932808,0.927379,0.062747,,0,"case-counts, ggd-positive-tests, municipal-case-counts, nursing-homes",
