,N,pearsons_r,kendall,spearman,mse,explained_variance_score,r2,rmse,shift_corr_metric,shift,uses,delay_days
sewage,276.0,0.84108,0.501017,0.680567,0.032454,0.676845,0.674318,0.180149,pearsons_r,-2,sewage,-2
icu,276.0,0.76437,0.42645,0.576847,0.046219,0.494254,0.490873,0.214987,pearsons_r,-10,icu,-10
hospital,276.0,0.883574,0.561472,0.735139,0.028656,0.365912,0.349801,0.16928,pearsons_r,-8,hospital,-8
case-counts,276.0,0.687115,0.836144,0.947427,0.552022,0.358059,0.344841,0.742982,spearman,0,case-counts,0
municipal-case-counts,276.0,0.781923,0.826903,0.941793,0.249204,0.505722,0.494312,0.499203,spearman,-3,municipal-case-counts,-3
ggd-positive-tests,276.0,0.560903,0.827965,0.932124,1.427054,0.211566,0.201471,1.194594,spearman,-1,ggd-positive-tests,-1
nursing-homes,276.0,0.830485,0.52989,0.731583,0.03724,0.66557,0.648096,0.192976,pearsons_r,-7,nursing-homes,-7
combined,66,0.94706,0.837406,0.947873,0.005388,0.894108,0.871997,0.0734,,0,"case-counts, ggd-positive-tests, municipal-case-counts, nursing-homes",
