,N,pearsons_r,kendall,spearman,mse,explained_variance_score,r2,rmse,shift_corr_metric,shift,uses,delay_days
sewage,402.0,0.835042,0.546055,0.7318,0.028188,0.664002,0.653655,0.167893,pearsons_r,-2,sewage,-2
icu,402.0,0.717524,0.412604,0.576203,0.046356,0.418104,0.417991,0.215305,pearsons_r,-10,icu,-10
hospital,402.0,0.880582,0.610837,0.791851,0.02312,0.369643,0.368072,0.152053,pearsons_r,-8,hospital,-8
case-counts,279.0,0.963778,0.862789,0.968697,0.004079,0.917467,0.913212,0.063869,spearman,-1,case-counts,-1
municipal-case-counts,402.0,0.790917,0.844683,0.955746,0.171856,0.531051,0.523189,0.414555,spearman,-3,municipal-case-counts,-3
ggd-positive-tests,402.0,0.502214,0.822883,0.946406,1.023018,0.193043,0.18586,1.011444,spearman,-2,ggd-positive-tests,-2
nursing-homes,400.0,0.844611,0.597417,0.795255,0.029932,0.701364,0.67814,0.173009,pearsons_r,-7,nursing-homes,-7
combined,192,0.966969,0.871179,0.974915,0.003987,0.92528,0.919006,0.063145,,0,"case-counts, ggd-positive-tests, municipal-case-counts, nursing-homes",
