,N,pearsons_r,kendall,spearman,mse,explained_variance_score,r2,rmse,shift_corr_metric,shift,uses,delay_days
sewage,329.0,0.850378,0.530125,0.712084,0.029193,0.683629,0.675339,0.170861,pearsons_r,-2,sewage,-2
icu,328.0,0.76634,0.441255,0.600835,0.043099,0.478651,0.478506,0.207603,pearsons_r,-10,icu,-10
hospital,329.0,0.897309,0.622507,0.801936,0.025309,0.399324,0.398002,0.159088,pearsons_r,-8,hospital,-8
case-counts,329.0,0.612418,0.841632,0.953703,0.508964,0.315156,0.304853,0.713417,spearman,-1,case-counts,-1
municipal-case-counts,329.0,0.791127,0.844433,0.952648,0.209214,0.527314,0.518716,0.457399,spearman,-3,municipal-case-counts,-3
ggd-positive-tests,329.0,0.568504,0.850221,0.943591,1.197318,0.224566,0.2168,1.09422,spearman,-1,ggd-positive-tests,-1
nursing-homes,328.0,0.855445,0.592226,0.787904,0.031555,0.718266,0.699828,0.177636,pearsons_r,-7,nursing-homes,-7
combined,119,0.97169,0.876241,0.974018,0.003858,0.935324,0.932109,0.062115,,0,"case-counts, ggd-positive-tests, municipal-case-counts, nursing-homes",
