,N,pearsons_r,kendall,spearman,mse,explained_variance_score,r2,rmse,shift_corr_metric,shift,uses,delay_days
sewage,488.0,0.727763,0.573607,0.767882,0.019014,0.51105,0.481337,0.137892,spearman,-2,sewage,-2
icu,488.0,0.47258,0.380911,0.53508,0.030125,-0.014725,-0.01528,0.173565,spearman,-8,icu,-8
hospital,488.0,0.766948,0.613137,0.802143,0.011375,0.250612,0.244896,0.106655,spearman,-5,hospital,-5
case-counts,488.0,0.958855,0.843369,0.964455,0.003401,0.909753,0.907971,0.05832,spearman,-1,case-counts,-1
municipal-case-counts,488.0,0.950674,0.834132,0.961151,0.003622,0.898773,0.897563,0.060181,spearman,-3,municipal-case-counts,-3
ggd-positive-tests,488.0,0.950115,0.823183,0.953515,0.004568,0.886975,0.886511,0.067589,spearman,-1,ggd-positive-tests,-1
nursing-homes,488.0,0.808842,0.626596,0.8236,0.018772,0.648917,0.628536,0.13701,spearman,-4,nursing-homes,-4
combined,403,0.963247,0.848449,0.966163,0.003034,0.916557,0.914699,0.055084,,0,"case-counts, ggd-positive-tests, municipal-case-counts, nursing-homes",
