,N,pearsons_r,kendall,spearman,mse,explained_variance_score,r2,rmse,shift_corr_metric,shift,uses,delay_days
sewage,324.0,0.719942,0.584814,0.778682,0.019325,0.461729,0.445005,0.139014,spearman,-4,sewage,-4
icu,323.0,0.469949,0.35154,0.510003,0.035107,-0.030504,-0.033913,0.187368,spearman,-9,icu,-9
hospital,324.0,0.784469,0.59839,0.7885,0.012515,0.202363,0.202068,0.111871,spearman,-6,hospital,-6
case-counts,324.0,0.966937,0.861699,0.970344,0.0037,0.919484,0.917795,0.060825,spearman,-1,case-counts,-1
municipal-case-counts,324.0,0.957028,0.846898,0.965777,0.003871,0.909288,0.907086,0.062214,spearman,-3,municipal-case-counts,-3
ggd-positive-tests,324.0,0.967907,0.86797,0.973699,0.003753,0.91977,0.917654,0.06126,spearman,-1,ggd-positive-tests,-1
nursing-homes,322.0,0.831793,0.615303,0.817772,0.016556,0.689924,0.680285,0.128672,pearsons_r,-6,nursing-homes,-6
combined,239,0.972294,0.879477,0.978392,0.003404,0.928138,0.923962,0.058348,,0,"case-counts, ggd-positive-tests, municipal-case-counts, nursing-homes",
