,N,pearsons_r,kendall,spearman,mse,explained_variance_score,r2,rmse,shift_corr_metric,shift,uses,delay_days
sewage,353.0,0.849883,0.521901,0.69799,0.027436,0.683059,0.674269,0.165638,pearsons_r,-2,sewage,-2
icu,353.0,0.761943,0.419922,0.576364,0.041175,0.476568,0.476565,0.202917,pearsons_r,-10,icu,-10
hospital,353.0,0.889573,0.594382,0.774166,0.024327,0.392692,0.391647,0.155971,pearsons_r,-8,hospital,-8
case-counts,353.0,0.613799,0.839519,0.952004,0.475236,0.316039,0.306524,0.689374,spearman,-1,case-counts,-1
municipal-case-counts,353.0,0.792545,0.842244,0.952361,0.194909,0.528509,0.520756,0.441485,spearman,-3,municipal-case-counts,-3
ggd-positive-tests,353.0,0.504211,0.824496,0.942781,1.163705,0.191912,0.184697,1.078752,spearman,-2,ggd-positive-tests,-2
nursing-homes,353.0,0.847794,0.570698,0.763193,0.031166,0.706234,0.689705,0.176538,pearsons_r,-7,nursing-homes,-7
combined,143,0.968048,0.882321,0.978237,0.003446,0.927975,0.926347,0.058702,,0,"case-counts, ggd-positive-tests, municipal-case-counts, nursing-homes",
