,N,pearsons_r,kendall,spearman,mse,explained_variance_score,r2,rmse,shift_corr_metric,shift,uses,delay_days
sewage,348.0,0.720471,0.575511,0.769731,0.018967,0.471184,0.447967,0.137721,spearman,-3,sewage,-3
icu,348.0,0.46878,0.37425,0.526896,0.032198,-0.062927,-0.063069,0.179437,spearman,-9,icu,-9
hospital,348.0,0.781818,0.614172,0.798636,0.011948,0.218621,0.218192,0.109308,spearman,-5,hospital,-5
case-counts,348.0,0.960636,0.859166,0.970154,0.003979,0.90938,0.906351,0.063079,spearman,-1,case-counts,-1
municipal-case-counts,348.0,0.958236,0.848345,0.966651,0.003541,0.91201,0.909664,0.059504,spearman,-2,municipal-case-counts,-2
ggd-positive-tests,348.0,0.96617,0.858804,0.970867,0.00357,0.918231,0.916383,0.059748,spearman,0,ggd-positive-tests,0
nursing-homes,347.0,0.815633,0.61961,0.821399,0.018357,0.662962,0.642463,0.13549,spearman,-5,nursing-homes,-5
combined,263,0.970867,0.8736,0.976995,0.003155,0.928285,0.923981,0.056166,,0,"case-counts, ggd-positive-tests, municipal-case-counts, nursing-homes",
