,N,pearsons_r,kendall,spearman,mse,explained_variance_score,r2,rmse,shift_corr_metric,shift,uses,delay_days
sewage,415.0,0.743579,0.584184,0.773319,0.016763,0.520059,0.485144,0.129471,spearman,-2,sewage,-2
icu,415.0,0.490342,0.383647,0.542284,0.029281,0.009203,0.008189,0.171116,spearman,-8,icu,-8
hospital,415.0,0.76978,0.615006,0.797828,0.011425,0.284077,0.279468,0.10689,spearman,-4,hospital,-4
case-counts,415.0,0.958981,0.840968,0.964336,0.004,0.903523,0.900576,0.063242,spearman,0,case-counts,0
municipal-case-counts,415.0,0.95074,0.829584,0.959852,0.004022,0.895639,0.893232,0.063417,spearman,-2,municipal-case-counts,-2
ggd-positive-tests,415.0,0.958521,0.838887,0.963262,0.00411,0.901052,0.899435,0.06411,spearman,0,ggd-positive-tests,0
nursing-homes,414.0,0.809641,0.613051,0.818066,0.019535,0.649148,0.627233,0.139767,spearman,-5,nursing-homes,-5
combined,330,0.961929,0.849023,0.967777,0.003819,0.906916,0.902986,0.061802,,0,"case-counts, ggd-positive-tests, municipal-case-counts, nursing-homes",
