,N,pearsons_r,kendall,spearman,mse,explained_variance_score,r2,rmse,shift_corr_metric,shift,uses,delay_days
sewage,374.0,0.844323,0.534857,0.720441,0.027766,0.67461,0.664831,0.166632,pearsons_r,-2,sewage,-2
icu,374.0,0.726794,0.421882,0.585914,0.047373,0.43148,0.430479,0.217654,pearsons_r,-10,icu,-10
hospital,374.0,0.876634,0.586337,0.773947,0.025118,0.352898,0.351171,0.158486,pearsons_r,-8,hospital,-8
case-counts,374.0,0.612951,0.845286,0.956023,0.44869,0.317517,0.308014,0.669843,spearman,-1,case-counts,-1
municipal-case-counts,374.0,0.792369,0.844775,0.954935,0.184398,0.531175,0.522943,0.429416,spearman,-3,municipal-case-counts,-3
ggd-positive-tests,374.0,0.503519,0.823566,0.945521,1.099133,0.19309,0.185486,1.048395,spearman,-2,ggd-positive-tests,-2
nursing-homes,372.0,0.845258,0.580723,0.776837,0.031244,0.702338,0.682139,0.17676,pearsons_r,-7,nursing-homes,-7
combined,164,0.971495,0.880614,0.978578,0.003943,0.931723,0.926138,0.062793,,0,"case-counts, ggd-positive-tests, municipal-case-counts, nursing-homes",
