,N,pearsons_r,kendall,spearman,mse,explained_variance_score,r2,rmse,shift_corr_metric,shift,uses,delay_days
sewage,217.0,0.835881,0.420917,0.592455,0.039242,0.660341,0.660341,0.198095,pearsons_r,-2,sewage,-2
icu,217.0,0.779249,0.437285,0.578548,0.052199,0.530989,0.52725,0.228471,pearsons_r,-10,icu,-10
hospital,217.0,0.880285,0.54876,0.703906,0.034753,0.395069,0.367058,0.186421,pearsons_r,-8,hospital,-8
case-counts,217.0,0.683778,0.838475,0.941303,0.713387,0.348496,0.334415,0.844622,spearman,0,case-counts,0
municipal-case-counts,217.0,0.702874,0.842351,0.953448,0.357688,0.429005,0.416589,0.59807,spearman,-4,municipal-case-counts,-4
ggd-positive-tests,217.0,0.489469,0.81711,0.935089,1.887255,0.174142,0.162148,1.373774,spearman,-2,ggd-positive-tests,-2
nursing-homes,217.0,0.778489,0.485356,0.644341,0.059918,0.579531,0.568282,0.244781,pearsons_r,-8,nursing-homes,-8
combined,7,0.826511,0.450564,0.52736,0.002715,0.470468,0.379351,0.052106,,0,"case-counts, ggd-positive-tests, municipal-case-counts, nursing-homes",
