,N,pearsons_r,kendall,spearman,mse,explained_variance_score,r2,rmse,shift_corr_metric,shift,uses,delay_days
sewage,189.0,0.864568,0.50231,0.694531,0.036242,0.723419,0.719844,0.190373,pearsons_r,-2,sewage,-2
icu,189.0,0.824831,0.552206,0.73846,0.045028,0.625278,0.624213,0.212197,pearsons_r,-10,icu,-10
hospital,189.0,0.924151,0.647451,0.830463,0.028382,0.53804,0.533854,0.16847,pearsons_r,-9,hospital,-9
case-counts,189.0,0.688008,0.834532,0.934313,0.822608,0.345908,0.329901,0.906977,spearman,0,case-counts,0
municipal-case-counts,189.0,0.706286,0.833509,0.947375,0.409228,0.427403,0.413627,0.63971,spearman,-4,municipal-case-counts,-4
nursing-homes,189.0,0.792887,0.490945,0.650349,0.061582,0.596178,0.566424,0.248157,pearsons_r,-7,nursing-homes,-7
combined,189,0.958322,0.782022,0.931854,0.011689,0.891374,0.890467,0.108117,,0,"case-counts, hospital, icu, municipal-case-counts, nursing-homes, sewage",
