,N,pearsons_r,kendall,spearman,mse,explained_variance_score,r2,rmse,shift_corr_metric,shift,uses,delay_days
sewage,355.0,0.74017,0.579101,0.771586,0.018166,0.512129,0.486633,0.134781,spearman,-2,sewage,-2
icu,355.0,0.481083,0.384222,0.541903,0.031447,-0.046731,-0.046892,0.177332,spearman,-9,icu,-9
hospital,355.0,0.779586,0.613037,0.796596,0.012074,0.259337,0.258367,0.109883,spearman,-4,hospital,-4
case-counts,355.0,0.965884,0.85401,0.969101,0.003593,0.918714,0.915708,0.059938,spearman,0,case-counts,0
municipal-case-counts,355.0,0.957719,0.844888,0.964858,0.003653,0.910715,0.908019,0.060444,spearman,-2,municipal-case-counts,-2
ggd-positive-tests,355.0,0.96591,0.855523,0.969643,0.003608,0.917976,0.915985,0.060069,spearman,0,ggd-positive-tests,0
nursing-homes,354.0,0.819278,0.619029,0.822935,0.018836,0.667604,0.643328,0.137243,spearman,-5,nursing-homes,-5
combined,270,0.970798,0.86961,0.976297,0.003302,0.927558,0.922588,0.057461,,0,"case-counts, ggd-positive-tests, municipal-case-counts, nursing-homes",
