,N,pearsons_r,kendall,spearman,mse,explained_variance_score,r2,rmse,shift_corr_metric,shift,uses,delay_days
sewage,213.0,0.839857,0.424851,0.594436,0.038798,0.670411,0.670251,0.196971,pearsons_r,-2,sewage,-2
icu,213.0,0.811301,0.517791,0.701664,0.044544,0.595258,0.594863,0.211053,pearsons_r,-10,icu,-10
hospital,213.0,0.898765,0.587295,0.755355,0.03151,0.448517,0.429886,0.17751,pearsons_r,-8,hospital,-8
case-counts,213.0,0.684504,0.841606,0.941264,0.726204,0.347978,0.334065,0.852176,spearman,0,case-counts,0
municipal-case-counts,213.0,0.704761,0.843843,0.953006,0.364376,0.429561,0.416575,0.603636,spearman,-4,municipal-case-counts,-4
ggd-positive-tests,213.0,0.491446,0.815755,0.933221,1.922667,0.174469,0.162127,1.386603,spearman,-2,ggd-positive-tests,-2
nursing-homes,212.0,0.772077,0.462693,0.617871,0.061685,0.567293,0.559062,0.248365,pearsons_r,-8,nursing-homes,-8
combined,213,0.938443,0.809225,0.945028,0.01491,0.871715,0.871715,0.122108,,0,"case-counts, ggd-positive-tests, hospital, icu, municipal-case-counts, nursing-homes, sewage",
