,N,pearsons_r,kendall,spearman,mse,explained_variance_score,r2,rmse,shift_corr_metric,shift,uses,delay_days
sewage,269.0,0.840825,0.487949,0.664877,0.032668,0.674015,0.672268,0.180744,pearsons_r,-2,sewage,-2
icu,269.0,0.765922,0.419153,0.564521,0.046648,0.500699,0.497855,0.215981,pearsons_r,-10,icu,-10
hospital,269.0,0.888075,0.565954,0.736584,0.028086,0.391946,0.378918,0.16759,pearsons_r,-8,hospital,-8
case-counts,269.0,0.687421,0.833887,0.945377,0.565991,0.356991,0.34412,0.752324,spearman,0,case-counts,0
municipal-case-counts,269.0,0.784582,0.830179,0.942527,0.255346,0.506461,0.494296,0.505318,spearman,-3,municipal-case-counts,-3
ggd-positive-tests,269.0,0.491507,0.800272,0.931382,1.526737,0.177551,0.166748,1.235612,spearman,-2,ggd-positive-tests,-2
nursing-homes,269.0,0.835581,0.53547,0.734441,0.037092,0.676784,0.656788,0.192592,pearsons_r,-7,nursing-homes,-7
combined,59,0.965607,0.873361,0.964732,0.004095,0.925091,0.899252,0.063991,,0,"case-counts, ggd-positive-tests, municipal-case-counts, nursing-homes",
