,N,pearsons_r,kendall,spearman,mse,explained_variance_score,r2,rmse,shift_corr_metric,shift,uses,delay_days
sewage,474.0,0.72093,0.576342,0.770635,0.018809,0.497132,0.470519,0.137147,spearman,-3,sewage,-3
icu,474.0,0.491182,0.405726,0.563631,0.029248,0.036543,0.034239,0.171022,spearman,-9,icu,-9
hospital,474.0,0.770254,0.615353,0.803427,0.011073,0.29784,0.291231,0.105231,spearman,-5,hospital,-5
case-counts,474.0,0.958864,0.843208,0.964469,0.00358,0.90683,0.904832,0.059835,spearman,-1,case-counts,-1
municipal-case-counts,474.0,0.952764,0.837501,0.963204,0.003648,0.900131,0.898681,0.0604,spearman,-3,municipal-case-counts,-3
ggd-positive-tests,474.0,0.955311,0.832646,0.957106,0.004188,0.895037,0.894895,0.064712,spearman,-1,ggd-positive-tests,-1
nursing-homes,474.0,0.809036,0.624317,0.820814,0.019004,0.647526,0.629307,0.137854,spearman,-4,nursing-homes,-4
combined,389,0.964918,0.852307,0.968142,0.00308,0.915893,0.914143,0.0555,,0,"case-counts, ggd-positive-tests, municipal-case-counts, nursing-homes",
