,N,pearsons_r,kendall,spearman,mse,explained_variance_score,r2,rmse,shift_corr_metric,shift,uses,delay_days
sewage,502.0,0.723932,0.570552,0.766015,0.020276,0.511392,0.475895,0.142395,spearman,-2,sewage,-2
icu,502.0,0.462299,0.395596,0.556304,0.036719,0.081204,0.073973,0.191623,spearman,-8,icu,-8
hospital,502.0,0.773387,0.620526,0.808901,0.010995,0.279972,0.273585,0.104859,spearman,-5,hospital,-5
case-counts,502.0,0.958356,0.843125,0.964712,0.003405,0.908947,0.906805,0.058349,spearman,-1,case-counts,-1
municipal-case-counts,502.0,0.949885,0.830934,0.959931,0.003735,0.896575,0.894537,0.061116,spearman,-3,municipal-case-counts,-3
ggd-positive-tests,502.0,0.948273,0.821155,0.95269,0.004636,0.883984,0.883494,0.068092,spearman,-1,ggd-positive-tests,-1
nursing-homes,502.0,0.810336,0.628501,0.825558,0.018359,0.651482,0.630193,0.135497,spearman,-4,nursing-homes,-4
combined,417,0.963208,0.848111,0.966625,0.003052,0.916319,0.91387,0.055249,,0,"case-counts, ggd-positive-tests, municipal-case-counts, nursing-homes",
