,N,pearsons_r,kendall,spearman,mse,explained_variance_score,r2,rmse,shift_corr_metric,shift,uses,delay_days
sewage,238.0,0.831581,0.452661,0.625665,0.037217,0.656665,0.65647,0.192917,pearsons_r,-2,sewage,-2
icu,238.0,0.765899,0.415317,0.553111,0.051759,0.510278,0.499579,0.227507,pearsons_r,-10,icu,-10
hospital,238.0,0.888403,0.57306,0.745638,0.030844,0.410712,0.379203,0.175625,pearsons_r,-9,hospital,-9
case-counts,238.0,0.597251,0.838683,0.949974,0.696971,0.291236,0.276977,0.834848,spearman,-1,case-counts,-1
municipal-case-counts,238.0,0.707132,0.854708,0.960336,0.323855,0.432849,0.421583,0.569083,spearman,-4,municipal-case-counts,-4
ggd-positive-tests,238.0,0.493651,0.83203,0.944805,1.715938,0.176179,0.164891,1.309938,spearman,-2,ggd-positive-tests,-2
nursing-homes,238.0,0.834136,0.543345,0.740986,0.039534,0.677351,0.668948,0.198831,pearsons_r,-7,nursing-homes,-7
combined,28,0.948838,0.902341,0.975745,0.001361,0.892336,0.861897,0.036891,,0,"case-counts, ggd-positive-tests, municipal-case-counts, nursing-homes",
