,N,pearsons_r,kendall,spearman,mse,explained_variance_score,r2,rmse,shift_corr_metric,shift,uses,delay_days
sewage,224.0,0.833548,0.425111,0.596983,0.038727,0.656369,0.656368,0.196792,pearsons_r,-2,sewage,-2
icu,223.0,0.76945,0.411992,0.548484,0.0537,0.513284,0.506345,0.231732,pearsons_r,-10,icu,-10
hospital,224.0,0.883562,0.563516,0.723074,0.032952,0.405539,0.382663,0.181527,pearsons_r,-8,hospital,-8
case-counts,224.0,0.682457,0.844608,0.945473,0.692085,0.347784,0.334262,0.831916,spearman,0,case-counts,0
municipal-case-counts,224.0,0.701946,0.848163,0.956705,0.346581,0.42846,0.41662,0.588711,spearman,-4,municipal-case-counts,-4
ggd-positive-tests,224.0,0.488943,0.818591,0.937332,1.828372,0.174057,0.162175,1.352173,spearman,-2,ggd-positive-tests,-2
nursing-homes,222.0,0.777023,0.486138,0.642268,0.058345,0.575015,0.566027,0.241547,pearsons_r,-8,nursing-homes,-8
combined,14,0.899318,0.655596,0.867844,0.002475,0.803238,0.802645,0.049746,,0,"case-counts, ggd-positive-tests, municipal-case-counts, nursing-homes",
