,N,pearsons_r,kendall,spearman,mse,explained_variance_score,r2,rmse,shift_corr_metric,shift,uses,delay_days
sewage,485.0,0.730683,0.575575,0.770846,0.01902,0.516233,0.483756,0.137911,spearman,-2,sewage,-2
icu,484.0,0.488537,0.399742,0.559656,0.029186,0.008941,0.006793,0.170839,spearman,-8,icu,-8
hospital,485.0,0.765047,0.610923,0.800796,0.011487,0.255657,0.250247,0.107176,spearman,-5,hospital,-5
case-counts,485.0,0.958597,0.842419,0.96397,0.003428,0.909327,0.907571,0.058549,spearman,-1,case-counts,-1
municipal-case-counts,485.0,0.951122,0.834407,0.961302,0.003635,0.899355,0.897915,0.060288,spearman,-3,municipal-case-counts,-3
ggd-positive-tests,485.0,0.950984,0.82355,0.953625,0.004549,0.88822,0.88761,0.067448,spearman,-1,ggd-positive-tests,-1
nursing-homes,481.0,0.806394,0.622358,0.820061,0.018972,0.645553,0.626621,0.137738,spearman,-4,nursing-homes,-4
combined,400,0.963305,0.848276,0.965979,0.003034,0.916722,0.914889,0.055083,,0,"case-counts, ggd-positive-tests, municipal-case-counts, nursing-homes",
