,N,pearsons_r,kendall,spearman,mse,explained_variance_score,r2,rmse,shift_corr_metric,shift,uses,delay_days
sewage,210.0,0.851626,0.448311,0.626864,0.036304,0.695565,0.694529,0.190536,pearsons_r,-2,sewage,-2
icu,210.0,0.817714,0.530776,0.712221,0.043331,0.61115,0.611122,0.20816,pearsons_r,-10,icu,-10
hospital,210.0,0.908278,0.607995,0.779789,0.029587,0.484628,0.471699,0.172008,pearsons_r,-8,hospital,-8
case-counts,210.0,0.686119,0.83643,0.938443,0.735734,0.348079,0.333981,0.857749,spearman,0,case-counts,0
municipal-case-counts,210.0,0.704808,0.838731,0.950778,0.369416,0.428693,0.415786,0.607796,spearman,-4,municipal-case-counts,-4
ggd-positive-tests,210.0,0.492692,0.811028,0.930288,1.95007,0.174474,0.16202,1.396449,spearman,-2,ggd-positive-tests,-2
nursing-homes,210.0,0.776714,0.473253,0.62899,0.061193,0.576635,0.566122,0.247373,pearsons_r,-8,nursing-homes,-8
combined,210,0.940879,0.815722,0.949905,0.014433,0.877499,0.877377,0.120136,,0,"case-counts, ggd-positive-tests, hospital, icu, municipal-case-counts, nursing-homes, sewage",
