,N,pearsons_r,kendall,spearman,mse,explained_variance_score,r2,rmse,shift_corr_metric,shift,uses,delay_days
sewage,203.0,0.864518,0.484864,0.675258,0.03436,0.721891,0.718397,0.185364,pearsons_r,-2,sewage,-2
icu,203.0,0.824841,0.551568,0.734721,0.042821,0.62624,0.625877,0.206933,pearsons_r,-10,icu,-10
hospital,203.0,0.917958,0.636895,0.811648,0.028278,0.516582,0.510182,0.168161,pearsons_r,-8,hospital,-8
case-counts,203.0,0.687538,0.831983,0.933712,0.762708,0.348035,0.333472,0.873332,spearman,0,case-counts,0
municipal-case-counts,203.0,0.705184,0.833954,0.946739,0.382006,0.428319,0.415418,0.618066,spearman,-4,municipal-case-counts,-4
nursing-homes,203.0,0.787419,0.496983,0.657738,0.060557,0.595483,0.578309,0.246083,pearsons_r,-7,nursing-homes,-7
combined,203,0.955908,0.777891,0.926009,0.011534,0.888519,0.888012,0.107397,,0,"case-counts, hospital, icu, municipal-case-counts, nursing-homes, sewage",
