,N,pearsons_r,kendall,spearman,mse,explained_variance_score,r2,rmse,shift_corr_metric,shift,uses,delay_days
sewage,502.0,0.712977,0.569862,0.766702,0.020829,0.492232,0.457346,0.144321,spearman,-3,sewage,-3
icu,502.0,0.460677,0.395964,0.555909,0.03668,0.077059,0.070495,0.19152,spearman,-8,icu,-8
hospital,502.0,0.773162,0.619666,0.808232,0.010999,0.274253,0.268421,0.104877,spearman,-5,hospital,-5
case-counts,502.0,0.958356,0.843125,0.964712,0.003405,0.908947,0.906805,0.058349,spearman,-1,case-counts,-1
municipal-case-counts,502.0,0.949885,0.830934,0.959931,0.003735,0.896575,0.894537,0.061116,spearman,-3,municipal-case-counts,-3
ggd-positive-tests,502.0,0.948273,0.821155,0.95269,0.004636,0.883984,0.883494,0.068092,spearman,-1,ggd-positive-tests,-1
nursing-homes,499.0,0.809721,0.627726,0.82503,0.018446,0.650554,0.629593,0.135818,spearman,-4,nursing-homes,-4
combined,417,0.963356,0.849111,0.966975,0.003021,0.916832,0.914503,0.054967,,0,"case-counts, ggd-positive-tests, municipal-case-counts, nursing-homes",
