,N,pearsons_r,kendall,spearman,mse,explained_variance_score,r2,rmse,shift_corr_metric,shift,uses,delay_days
sewage,437.0,0.836093,0.538254,0.723085,0.026593,0.668882,0.658341,0.163072,pearsons_r,-2,sewage,-2
icu,437.0,0.720235,0.409311,0.569999,0.043058,0.41927,0.418125,0.207505,pearsons_r,-10,icu,-10
hospital,437.0,0.885044,0.62083,0.802161,0.021098,0.396916,0.396555,0.145252,pearsons_r,-8,hospital,-8
case-counts,314.0,0.965526,0.864028,0.970735,0.003828,0.918482,0.916225,0.061868,spearman,-1,case-counts,-1
municipal-case-counts,437.0,0.794382,0.848328,0.956629,0.158168,0.535938,0.529296,0.397704,spearman,-3,municipal-case-counts,-3
ggd-positive-tests,437.0,0.506741,0.829826,0.94847,0.94108,0.196553,0.190291,0.970093,spearman,-2,ggd-positive-tests,-2
nursing-homes,437.0,0.843311,0.583778,0.781614,0.028973,0.703352,0.683074,0.170213,pearsons_r,-7,nursing-homes,-7
combined,227,0.967428,0.876786,0.976692,0.003863,0.920466,0.916739,0.062155,,0,"case-counts, ggd-positive-tests, municipal-case-counts, nursing-homes",
