,N,pearsons_r,kendall,spearman,mse,explained_variance_score,r2,rmse,shift_corr_metric,shift,uses,delay_days
sewage,199.0,0.864873,0.487823,0.680122,0.034871,0.722816,0.718844,0.186739,pearsons_r,-2,sewage,-2
icu,199.0,0.823244,0.545757,0.728541,0.043922,0.621839,0.62047,0.209575,pearsons_r,-10,icu,-10
hospital,199.0,0.919943,0.644466,0.819379,0.028416,0.515831,0.511387,0.168571,pearsons_r,-8,hospital,-8
case-counts,199.0,0.687975,0.831529,0.932826,0.777909,0.347869,0.332993,0.881992,spearman,0,case-counts,0
municipal-case-counts,199.0,0.705809,0.83399,0.946497,0.389477,0.428377,0.41543,0.624081,spearman,-4,municipal-case-counts,-4
nursing-homes,198.0,0.789163,0.494846,0.656451,0.061125,0.596938,0.577444,0.247234,pearsons_r,-7,nursing-homes,-7
combined,199,0.956478,0.781388,0.928619,0.011596,0.8899,0.889171,0.107685,,0,"case-counts, hospital, icu, municipal-case-counts, nursing-homes, sewage",
