,N,pearsons_r,kendall,spearman,mse,explained_variance_score,r2,rmse,shift_corr_metric,shift,uses
sewage,171.0,0.8508208295328864,0.4704019633177793,0.6693327442902389,0.10706093974051523,0.6882451702314798,0.6793169376500097,0.3272016805282565,pearsons_r,-1,sewage
icu,171.0,0.8221319377926801,0.5386928355374155,0.7297490390115038,0.04951049781382289,0.6150243182631118,0.6133992424004187,0.22250954544428625,pearsons_r,-10,icu
hospital,171.0,0.9266930576678346,0.6479304705716712,0.8379020210323507,0.03137746515036668,0.5093741188830468,0.5059655654623982,0.17713685429736714,pearsons_r,-9,hospital
case-counts,171.0,0.6862287871177967,0.8297618579857434,0.9355912959723673,0.9073564666917528,0.34378457092535,0.32595334551006827,0.9525526057345877,spearman,0,case-counts
municipal-case-counts,171.0,0.703955682062999,0.8268470036836857,0.9470321118708867,0.4513120003200626,0.42462938210029444,0.40921301435856794,0.6717975888019118,spearman,-4,municipal-case-counts
nursing-homes,170.0,0.7891908953916346,0.4710355115473477,0.632735146898286,0.06809190687792566,0.5802096252528457,0.5411646768728753,0.26094426009767996,pearsons_r,-7,nursing-homes
combined,171,0.955418922922458,0.7586949340498618,0.9200691901719525,0.013049099410586696,0.9014860942907842,0.8994291038749772,0.11423265474717244,,0,"case-counts, hospital, icu, municipal-case-counts, nursing-homes, sewage"
