,N,pearsons_r,kendall,spearman,mse,explained_variance_score,r2,rmse,shift_corr_metric,shift,uses,delay_days
sewage,523.0,0.717671,0.570203,0.765931,0.019826,0.501009,0.4632,0.140806,spearman,-3,sewage,-3
icu,523.0,0.458779,0.392922,0.549188,0.036117,0.084956,0.075406,0.190046,spearman,-8,icu,-8
hospital,523.0,0.76115,0.609506,0.800196,0.011058,0.293614,0.281099,0.105158,spearman,-6,hospital,-6
case-counts,523.0,0.957363,0.839017,0.962147,0.003413,0.905946,0.903528,0.058417,spearman,-1,case-counts,-1
municipal-case-counts,523.0,0.944577,0.819087,0.95374,0.004105,0.884921,0.882682,0.064069,spearman,-3,municipal-case-counts,-3
ggd-positive-tests,523.0,0.939627,0.803447,0.940032,0.005475,0.86382,0.863804,0.073993,spearman,-1,ggd-positive-tests,-1
nursing-homes,520.0,0.811141,0.630841,0.826492,0.017805,0.651752,0.631215,0.133436,spearman,-4,nursing-homes,-4
combined,438,0.963485,0.847904,0.966004,0.003015,0.914053,0.912152,0.054905,,0,"case-counts, ggd-positive-tests, municipal-case-counts, nursing-homes",
