,N,pearsons_r,kendall,spearman,mse,explained_variance_score,r2,rmse,shift_corr_metric,shift,uses,delay_days
sewage,371.0,0.844976,0.535496,0.719517,0.027962,0.678094,0.666729,0.16722,pearsons_r,-2,sewage,-2
icu,370.0,0.724065,0.405671,0.561589,0.047832,0.423596,0.422963,0.218706,pearsons_r,-10,icu,-10
hospital,371.0,0.877854,0.58467,0.770432,0.024954,0.360665,0.359412,0.157967,pearsons_r,-8,hospital,-8
case-counts,371.0,0.612389,0.844212,0.955252,0.452228,0.316668,0.307341,0.672479,spearman,-1,case-counts,-1
municipal-case-counts,371.0,0.792092,0.843663,0.954175,0.185757,0.530328,0.522278,0.430995,spearman,-3,municipal-case-counts,-3
ggd-positive-tests,371.0,0.503354,0.823872,0.945063,1.107754,0.192664,0.185187,1.052499,spearman,-2,ggd-positive-tests,-2
nursing-homes,370.0,0.844785,0.582297,0.776503,0.03174,0.702454,0.680897,0.178157,pearsons_r,-7,nursing-homes,-7
combined,161,0.970813,0.881987,0.978834,0.003778,0.931373,0.92654,0.061465,,0,"case-counts, ggd-positive-tests, municipal-case-counts, nursing-homes",
