,N,pearsons_r,kendall,spearman,mse,explained_variance_score,r2,rmse,shift_corr_metric,shift,uses,delay_days
sewage,529.0,0.71547,0.563822,0.758163,0.019883,0.498062,0.455961,0.141006,spearman,-3,sewage,-3
icu,77.0,0.693612,0.549005,0.725755,0.03364,0.467243,0.411846,0.183411,spearman,-7,icu,-7
hospital,76.0,0.913027,0.688707,0.87468,0.004914,0.829299,0.754427,0.070098,pearsons_r,-10,hospital,-10
case-counts,529.0,0.9548,0.842001,0.964228,0.003659,0.899111,0.897513,0.060492,spearman,-2,case-counts,-2
municipal-case-counts,529.0,0.945798,0.821932,0.955427,0.004135,0.884778,0.883041,0.064304,spearman,-3,municipal-case-counts,-3
ggd-positive-tests,526.0,0.937727,0.802038,0.93766,0.005645,0.859236,0.859236,0.075135,pearsons_r,-1,ggd-positive-tests,-1
nursing-homes,520.0,0.813072,0.634162,0.828502,0.017732,0.653492,0.632728,0.133162,spearman,-4,nursing-homes,-4
combined,444,0.965251,0.854878,0.968891,0.002998,0.913947,0.912589,0.054752,,0,"case-counts, ggd-positive-tests, municipal-case-counts, nursing-homes",
