,N,pearsons_r,kendall,spearman,mse,explained_variance_score,r2,rmse,shift_corr_metric,shift,uses,delay_days
sewage,213.0,0.839857,0.424851,0.594436,0.038798,0.670411,0.670251,0.196971,pearsons_r,-2,sewage,-2
icu,212.0,0.818074,0.536023,0.718479,0.042999,0.61072,0.610652,0.207362,pearsons_r,-10,icu,-10
hospital,213.0,0.905785,0.604291,0.786713,0.030382,0.461236,0.445157,0.174305,pearsons_r,-9,hospital,-9
case-counts,213.0,0.684659,0.841785,0.941229,0.725417,0.34818,0.334234,0.851714,spearman,0,case-counts,0
municipal-case-counts,213.0,0.704504,0.843932,0.953017,0.364344,0.429365,0.416459,0.603609,spearman,-4,municipal-case-counts,-4
ggd-positive-tests,213.0,0.491445,0.815665,0.933173,1.922656,0.17447,0.162122,1.386599,spearman,-2,ggd-positive-tests,-2
nursing-homes,211.0,0.772824,0.462392,0.61659,0.061808,0.569181,0.560271,0.248611,pearsons_r,-8,nursing-homes,-8
combined,213,0.937164,0.813876,0.947235,0.015232,0.869155,0.869056,0.123419,,0,"case-counts, ggd-positive-tests, hospital, icu, municipal-case-counts, nursing-homes, sewage",
