,N,pearsons_r,kendall,spearman,mse,explained_variance_score,r2,rmse,shift_corr_metric,shift,uses,delay_days
sewage,422.0,0.741089,0.580641,0.770043,0.016656,0.512129,0.482037,0.129059,spearman,-2,sewage,-2
icu,421.0,0.489634,0.392339,0.550738,0.02912,-0.006924,-0.008231,0.170647,spearman,-8,icu,-8
hospital,422.0,0.768046,0.614537,0.798292,0.011572,0.261778,0.257787,0.107574,spearman,-4,hospital,-4
case-counts,422.0,0.960276,0.843632,0.965607,0.00375,0.908063,0.905224,0.06124,spearman,0,case-counts,0
municipal-case-counts,422.0,0.951396,0.830446,0.960268,0.003861,0.89839,0.89595,0.062138,spearman,-2,municipal-case-counts,-2
ggd-positive-tests,422.0,0.959354,0.839668,0.963769,0.00388,0.904882,0.903504,0.062291,spearman,0,ggd-positive-tests,0
nursing-homes,418.0,0.813861,0.623799,0.824004,0.019037,0.656396,0.6348,0.137973,spearman,-4,nursing-homes,-4
combined,337,0.963179,0.849544,0.96804,0.003562,0.912065,0.908013,0.059684,,0,"case-counts, ggd-positive-tests, municipal-case-counts, nursing-homes",
