,N,pearsons_r,kendall,spearman,mse,explained_variance_score,r2,rmse,shift_corr_metric,shift,uses,delay_days
sewage,373.0,0.74419,0.585906,0.775759,0.017213,0.518255,0.492998,0.1312,spearman,-2,sewage,-2
icu,373.0,0.486914,0.379199,0.541476,0.03068,-0.014304,-0.014455,0.175158,spearman,-8,icu,-8
hospital,373.0,0.762989,0.607807,0.793264,0.012357,0.267171,0.266476,0.11116,spearman,-4,hospital,-4
case-counts,373.0,0.963239,0.851803,0.968015,0.003855,0.912436,0.908097,0.06209,spearman,0,case-counts,0
municipal-case-counts,373.0,0.954854,0.840344,0.962881,0.003877,0.904392,0.900867,0.062265,spearman,-2,municipal-case-counts,-2
ggd-positive-tests,373.0,0.962653,0.849714,0.967226,0.003931,0.910296,0.907307,0.062699,spearman,0,ggd-positive-tests,0
nursing-homes,372.0,0.816501,0.622024,0.827227,0.018637,0.663112,0.639242,0.136516,spearman,-5,nursing-homes,-5
combined,288,0.96776,0.867961,0.975726,0.003592,0.920565,0.914253,0.059931,,0,"case-counts, ggd-positive-tests, municipal-case-counts, nursing-homes",
