,N,pearsons_r,kendall,spearman,mse,explained_variance_score,r2,rmse,shift_corr_metric,shift,uses,delay_days
sewage,481.0,0.732821,0.57714,0.770916,0.018543,0.51847,0.488891,0.136174,spearman,-2,sewage,-2
icu,481.0,0.492695,0.400291,0.560307,0.029078,0.024037,0.021229,0.170523,spearman,-8,icu,-8
hospital,481.0,0.765194,0.613523,0.802498,0.011455,0.267731,0.261689,0.107028,spearman,-5,hospital,-5
case-counts,481.0,0.959297,0.844099,0.964803,0.003435,0.909746,0.907967,0.05861,spearman,-1,case-counts,-1
municipal-case-counts,481.0,0.952095,0.836774,0.962453,0.003613,0.900509,0.899101,0.060105,spearman,-3,municipal-case-counts,-3
ggd-positive-tests,481.0,0.951921,0.824826,0.954233,0.004512,0.889248,0.888763,0.067172,spearman,-1,ggd-positive-tests,-1
nursing-homes,481.0,0.80682,0.623511,0.820757,0.01897,0.645706,0.626646,0.137733,spearman,-4,nursing-homes,-4
combined,396,0.964486,0.851055,0.967252,0.003015,0.91772,0.915887,0.054911,,0,"case-counts, ggd-positive-tests, municipal-case-counts, nursing-homes",
