,N,pearsons_r,kendall,spearman,mse,explained_variance_score,r2,rmse,shift_corr_metric,shift,uses,delay_days
sewage,276.0,0.84108,0.501017,0.680567,0.032454,0.676845,0.674318,0.180149,pearsons_r,-2,sewage,-2
icu,276.0,0.765545,0.429371,0.579152,0.046038,0.498567,0.495772,0.214564,pearsons_r,-10,icu,-10
hospital,276.0,0.883754,0.563551,0.736707,0.028636,0.366297,0.350138,0.169222,pearsons_r,-8,hospital,-8
case-counts,276.0,0.687001,0.8371,0.947736,0.552024,0.357991,0.344771,0.742983,spearman,0,case-counts,0
municipal-case-counts,276.0,0.781825,0.826319,0.941448,0.249238,0.505632,0.494244,0.499237,spearman,-3,municipal-case-counts,-3
ggd-positive-tests,276.0,0.560784,0.827169,0.93174,1.427021,0.211513,0.201451,1.19458,spearman,-1,ggd-positive-tests,-1
nursing-homes,275.0,0.83522,0.541612,0.744594,0.036931,0.675762,0.654288,0.192174,pearsons_r,-7,nursing-homes,-7
combined,66,0.955772,0.850527,0.952028,0.004913,0.909659,0.883331,0.070092,,0,"case-counts, ggd-positive-tests, municipal-case-counts, nursing-homes",
