,N,pearsons_r,kendall,spearman,mse,explained_variance_score,r2,rmse,shift_corr_metric,shift,uses,delay_days
sewage,311.0,0.847188,0.517145,0.698574,0.030074,0.679843,0.673591,0.173417,pearsons_r,-2,sewage,-2
icu,311.0,0.771284,0.44992,0.607416,0.042674,0.4933,0.493015,0.206576,pearsons_r,-10,icu,-10
hospital,311.0,0.892361,0.603471,0.780941,0.026213,0.392827,0.38835,0.161905,pearsons_r,-8,hospital,-8
case-counts,311.0,0.692874,0.847878,0.951534,0.49055,0.370247,0.359066,0.700393,spearman,0,case-counts,0
municipal-case-counts,311.0,0.788619,0.839686,0.949077,0.221411,0.520253,0.511405,0.470544,spearman,-3,municipal-case-counts,-3
ggd-positive-tests,311.0,0.565616,0.838391,0.938109,1.266785,0.21998,0.211576,1.125515,spearman,-1,ggd-positive-tests,-1
nursing-homes,309.0,0.846054,0.565903,0.766913,0.033459,0.699183,0.680167,0.182919,pearsons_r,-7,nursing-homes,-7
combined,101,0.969691,0.879606,0.97515,0.004215,0.931103,0.926355,0.064919,,0,"case-counts, ggd-positive-tests, municipal-case-counts, nursing-homes",
