,N,pearsons_r,kendall,spearman,mse,explained_variance_score,r2,rmse,shift_corr_metric,shift,uses,delay_days
sewage,516.0,0.714456,0.568718,0.76443,0.020132,0.495645,0.457981,0.141889,spearman,-3,sewage,-3
icu,516.0,0.457405,0.39304,0.548604,0.036445,0.083389,0.074296,0.190906,spearman,-8,icu,-8
hospital,516.0,0.758029,0.60414,0.792122,0.011217,0.293028,0.28265,0.105909,spearman,-5,hospital,-5
case-counts,516.0,0.957417,0.842471,0.964104,0.003438,0.905695,0.903706,0.058638,spearman,-1,case-counts,-1
municipal-case-counts,516.0,0.946749,0.824758,0.956676,0.003957,0.889124,0.886817,0.062903,spearman,-3,municipal-case-counts,-3
ggd-positive-tests,516.0,0.93787,0.803069,0.93934,0.005533,0.861936,0.861936,0.074383,spearman,-1,ggd-positive-tests,-1
nursing-homes,516.0,0.810468,0.631265,0.827114,0.017867,0.651035,0.629143,0.133667,spearman,-4,nursing-homes,-4
combined,431,0.96337,0.851541,0.967858,0.003026,0.914339,0.912275,0.055012,,0,"case-counts, ggd-positive-tests, municipal-case-counts, nursing-homes",
