,N,pearsons_r,kendall,spearman,mse,explained_variance_score,r2,rmse,shift_corr_metric,shift,uses,delay_days
sewage,199.0,0.864799,0.487413,0.679792,0.034895,0.722463,0.718307,0.186801,pearsons_r,-2,sewage,-2
icu,199.0,0.826036,0.56165,0.745136,0.043212,0.628821,0.628214,0.207876,pearsons_r,-10,icu,-10
hospital,199.0,0.920688,0.648807,0.829655,0.028349,0.516276,0.511525,0.168372,pearsons_r,-9,hospital,-9
case-counts,199.0,0.687963,0.831119,0.932777,0.777911,0.347867,0.33296,0.881992,spearman,0,case-counts,0
municipal-case-counts,199.0,0.705824,0.83399,0.94659,0.38948,0.428385,0.415455,0.624083,spearman,-4,municipal-case-counts,-4
nursing-homes,199.0,0.785978,0.49295,0.656024,0.062084,0.594214,0.57836,0.249166,pearsons_r,-7,nursing-homes,-7
combined,199,0.957698,0.782619,0.931139,0.01137,0.890762,0.890199,0.106628,,0,"case-counts, hospital, icu, municipal-case-counts, nursing-homes, sewage",
