,N,pearsons_r,kendall,spearman,mse,explained_variance_score,r2,rmse,shift_corr_metric,shift,uses,delay_days
sewage,350.0,0.849442,0.520236,0.698213,0.02772,0.68228,0.673688,0.166493,pearsons_r,-2,sewage,-2
icu,349.0,0.764388,0.423383,0.581163,0.041023,0.477857,0.477833,0.202541,pearsons_r,-10,icu,-10
hospital,350.0,0.889297,0.59676,0.776782,0.024498,0.398759,0.396532,0.156517,pearsons_r,-8,hospital,-8
case-counts,350.0,0.613676,0.838394,0.951661,0.47933,0.315895,0.306411,0.692337,spearman,-1,case-counts,-1
municipal-case-counts,350.0,0.792387,0.842222,0.952273,0.196577,0.528345,0.520461,0.44337,spearman,-3,municipal-case-counts,-3
ggd-positive-tests,350.0,0.503962,0.826084,0.943793,1.173666,0.191762,0.18443,1.083359,spearman,-2,ggd-positive-tests,-2
nursing-homes,348.0,0.847618,0.565964,0.759656,0.031304,0.707215,0.696159,0.176929,pearsons_r,-7,nursing-homes,-7
combined,140,0.967626,0.884899,0.979156,0.003537,0.927323,0.925992,0.059475,,0,"case-counts, ggd-positive-tests, municipal-case-counts, nursing-homes",
