,N,pearsons_r,kendall,spearman,mse,explained_variance_score,r2,rmse,shift_corr_metric,shift,uses,delay_days
sewage,367.0,0.848636,0.535662,0.715535,0.027245,0.683705,0.672448,0.165061,pearsons_r,-2,sewage,-2
icu,366.0,0.739041,0.421516,0.585541,0.04534,0.453513,0.451554,0.212931,pearsons_r,-10,icu,-10
hospital,367.0,0.881729,0.593109,0.775988,0.024425,0.37838,0.377698,0.156284,pearsons_r,-8,hospital,-8
case-counts,367.0,0.613244,0.840524,0.953678,0.457218,0.316485,0.306963,0.676179,spearman,-1,case-counts,-1
municipal-case-counts,367.0,0.791671,0.842414,0.953341,0.187538,0.529007,0.521286,0.433057,spearman,-3,municipal-case-counts,-3
ggd-positive-tests,367.0,0.503496,0.823419,0.94431,1.119627,0.192176,0.184809,1.058124,spearman,-2,ggd-positive-tests,-2
nursing-homes,365.0,0.84431,0.576748,0.769855,0.031583,0.700601,0.680582,0.177716,pearsons_r,-7,nursing-homes,-7
combined,157,0.969772,0.882899,0.978816,0.003527,0.930619,0.926959,0.059388,,0,"case-counts, ggd-positive-tests, municipal-case-counts, nursing-homes",
