,N,pearsons_r,kendall,spearman,mse,explained_variance_score,r2,rmse,shift_corr_metric,shift,uses,delay_days
sewage,203.0,0.864756,0.488017,0.677959,0.034305,0.722206,0.718557,0.185215,pearsons_r,-2,sewage,-2
icu,203.0,0.82402,0.54674,0.728983,0.04307,0.62558,0.625348,0.207534,pearsons_r,-10,icu,-10
hospital,203.0,0.918961,0.641723,0.815387,0.028146,0.517198,0.511108,0.167768,pearsons_r,-8,hospital,-8
case-counts,189.0,,,,0.142585,0.0,0.0,0.377604,r2,-21,case-counts,-21
municipal-case-counts,203.0,0.705184,0.833954,0.946739,0.382006,0.428319,0.415418,0.618066,spearman,-4,municipal-case-counts,-4
nursing-homes,202.0,0.786772,0.494365,0.656141,0.06106,0.594494,0.577517,0.247104,pearsons_r,-7,nursing-homes,-7
combined,203,0.95244,0.701338,0.870353,0.01988,0.685701,0.685485,0.140996,,0,"case-counts, hospital, icu, municipal-case-counts, nursing-homes, sewage",
