,N,pearsons_r,kendall,spearman,mse,explained_variance_score,r2,rmse,shift_corr_metric,shift,uses
sewage,182.0,0.866308,0.519678,0.714568,0.036729,0.728454,0.726605,0.191649,pearsons_r,-2,sewage
icu,182.0,0.822912,0.542476,0.72916,0.046711,0.618928,0.617539,0.216127,pearsons_r,-10,icu
hospital,182.0,0.924317,0.633174,0.820678,0.029577,0.522257,0.518562,0.171979,pearsons_r,-9,hospital
case-counts,182.0,0.688155,0.833937,0.93493,0.852593,0.345296,0.328758,0.923359,spearman,0,case-counts
municipal-case-counts,182.0,0.705826,0.829157,0.9467,0.423995,0.426493,0.411841,0.651149,spearman,-4,municipal-case-counts
nursing-homes,182.0,0.792571,0.467956,0.629524,0.06333,0.589227,0.551402,0.251654,pearsons_r,-7,nursing-homes
combined,182,0.958594,0.773512,0.927517,0.012037,0.890655,0.889553,0.109711,,0,"case-counts, hospital, icu, municipal-case-counts, nursing-homes, sewage"
