,N,pearsons_r,kendall,spearman,mse,explained_variance_score,r2,rmse,shift_corr_metric,shift,uses,delay_days
sewage,381.0,0.846015,0.543137,0.728511,0.027307,0.67906,0.668667,0.165247,pearsons_r,-2,sewage,-2
icu,379.0,0.721701,0.416629,0.58209,0.047641,0.416123,0.415853,0.218267,pearsons_r,-10,icu,-10
hospital,381.0,0.880656,0.596352,0.78304,0.024358,0.368495,0.366766,0.156071,pearsons_r,-8,hospital,-8
case-counts,381.0,0.613352,0.844358,0.95644,0.44071,0.318455,0.308692,0.66386,spearman,-1,case-counts,-1
municipal-case-counts,381.0,0.791781,0.844052,0.955174,0.181115,0.531673,0.523422,0.425577,spearman,-3,municipal-case-counts,-3
ggd-positive-tests,381.0,0.502978,0.823926,0.946163,1.079107,0.193334,0.185714,1.038801,spearman,-2,ggd-positive-tests,-2
nursing-homes,379.0,0.845099,0.582708,0.782299,0.03078,0.701223,0.682359,0.175443,pearsons_r,-7,nursing-homes,-7
combined,171,0.971216,0.878488,0.977554,0.003962,0.932467,0.92662,0.062948,,0,"case-counts, ggd-positive-tests, municipal-case-counts, nursing-homes",
