,N,pearsons_r,kendall,spearman,mse,explained_variance_score,r2,rmse,shift_corr_metric,shift,uses,delay_days
sewage,401.0,0.749264,0.587945,0.778394,0.016677,0.533131,0.505439,0.129141,spearman,-2,sewage,-2
icu,401.0,0.515313,0.410068,0.573781,0.028074,0.049185,0.049055,0.167553,spearman,-8,icu,-8
hospital,401.0,0.775098,0.611775,0.797296,0.011383,0.315057,0.31207,0.106691,spearman,-4,hospital,-4
case-counts,401.0,0.95953,0.840662,0.964083,0.004174,0.902865,0.899651,0.064608,spearman,0,case-counts,0
municipal-case-counts,401.0,0.952251,0.832749,0.961146,0.004101,0.897233,0.894486,0.064037,spearman,-2,municipal-case-counts,-2
ggd-positive-tests,401.0,0.955148,0.843149,0.964828,0.004522,0.894314,0.892599,0.067245,spearman,-1,ggd-positive-tests,-1
nursing-homes,400.0,0.823962,0.622727,0.826694,0.018312,0.67017,0.656037,0.135321,spearman,-5,nursing-homes,-5
combined,316,0.96469,0.855391,0.970206,0.003829,0.910238,0.906075,0.061879,,0,"case-counts, ggd-positive-tests, municipal-case-counts, nursing-homes",
