,N,pearsons_r,kendall,spearman,mse,explained_variance_score,r2,rmse,shift_corr_metric,shift,uses,delay_days
sewage,541.0,0.723873,0.572991,0.768616,0.019444,0.510902,0.469254,0.139443,spearman,-3,sewage,-3
icu,541.0,0.508218,0.418259,0.580881,0.029919,0.125352,0.11468,0.17297,spearman,-8,icu,-8
hospital,541.0,0.773418,0.619667,0.810126,0.010596,0.342848,0.326995,0.102939,spearman,-6,hospital,-6
case-counts,532.0,0.954647,0.840758,0.963514,0.003648,0.899124,0.897407,0.060401,spearman,-2,case-counts,-2
municipal-case-counts,538.0,0.94517,0.819775,0.954521,0.004154,0.884191,0.882438,0.064449,spearman,-3,municipal-case-counts,-3
ggd-positive-tests,526.0,0.937727,0.802038,0.93766,0.005645,0.859236,0.859236,0.075135,pearsons_r,-1,ggd-positive-tests,-1
nursing-homes,520.0,0.813072,0.634162,0.828502,0.017732,0.653492,0.632728,0.133162,spearman,-4,nursing-homes,-4
combined,451,0.965682,0.854845,0.969108,0.00295,0.914958,0.913681,0.054315,,0,"case-counts, ggd-positive-tests, municipal-case-counts, nursing-homes",
