,N,pearsons_r,kendall,spearman,mse,explained_variance_score,r2,rmse,shift_corr_metric,shift,uses,delay_days
sewage,481.0,0.732821,0.57714,0.770916,0.018543,0.51847,0.488891,0.136174,spearman,-2,sewage,-2
icu,479.0,0.47402,0.382286,0.536583,0.030416,-0.003055,-0.004539,0.174402,spearman,-8,icu,-8
hospital,481.0,0.767743,0.612326,0.798657,0.011349,0.274658,0.268684,0.106531,spearman,-4,hospital,-4
case-counts,481.0,0.959297,0.844099,0.964803,0.003435,0.909746,0.907967,0.05861,spearman,-1,case-counts,-1
municipal-case-counts,481.0,0.952095,0.836774,0.962453,0.003613,0.900509,0.899101,0.060105,spearman,-3,municipal-case-counts,-3
ggd-positive-tests,481.0,0.951921,0.824826,0.954233,0.004512,0.889248,0.888763,0.067172,spearman,-1,ggd-positive-tests,-1
nursing-homes,478.0,0.807827,0.624621,0.821,0.019041,0.646795,0.628096,0.137989,spearman,-4,nursing-homes,-4
combined,396,0.964402,0.850771,0.967267,0.003033,0.917395,0.915539,0.055076,,0,"case-counts, ggd-positive-tests, municipal-case-counts, nursing-homes",
