,N,pearsons_r,kendall,spearman,mse,explained_variance_score,r2,rmse,shift_corr_metric,shift,uses,delay_days
sewage,422.0,0.740809,0.580573,0.770019,0.016683,0.511618,0.481232,0.129163,spearman,-2,sewage,-2
icu,422.0,0.473479,0.378613,0.534368,0.030585,-0.019067,-0.019574,0.174885,spearman,-8,icu,-8
hospital,422.0,0.7679,0.614061,0.797892,0.011578,0.261776,0.257768,0.107603,spearman,-4,hospital,-4
case-counts,422.0,0.960276,0.843632,0.965607,0.00375,0.908063,0.905224,0.06124,spearman,0,case-counts,0
municipal-case-counts,422.0,0.951396,0.830446,0.960268,0.003861,0.89839,0.89595,0.062138,spearman,-2,municipal-case-counts,-2
ggd-positive-tests,422.0,0.959354,0.839668,0.963769,0.00388,0.904882,0.903504,0.062291,spearman,0,ggd-positive-tests,0
nursing-homes,422.0,0.811758,0.623232,0.823262,0.019175,0.653134,0.629968,0.138476,spearman,-4,nursing-homes,-4
combined,337,0.963181,0.849509,0.96801,0.003566,0.912043,0.907939,0.059715,,0,"case-counts, ggd-positive-tests, municipal-case-counts, nursing-homes",
