,N,pearsons_r,kendall,spearman,mse,explained_variance_score,r2,rmse,shift_corr_metric,shift,uses,delay_days
sewage,408.0,0.745331,0.583035,0.773308,0.01682,0.523751,0.491729,0.12969,spearman,-2,sewage,-2
icu,408.0,0.488973,0.388747,0.546011,0.030037,0.013461,0.01112,0.173313,spearman,-8,icu,-8
hospital,408.0,0.77129,0.610191,0.795537,0.011492,0.296596,0.293347,0.107201,spearman,-4,hospital,-4
case-counts,408.0,0.958679,0.837502,0.962914,0.004106,0.902696,0.899606,0.06408,spearman,0,case-counts,0
municipal-case-counts,408.0,0.950776,0.828328,0.959408,0.004093,0.895516,0.893041,0.06398,spearman,-2,municipal-case-counts,-2
ggd-positive-tests,408.0,0.958615,0.83804,0.963186,0.004189,0.900914,0.899162,0.064719,spearman,0,ggd-positive-tests,0
nursing-homes,407.0,0.820075,0.619674,0.823938,0.018365,0.665218,0.649541,0.135518,spearman,-5,nursing-homes,-5
combined,323,0.962051,0.847945,0.967684,0.003917,0.906632,0.902584,0.062588,,0,"case-counts, ggd-positive-tests, municipal-case-counts, nursing-homes",
