,N,pearsons_r,kendall,spearman,mse,explained_variance_score,r2,rmse,shift_corr_metric,shift,uses
sewage,182.0,0.86631,0.51951,0.71447,0.036728,0.728527,0.726741,0.191645,pearsons_r,-2,sewage
icu,182.0,0.82248,0.539044,0.728979,0.046845,0.618368,0.616974,0.216438,pearsons_r,-10,icu
hospital,182.0,0.927637,0.631948,0.821069,0.029049,0.526753,0.524147,0.170438,pearsons_r,-9,hospital
case-counts,182.0,0.688163,0.833446,0.934958,0.852577,0.345301,0.328771,0.923351,spearman,0,case-counts
municipal-case-counts,182.0,0.705816,0.829279,0.94669,0.423987,0.426491,0.411822,0.651143,spearman,-4,municipal-case-counts
nursing-homes,182.0,0.79186,0.473471,0.631613,0.06344,0.589031,0.553413,0.251874,pearsons_r,-7,nursing-homes
combined,182,0.958371,0.772899,0.927027,0.012074,0.890353,0.889323,0.109884,,0,"case-counts, hospital, icu, municipal-case-counts, nursing-homes, sewage"
