,N,pearsons_r,kendall,spearman,mse,explained_variance_score,r2,rmse,shift_corr_metric,shift,uses,delay_days
sewage,478.0,0.719439,0.576232,0.77117,0.019124,0.494995,0.466564,0.13829,spearman,-3,sewage,-3
icu,478.0,0.481605,0.387996,0.543972,0.029779,0.013735,0.011666,0.172567,spearman,-8,icu,-8
hospital,478.0,0.76973,0.61802,0.805806,0.011168,0.286212,0.27908,0.105678,spearman,-5,hospital,-5
case-counts,478.0,0.958885,0.843512,0.964568,0.003498,0.908087,0.906331,0.059141,spearman,-1,case-counts,-1
municipal-case-counts,478.0,0.953329,0.839697,0.96387,0.003563,0.901923,0.900507,0.059695,spearman,-3,municipal-case-counts,-3
ggd-positive-tests,478.0,0.9524,0.828016,0.955466,0.004497,0.889231,0.888827,0.067057,spearman,-1,ggd-positive-tests,-1
nursing-homes,478.0,0.809567,0.625973,0.822357,0.018957,0.648715,0.629737,0.137684,spearman,-4,nursing-homes,-4
combined,393,0.965388,0.854317,0.968582,0.002999,0.917989,0.916181,0.054767,,0,"case-counts, ggd-positive-tests, municipal-case-counts, nursing-homes",
