,N,pearsons_r,kendall,spearman,mse,explained_variance_score,r2,rmse,shift_corr_metric,shift,uses,delay_days
sewage,499.0,0.729277,0.574984,0.770375,0.019178,0.515536,0.482606,0.138485,spearman,-2,sewage,-2
icu,499.0,0.461125,0.394471,0.554299,0.036233,0.070144,0.063973,0.190349,spearman,-8,icu,-8
hospital,499.0,0.772186,0.619043,0.807784,0.011099,0.266238,0.260624,0.10535,spearman,-5,hospital,-5
case-counts,499.0,0.958215,0.842661,0.964517,0.003393,0.90911,0.907167,0.058251,spearman,-1,case-counts,-1
municipal-case-counts,499.0,0.949611,0.830403,0.959739,0.003748,0.896323,0.89438,0.061221,spearman,-3,municipal-case-counts,-3
ggd-positive-tests,499.0,0.949834,0.823022,0.953899,0.004552,0.886708,0.886065,0.06747,spearman,-1,ggd-positive-tests,-1
nursing-homes,499.0,0.809361,0.627423,0.824931,0.018465,0.650163,0.629228,0.135885,spearman,-4,nursing-homes,-4
combined,414,0.962863,0.848159,0.966438,0.003055,0.916147,0.913839,0.055272,,0,"case-counts, ggd-positive-tests, municipal-case-counts, nursing-homes",
