,N,pearsons_r,kendall,spearman,mse,explained_variance_score,r2,rmse,shift_corr_metric,shift,uses,delay_days
sewage,376.0,0.744122,0.585518,0.774108,0.017124,0.517746,0.491616,0.130859,spearman,-2,sewage,-2
icu,376.0,0.487403,0.384538,0.545585,0.030182,-0.022749,-0.022749,0.173731,spearman,-8,icu,-8
hospital,376.0,0.759867,0.608752,0.79304,0.012429,0.261611,0.260605,0.111486,spearman,-4,hospital,-4
case-counts,376.0,0.962587,0.848513,0.966921,0.003891,0.91101,0.907008,0.062376,spearman,0,case-counts,0
municipal-case-counts,376.0,0.954171,0.838121,0.962161,0.003916,0.902866,0.899753,0.062576,spearman,-2,municipal-case-counts,-2
ggd-positive-tests,376.0,0.961834,0.847201,0.966194,0.003986,0.908498,0.905857,0.063133,spearman,0,ggd-positive-tests,0
nursing-homes,375.0,0.816402,0.617796,0.824249,0.018632,0.662393,0.641759,0.136499,spearman,-5,nursing-homes,-5
combined,291,0.966482,0.8632,0.974129,0.003657,0.917837,0.91241,0.060475,,0,"case-counts, ggd-positive-tests, municipal-case-counts, nursing-homes",
