,N,pearsons_r,kendall,spearman,mse,explained_variance_score,r2,rmse,shift_corr_metric,shift,uses,delay_days
sewage,432.0,0.713969,0.569105,0.76135,0.018989,0.467431,0.430372,0.1378,spearman,-3,sewage,-3
icu,432.0,0.45894,0.373137,0.526851,0.031794,-0.044317,-0.047557,0.178308,spearman,-9,icu,-9
hospital,432.0,0.76967,0.616766,0.798333,0.011607,0.241488,0.236311,0.107736,spearman,-4,hospital,-4
case-counts,432.0,0.960092,0.845,0.965634,0.003564,0.910511,0.90782,0.059701,spearman,-1,case-counts,-1
municipal-case-counts,432.0,0.951525,0.832418,0.960606,0.003646,0.900735,0.899129,0.060382,spearman,-3,municipal-case-counts,-3
ggd-positive-tests,432.0,0.959105,0.841585,0.96283,0.003679,0.907121,0.906589,0.060653,spearman,-1,ggd-positive-tests,-1
nursing-homes,431.0,0.811268,0.62587,0.824755,0.018824,0.653972,0.628532,0.1372,spearman,-5,nursing-homes,-5
combined,347,0.963334,0.849851,0.967083,0.003242,0.915986,0.913022,0.056939,,0,"case-counts, ggd-positive-tests, municipal-case-counts, nursing-homes",
