,N,pearsons_r,kendall,spearman,mse,explained_variance_score,r2,rmse,shift_corr_metric,shift,uses,delay_days
sewage,520.0,0.717518,0.571091,0.767158,0.019899,0.500955,0.463523,0.141064,spearman,-3,sewage,-3
icu,520.0,0.460561,0.389422,0.548045,0.036837,0.097654,0.091637,0.191929,spearman,-8,icu,-8
hospital,520.0,0.759628,0.606674,0.798067,0.01112,0.290849,0.27989,0.105454,spearman,-6,hospital,-6
case-counts,520.0,0.956957,0.838028,0.961288,0.003445,0.905272,0.902809,0.058693,spearman,-1,case-counts,-1
municipal-case-counts,520.0,0.947186,0.823466,0.956242,0.0039,0.890188,0.887587,0.062452,spearman,-3,municipal-case-counts,-3
ggd-positive-tests,520.0,0.939832,0.80531,0.940743,0.005412,0.864828,0.864827,0.073569,spearman,-1,ggd-positive-tests,-1
nursing-homes,516.0,0.810943,0.632244,0.827701,0.017853,0.651636,0.629429,0.133615,spearman,-4,nursing-homes,-4
combined,435,0.964264,0.8502,0.967309,0.002959,0.916041,0.913559,0.054396,,0,"case-counts, ggd-positive-tests, municipal-case-counts, nursing-homes",
