,N,pearsons_r,kendall,spearman,mse,explained_variance_score,r2,rmse,shift_corr_metric,shift,uses,delay_days
sewage,329.0,0.850283,0.530536,0.711888,0.029222,0.682847,0.674119,0.170944,pearsons_r,-2,sewage,-2
icu,329.0,0.770856,0.448048,0.606201,0.041985,0.483661,0.483592,0.204903,pearsons_r,-10,icu,-10
hospital,329.0,0.898158,0.625494,0.80405,0.025276,0.396891,0.395699,0.158983,pearsons_r,-8,hospital,-8
case-counts,329.0,0.612383,0.840885,0.953518,0.508969,0.315134,0.304824,0.713421,spearman,-1,case-counts,-1
municipal-case-counts,329.0,0.791134,0.844694,0.95271,0.209213,0.527317,0.518727,0.457398,spearman,-3,municipal-case-counts,-3
ggd-positive-tests,329.0,0.568517,0.850295,0.943613,1.197319,0.224571,0.216811,1.094221,spearman,-1,ggd-positive-tests,-1
nursing-homes,329.0,0.853223,0.586789,0.783802,0.031934,0.714738,0.697471,0.178701,pearsons_r,-7,nursing-homes,-7
combined,119,0.972142,0.880544,0.975802,0.003826,0.935767,0.932959,0.061854,,0,"case-counts, ggd-positive-tests, municipal-case-counts, nursing-homes",
