,N,pearsons_r,kendall,spearman,mse,explained_variance_score,r2,rmse,shift_corr_metric,shift,uses,delay_days
sewage,338.0,0.726815,0.576622,0.768476,0.018487,0.47839,0.460123,0.135965,spearman,-3,sewage,-3
icu,338.0,0.46332,0.368152,0.521037,0.033802,-0.054254,-0.054257,0.183854,spearman,-9,icu,-9
hospital,338.0,0.78711,0.613452,0.796523,0.012018,0.197336,0.197288,0.109628,spearman,-5,hospital,-5
case-counts,338.0,0.964869,0.861995,0.971255,0.003757,0.916241,0.913524,0.061295,spearman,-1,case-counts,-1
municipal-case-counts,338.0,0.9599,0.845708,0.966049,0.003521,0.914628,0.912279,0.059339,spearman,-2,municipal-case-counts,-2
ggd-positive-tests,338.0,0.96536,0.863648,0.972442,0.003731,0.916469,0.914613,0.061085,spearman,-1,ggd-positive-tests,-1
nursing-homes,336.0,0.827193,0.625043,0.825762,0.016317,0.683033,0.670461,0.127739,pearsons_r,-6,nursing-homes,-6
combined,253,0.970633,0.877881,0.977878,0.003349,0.926114,0.921749,0.057869,,0,"case-counts, ggd-positive-tests, municipal-case-counts, nursing-homes",
