,N,pearsons_r,kendall,spearman,mse,explained_variance_score,r2,rmse,shift_corr_metric,shift,uses,delay_days
sewage,324.0,0.719369,0.583658,0.778047,0.019383,0.460496,0.443018,0.139222,spearman,-4,sewage,-4
icu,324.0,0.478936,0.352022,0.511223,0.033473,-0.03848,-0.040486,0.182957,spearman,-9,icu,-9
hospital,324.0,0.785098,0.600317,0.789557,0.012495,0.199363,0.199165,0.111783,spearman,-6,hospital,-6
case-counts,324.0,0.966937,0.861699,0.970344,0.0037,0.919484,0.917795,0.060825,spearman,-1,case-counts,-1
municipal-case-counts,324.0,0.957028,0.846898,0.965777,0.003871,0.909288,0.907086,0.062214,spearman,-3,municipal-case-counts,-3
ggd-positive-tests,324.0,0.967907,0.86797,0.973699,0.003753,0.91977,0.917654,0.06126,spearman,-1,ggd-positive-tests,-1
nursing-homes,322.0,0.831793,0.615303,0.817772,0.016556,0.689924,0.680285,0.128672,pearsons_r,-6,nursing-homes,-6
combined,239,0.972294,0.879477,0.978392,0.003404,0.928138,0.923962,0.058348,,0,"case-counts, ggd-positive-tests, municipal-case-counts, nursing-homes",
