,N,pearsons_r,kendall,spearman,mse,explained_variance_score,r2,rmse,shift_corr_metric,shift,uses,delay_days
sewage,362.0,0.744288,0.585589,0.776669,0.01781,0.518719,0.493298,0.133455,spearman,-2,sewage,-2
icu,362.0,0.489192,0.389092,0.547609,0.030811,-0.035109,-0.035587,0.175532,spearman,-8,icu,-8
hospital,362.0,0.760854,0.601747,0.786959,0.012871,0.241016,0.240677,0.113451,spearman,-4,hospital,-4
case-counts,362.0,0.965092,0.850909,0.967778,0.003706,0.917006,0.913314,0.060877,spearman,0,case-counts,0
municipal-case-counts,362.0,0.957031,0.841981,0.963324,0.003783,0.90891,0.905493,0.061507,spearman,-2,municipal-case-counts,-2
ggd-positive-tests,362.0,0.964654,0.851839,0.968024,0.003814,0.914802,0.912035,0.061761,spearman,0,ggd-positive-tests,0
nursing-homes,351.0,0.819397,0.620633,0.823757,0.018375,0.668411,0.646325,0.135556,spearman,-5,nursing-homes,-5
combined,277,0.969625,0.867727,0.975601,0.003535,0.924599,0.918425,0.059452,,0,"case-counts, ggd-positive-tests, municipal-case-counts, nursing-homes",
