,N,pearsons_r,kendall,spearman,mse,explained_variance_score,r2,rmse,shift_corr_metric,shift,uses,delay_days
sewage,529.0,0.71547,0.563822,0.758163,0.019883,0.498062,0.455961,0.141006,spearman,-3,sewage,-3
icu,529.0,0.495142,0.407197,0.567364,0.03043,0.106876,0.098176,0.174442,spearman,-8,icu,-8
hospital,529.0,0.76603,0.611222,0.802849,0.010689,0.329184,0.316438,0.10339,spearman,-6,hospital,-6
case-counts,529.0,0.9548,0.842001,0.964228,0.003659,0.899111,0.897513,0.060492,spearman,-2,case-counts,-2
municipal-case-counts,529.0,0.945798,0.821932,0.955427,0.004135,0.884778,0.883041,0.064304,spearman,-3,municipal-case-counts,-3
ggd-positive-tests,526.0,0.937727,0.802038,0.93766,0.005645,0.859236,0.859236,0.075135,pearsons_r,-1,ggd-positive-tests,-1
nursing-homes,520.0,0.813072,0.634162,0.828502,0.017732,0.653492,0.632728,0.133162,spearman,-4,nursing-homes,-4
combined,444,0.965251,0.854878,0.968891,0.002998,0.913947,0.912589,0.054752,,0,"case-counts, ggd-positive-tests, municipal-case-counts, nursing-homes",
