,N,pearsons_r,kendall,spearman,mse,explained_variance_score,r2,rmse,shift_corr_metric,shift,uses,delay_days
sewage,185.0,0.866945,0.517567,0.711692,0.036122,0.7292,0.726941,0.190058,pearsons_r,-2,sewage,-3
icu,185.0,0.823058,0.545922,0.734857,0.046213,0.621579,0.620636,0.214973,pearsons_r,-10,icu,-11
hospital,185.0,0.924816,0.642969,0.827111,0.02902,0.5278,0.524255,0.170352,pearsons_r,-9,hospital,-10
case-counts,185.0,0.687738,0.833742,0.934671,0.839331,0.34543,0.329023,0.91615,spearman,0,case-counts,-1
municipal-case-counts,185.0,0.705376,0.832675,0.947672,0.417902,0.42637,0.412045,0.646453,spearman,-4,municipal-case-counts,-5
nursing-homes,185.0,0.793233,0.479246,0.639453,0.062422,0.592459,0.557038,0.249845,pearsons_r,-7,nursing-homes,-8
combined,185,0.958475,0.779405,0.93027,0.011901,0.890834,0.889762,0.109092,,0,"case-counts, hospital, icu, municipal-case-counts, nursing-homes, sewage",
