,N,pearsons_r,kendall,spearman,mse,explained_variance_score,r2,rmse,shift_corr_metric,shift,uses,delay_days
sewage,350.0,0.849524,0.520368,0.698096,0.027696,0.682492,0.674032,0.166422,pearsons_r,-2,sewage,-2
icu,350.0,0.762848,0.420179,0.577218,0.041331,0.478207,0.478194,0.203301,pearsons_r,-10,icu,-10
hospital,350.0,0.888058,0.596364,0.776331,0.024586,0.400012,0.397549,0.156799,pearsons_r,-8,hospital,-8
case-counts,350.0,0.783352,0.451945,0.569777,0.376026,0.44653,0.434155,0.61321,pearsons_r,3,case-counts,3
municipal-case-counts,350.0,0.792405,0.842222,0.952266,0.196578,0.52835,0.520498,0.443371,spearman,-3,municipal-case-counts,-3
ggd-positive-tests,350.0,0.503966,0.825655,0.943554,1.17367,0.191763,0.184437,1.083361,spearman,-2,ggd-positive-tests,-2
nursing-homes,350.0,0.850177,0.570493,0.763444,0.030601,0.711137,0.698655,0.174931,pearsons_r,-7,nursing-homes,-7
combined,140,0.961169,0.855746,0.97002,0.003059,0.91483,0.9063,0.05531,,0,"case-counts, ggd-positive-tests, municipal-case-counts, nursing-homes",
