,N,pearsons_r,kendall,spearman,mse,explained_variance_score,r2,rmse,shift_corr_metric,shift,uses,delay_days
sewage,213.0,0.839857,0.424851,0.594436,0.038798,0.670411,0.670251,0.196971,pearsons_r,-2,sewage,-2
icu,213.0,0.793472,0.468414,0.623009,0.049062,0.561276,0.559917,0.221499,pearsons_r,-10,icu,-10
hospital,213.0,0.893333,0.576529,0.739681,0.032387,0.436499,0.416777,0.179964,pearsons_r,-8,hospital,-8
case-counts,213.0,0.684525,0.841785,0.941348,0.726209,0.34799,0.334071,0.852179,spearman,0,case-counts,0
municipal-case-counts,213.0,0.704708,0.844022,0.953035,0.364354,0.429523,0.416562,0.603617,spearman,-4,municipal-case-counts,-4
ggd-positive-tests,213.0,0.491442,0.815934,0.933274,1.922658,0.174468,0.162127,1.3866,spearman,-2,ggd-positive-tests,-2
nursing-homes,213.0,0.772114,0.463762,0.619537,0.06142,0.566619,0.558788,0.247831,pearsons_r,-8,nursing-homes,-8
combined,213,0.936997,0.803411,0.942548,0.015249,0.868457,0.868448,0.123486,,0,"case-counts, ggd-positive-tests, hospital, icu, municipal-case-counts, nursing-homes, sewage",
