,N,pearsons_r,kendall,spearman,mse,explained_variance_score,r2,rmse,shift_corr_metric,shift,uses,delay_days
sewage,213.0,0.839857,0.424851,0.594436,0.038798,0.670411,0.670251,0.196971,pearsons_r,-2,sewage,-2
icu,213.0,0.811301,0.517791,0.701664,0.044544,0.595258,0.594863,0.211053,pearsons_r,-10,icu,-10
hospital,213.0,0.898483,0.585059,0.753435,0.031556,0.447836,0.429149,0.177641,pearsons_r,-8,hospital,-8
case-counts,213.0,0.684504,0.841606,0.941264,0.726204,0.347978,0.334065,0.852176,spearman,0,case-counts,0
municipal-case-counts,213.0,0.704761,0.843843,0.953006,0.364376,0.429561,0.416575,0.603636,spearman,-4,municipal-case-counts,-4
ggd-positive-tests,213.0,0.491446,0.815755,0.933221,1.922667,0.174469,0.162127,1.386603,spearman,-2,ggd-positive-tests,-2
nursing-homes,211.0,0.772824,0.462392,0.61659,0.061808,0.569181,0.560271,0.248611,pearsons_r,-8,nursing-homes,-8
combined,213,0.938467,0.810567,0.945633,0.014907,0.871838,0.871836,0.122095,,0,"case-counts, ggd-positive-tests, hospital, icu, municipal-case-counts, nursing-homes, sewage",
