,N,pearsons_r,kendall,spearman,mse,explained_variance_score,r2,rmse,shift_corr_metric,shift,uses,delay_days
sewage,376.0,0.744135,0.585861,0.774236,0.017123,0.517745,0.491571,0.130855,spearman,-2,sewage,-2
icu,376.0,0.488978,0.388801,0.548341,0.030079,-0.019969,-0.019969,0.173433,spearman,-8,icu,-8
hospital,376.0,0.759825,0.609039,0.793295,0.012432,0.261292,0.260239,0.111498,spearman,-4,hospital,-4
case-counts,376.0,0.962587,0.848513,0.966921,0.003891,0.91101,0.907008,0.062376,spearman,0,case-counts,0
municipal-case-counts,376.0,0.954171,0.838121,0.962161,0.003916,0.902866,0.899753,0.062576,spearman,-2,municipal-case-counts,-2
ggd-positive-tests,376.0,0.961834,0.847201,0.966194,0.003986,0.908498,0.905857,0.063133,spearman,0,ggd-positive-tests,0
nursing-homes,375.0,0.816402,0.617796,0.824249,0.018632,0.662393,0.641759,0.136499,spearman,-5,nursing-homes,-5
combined,291,0.966482,0.8632,0.974129,0.003657,0.917837,0.91241,0.060475,,0,"case-counts, ggd-positive-tests, municipal-case-counts, nursing-homes",
