,N,pearsons_r,kendall,spearman,mse,explained_variance_score,r2,rmse,shift_corr_metric,shift,uses,delay_days
sewage,269.0,0.841199,0.489067,0.665297,0.032555,0.674343,0.67264,0.180429,pearsons_r,-2,sewage,-2
icu,269.0,0.766147,0.419488,0.567234,0.046693,0.503731,0.501537,0.216085,pearsons_r,-10,icu,-10
hospital,269.0,0.888979,0.57384,0.743967,0.027872,0.400236,0.387244,0.166949,pearsons_r,-8,hospital,-8
case-counts,269.0,0.6874,0.837858,0.947512,0.565718,0.356984,0.344395,0.752142,spearman,0,case-counts,0
municipal-case-counts,269.0,0.784643,0.830682,0.942845,0.25523,0.506546,0.494428,0.505203,spearman,-3,municipal-case-counts,-3
ggd-positive-tests,269.0,0.491498,0.799713,0.931073,1.526687,0.177549,0.166744,1.235592,spearman,-2,ggd-positive-tests,-2
nursing-homes,269.0,0.835184,0.535023,0.733619,0.036982,0.675883,0.657515,0.192307,pearsons_r,-7,nursing-homes,-7
combined,59,0.97154,0.886291,0.973063,0.003537,0.936146,0.912301,0.059473,,0,"case-counts, ggd-positive-tests, municipal-case-counts, nursing-homes",
