,N,pearsons_r,kendall,spearman,mse,explained_variance_score,r2,rmse,shift_corr_metric,shift,uses,delay_days
sewage,227.0,0.833671,0.432264,0.606131,0.038492,0.658245,0.65819,0.196193,pearsons_r,-2,sewage,-2
icu,227.0,0.768515,0.424633,0.560432,0.053363,0.513866,0.507326,0.231004,pearsons_r,-10,icu,-10
hospital,227.0,0.886008,0.563095,0.731811,0.032791,0.394194,0.367591,0.181082,pearsons_r,-9,hospital,-9
case-counts,227.0,0.683355,0.84663,0.947386,0.681232,0.348992,0.335418,0.825368,spearman,0,case-counts,0
municipal-case-counts,227.0,0.70258,0.84836,0.957022,0.341047,0.429591,0.417918,0.583992,spearman,-4,municipal-case-counts,-4
ggd-positive-tests,227.0,0.490379,0.817993,0.937986,1.802734,0.174981,0.163002,1.342659,spearman,-2,ggd-positive-tests,-2
nursing-homes,225.0,0.77672,0.485636,0.644129,0.058016,0.574786,0.564757,0.240865,pearsons_r,-8,nursing-homes,-8
combined,17,0.926649,0.800022,0.936197,0.001874,0.858655,0.825182,0.043293,,0,"case-counts, ggd-positive-tests, municipal-case-counts, nursing-homes",
