,N,pearsons_r,kendall,spearman,mse,explained_variance_score,r2,rmse,shift_corr_metric,shift,uses,delay_days
sewage,210.0,0.851462,0.448403,0.626667,0.036345,0.695254,0.694225,0.190644,pearsons_r,-2,sewage,-2
icu,210.0,0.813616,0.514117,0.691217,0.044372,0.603535,0.603409,0.210646,pearsons_r,-10,icu,-10
hospital,210.0,0.906916,0.600448,0.772073,0.029829,0.480306,0.467215,0.172711,pearsons_r,-8,hospital,-8
case-counts,210.0,0.685916,0.835049,0.937974,0.735645,0.347957,0.333981,0.857697,spearman,0,case-counts,0
municipal-case-counts,210.0,0.704838,0.838087,0.950586,0.369426,0.42872,0.415766,0.607805,spearman,-4,municipal-case-counts,-4
ggd-positive-tests,210.0,0.492683,0.810844,0.930173,1.950067,0.17447,0.16201,1.396448,spearman,-2,ggd-positive-tests,-2
nursing-homes,209.0,0.770353,0.4519,0.603556,0.063123,0.56587,0.557356,0.251244,pearsons_r,-8,nursing-homes,-8
combined,210,0.939521,0.810107,0.945086,0.014752,0.874649,0.874587,0.121459,,0,"case-counts, ggd-positive-tests, hospital, icu, municipal-case-counts, nursing-homes, sewage",
