,N,pearsons_r,kendall,spearman,mse,explained_variance_score,r2,rmse,shift_corr_metric,shift,uses,delay_days
sewage,224.0,0.834769,0.430816,0.60124,0.038357,0.657755,0.657748,0.19585,pearsons_r,-2,sewage,-2
icu,224.0,0.762296,0.389965,0.521329,0.055597,0.50154,0.492429,0.235791,pearsons_r,-10,icu,-10
hospital,224.0,0.886216,0.565294,0.727795,0.032993,0.395647,0.369892,0.18164,pearsons_r,-9,hospital,-9
case-counts,224.0,0.682594,0.845658,0.94591,0.692043,0.347879,0.33429,0.831891,spearman,0,case-counts,0
municipal-case-counts,224.0,0.701897,0.847678,0.956461,0.346602,0.428418,0.416575,0.588729,spearman,-4,municipal-case-counts,-4
ggd-positive-tests,224.0,0.48901,0.816248,0.936271,1.828517,0.174086,0.16214,1.352227,spearman,-2,ggd-positive-tests,-2
nursing-homes,223.0,0.778571,0.491073,0.648836,0.057883,0.577964,0.567689,0.240588,pearsons_r,-8,nursing-homes,-8
combined,14,0.908916,0.700043,0.878857,0.002215,0.820491,0.819594,0.047064,,0,"case-counts, ggd-positive-tests, municipal-case-counts, nursing-homes",
