,N,pearsons_r,kendall,spearman,mse,explained_variance_score,r2,rmse,shift_corr_metric,shift,uses,delay_days
sewage,199.0,0.864799,0.487413,0.679792,0.034895,0.722463,0.718307,0.186801,pearsons_r,-2,sewage,-2
icu,199.0,0.825734,0.558369,0.743319,0.043265,0.627423,0.626608,0.208003,pearsons_r,-10,icu,-10
hospital,199.0,0.920849,0.649422,0.830239,0.028341,0.515638,0.511028,0.168349,pearsons_r,-9,hospital,-9
case-counts,199.0,0.687963,0.831119,0.932777,0.777911,0.347867,0.33296,0.881992,spearman,0,case-counts,0
municipal-case-counts,199.0,0.705824,0.83399,0.94659,0.38948,0.428385,0.415455,0.624083,spearman,-4,municipal-case-counts,-4
nursing-homes,199.0,0.785978,0.49295,0.656024,0.062084,0.594214,0.57836,0.249166,pearsons_r,-7,nursing-homes,-7
combined,199,0.957716,0.782004,0.930791,0.011371,0.890717,0.89013,0.106637,,0,"case-counts, hospital, icu, municipal-case-counts, nursing-homes, sewage",
