,N,pearsons_r,kendall,spearman,mse,explained_variance_score,r2,rmse,shift_corr_metric,shift,uses,delay_days
sewage,413.0,0.83407,0.539267,0.724574,0.027895,0.662105,0.650441,0.167018,pearsons_r,-2,sewage,-2
icu,413.0,0.717448,0.410348,0.572532,0.045456,0.417901,0.417612,0.213204,pearsons_r,-10,icu,-10
hospital,413.0,0.881497,0.611931,0.794695,0.022327,0.391346,0.389629,0.149423,pearsons_r,-8,hospital,-8
case-counts,290.0,0.964186,0.863806,0.96971,0.004049,0.916651,0.913705,0.063632,spearman,-1,case-counts,-1
municipal-case-counts,413.0,0.792074,0.845209,0.955689,0.167338,0.532524,0.525162,0.40907,spearman,-3,municipal-case-counts,-3
ggd-positive-tests,413.0,0.503773,0.823222,0.946247,0.995856,0.194164,0.187372,0.997926,spearman,-2,ggd-positive-tests,-2
nursing-homes,413.0,0.843375,0.59251,0.79001,0.029965,0.701413,0.677535,0.173105,pearsons_r,-7,nursing-homes,-7
combined,203,0.964665,0.875614,0.976218,0.004293,0.917934,0.912623,0.065523,,0,"case-counts, ggd-positive-tests, municipal-case-counts, nursing-homes",
