,N,pearsons_r,kendall,spearman,mse,explained_variance_score,r2,rmse,shift_corr_metric,shift,uses,delay_days
sewage,262.0,0.841753,0.484543,0.660959,0.033053,0.674581,0.673333,0.181804,pearsons_r,-2,sewage,-2
icu,262.0,0.766417,0.412593,0.558616,0.04762,0.502372,0.499599,0.21822,pearsons_r,-10,icu,-10
hospital,262.0,0.891321,0.577349,0.747657,0.028125,0.41172,0.398006,0.167706,pearsons_r,-8,hospital,-8
case-counts,262.0,0.687256,0.842525,0.948714,0.580744,0.356547,0.343554,0.762065,spearman,0,case-counts,0
municipal-case-counts,262.0,0.704366,0.838809,0.955756,0.298233,0.433541,0.42247,0.546107,spearman,-4,municipal-case-counts,-4
ggd-positive-tests,262.0,0.491365,0.813273,0.93896,1.565885,0.177267,0.167043,1.251353,spearman,-2,ggd-positive-tests,-2
nursing-homes,262.0,0.838341,0.541728,0.740296,0.037069,0.682978,0.666344,0.192534,pearsons_r,-7,nursing-homes,-7
combined,52,0.983484,0.909253,0.983216,0.001917,0.960932,0.953639,0.04378,,0,"case-counts, ggd-positive-tests, municipal-case-counts, nursing-homes",
