,N,pearsons_r,kendall,spearman,mse,explained_variance_score,r2,rmse,shift_corr_metric,shift,uses,delay_days
sewage,336.0,0.849803,0.527488,0.707702,0.028652,0.68292,0.674816,0.169268,pearsons_r,-2,sewage,-2
icu,336.0,0.767108,0.432561,0.591823,0.041978,0.483476,0.483467,0.204887,pearsons_r,-10,icu,-10
hospital,336.0,0.895782,0.609772,0.79103,0.024926,0.396019,0.394342,0.157879,pearsons_r,-8,hospital,-8
case-counts,336.0,0.612779,0.843172,0.95417,0.498603,0.315199,0.305068,0.706118,spearman,-1,case-counts,-1
municipal-case-counts,336.0,0.791832,0.844497,0.953013,0.204792,0.527597,0.519309,0.452539,spearman,-3,municipal-case-counts,-3
ggd-positive-tests,336.0,0.502956,0.828741,0.945581,1.222532,0.191097,0.183365,1.105682,spearman,-2,ggd-positive-tests,-2
nursing-homes,335.0,0.852247,0.582964,0.778653,0.031567,0.71318,0.695704,0.177672,pearsons_r,-7,nursing-homes,-7
combined,126,0.970785,0.887362,0.978519,0.003643,0.933562,0.931113,0.060355,,0,"case-counts, ggd-positive-tests, municipal-case-counts, nursing-homes",
