,N,pearsons_r,kendall,spearman,mse,explained_variance_score,r2,rmse,shift_corr_metric,shift,uses,delay_days
sewage,350.0,0.849581,0.520764,0.698308,0.027697,0.682426,0.673732,0.166424,pearsons_r,-2,sewage,-2
icu,350.0,0.75812,0.414634,0.570981,0.04221,0.469566,0.469537,0.205451,pearsons_r,-10,icu,-10
hospital,350.0,0.887761,0.596199,0.776178,0.024612,0.399899,0.397409,0.156883,pearsons_r,-8,hospital,-8
case-counts,350.0,0.613648,0.839252,0.952121,0.479318,0.315884,0.306354,0.692328,spearman,-1,case-counts,-1
municipal-case-counts,350.0,0.792405,0.842321,0.952322,0.196576,0.528352,0.520493,0.443369,spearman,-3,municipal-case-counts,-3
ggd-positive-tests,350.0,0.503969,0.826051,0.943753,1.173669,0.191764,0.184439,1.08336,spearman,-2,ggd-positive-tests,-2
nursing-homes,349.0,0.850226,0.577208,0.770339,0.030848,0.710813,0.695712,0.175635,pearsons_r,-7,nursing-homes,-7
combined,140,0.967858,0.885728,0.979377,0.003519,0.927766,0.926338,0.059323,,0,"case-counts, ggd-positive-tests, municipal-case-counts, nursing-homes",
