,N,pearsons_r,kendall,spearman,mse,explained_variance_score,r2,rmse,shift_corr_metric,shift,uses,delay_days
sewage,373.0,0.74419,0.585906,0.775759,0.017213,0.518255,0.492998,0.1312,spearman,-2,sewage,-2
icu,373.0,0.488176,0.381931,0.544089,0.030482,-0.01571,-0.015822,0.17459,spearman,-8,icu,-8
hospital,373.0,0.763129,0.608243,0.793731,0.01235,0.26815,0.267485,0.11113,spearman,-4,hospital,-4
case-counts,373.0,0.963239,0.851803,0.968015,0.003855,0.912436,0.908097,0.06209,spearman,0,case-counts,0
municipal-case-counts,373.0,0.954854,0.840344,0.962881,0.003877,0.904392,0.900867,0.062265,spearman,-2,municipal-case-counts,-2
ggd-positive-tests,373.0,0.962653,0.849714,0.967226,0.003931,0.910296,0.907307,0.062699,spearman,0,ggd-positive-tests,0
nursing-homes,372.0,0.816719,0.62218,0.827457,0.018725,0.663249,0.639045,0.136841,spearman,-5,nursing-homes,-5
combined,288,0.96776,0.867961,0.975726,0.003592,0.920565,0.914253,0.059931,,0,"case-counts, ggd-positive-tests, municipal-case-counts, nursing-homes",
