,N,pearsons_r,kendall,spearman,mse,explained_variance_score,r2,rmse,shift_corr_metric,shift,uses,delay_days
sewage,516.0,0.714456,0.568718,0.76443,0.020132,0.495645,0.457981,0.141889,spearman,-3,sewage,-3
icu,515.0,0.457772,0.39466,0.549615,0.036489,0.083793,0.074358,0.191021,spearman,-8,icu,-8
hospital,516.0,0.75769,0.604327,0.79562,0.011208,0.280275,0.270812,0.10587,spearman,-6,hospital,-6
case-counts,516.0,0.957417,0.842471,0.964104,0.003438,0.905695,0.903706,0.058638,spearman,-1,case-counts,-1
municipal-case-counts,516.0,0.946749,0.824758,0.956676,0.003957,0.889124,0.886817,0.062903,spearman,-3,municipal-case-counts,-3
ggd-positive-tests,516.0,0.93787,0.803069,0.93934,0.005533,0.861936,0.861936,0.074383,spearman,-1,ggd-positive-tests,-1
nursing-homes,513.0,0.80833,0.629697,0.825705,0.01827,0.647791,0.623653,0.135166,spearman,-4,nursing-homes,-4
combined,431,0.963478,0.851171,0.967811,0.003018,0.914616,0.912419,0.05494,,0,"case-counts, ggd-positive-tests, municipal-case-counts, nursing-homes",
