,N,pearsons_r,kendall,spearman,mse,explained_variance_score,r2,rmse,shift_corr_metric,shift,uses,delay_days
sewage,453.0,0.719476,0.564225,0.756997,0.018885,0.493182,0.458975,0.137424,spearman,-2,sewage,-2
icu,453.0,0.46293,0.384115,0.540474,0.030797,-0.013332,-0.016256,0.175491,spearman,-9,icu,-9
hospital,453.0,0.77225,0.617789,0.800511,0.010939,0.28525,0.27738,0.104591,spearman,-4,hospital,-4
case-counts,453.0,0.959204,0.841455,0.963476,0.003574,0.907131,0.904596,0.059786,spearman,-1,case-counts,-1
municipal-case-counts,453.0,0.952398,0.834852,0.961725,0.003589,0.900434,0.898332,0.059907,spearman,-3,municipal-case-counts,-3
ggd-positive-tests,453.0,0.957647,0.834993,0.95863,0.003856,0.900975,0.900639,0.062095,spearman,-1,ggd-positive-tests,-1
nursing-homes,453.0,0.804341,0.619361,0.818076,0.019497,0.64027,0.619926,0.139632,spearman,-4,nursing-homes,-4
combined,368,0.965019,0.849967,0.967168,0.003071,0.916297,0.914231,0.055414,,0,"case-counts, ggd-positive-tests, municipal-case-counts, nursing-homes",
