,N,pearsons_r,kendall,spearman,mse,explained_variance_score,r2,rmse,shift_corr_metric,shift,uses,delay_days
sewage,441.0,0.836439,0.538382,0.722463,0.026385,0.669372,0.658464,0.162436,pearsons_r,-2,sewage,-2
icu,439.0,0.716867,0.405601,0.567409,0.043715,0.417469,0.416703,0.209082,pearsons_r,-10,icu,-10
hospital,441.0,0.883766,0.619033,0.80149,0.021038,0.397928,0.397646,0.145043,pearsons_r,-8,hospital,-8
case-counts,318.0,0.966028,0.864248,0.970912,0.003765,0.919364,0.917194,0.061357,spearman,-1,case-counts,-1
municipal-case-counts,441.0,0.794531,0.847808,0.956461,0.156725,0.53638,0.529727,0.395885,spearman,-3,municipal-case-counts,-3
ggd-positive-tests,441.0,0.507089,0.830492,0.948663,0.93251,0.196889,0.190673,0.965666,spearman,-2,ggd-positive-tests,-2
nursing-homes,439.0,0.843623,0.583418,0.78112,0.028833,0.703939,0.6836,0.169802,pearsons_r,-7,nursing-homes,-7
combined,231,0.968053,0.875915,0.976149,0.003762,0.921659,0.917886,0.061339,,0,"case-counts, ggd-positive-tests, municipal-case-counts, nursing-homes",
