,N,pearsons_r,kendall,spearman,mse,explained_variance_score,r2,rmse,shift_corr_metric,shift,uses,delay_days
sewage,437.0,0.836117,0.538656,0.723289,0.026588,0.668939,0.658412,0.163059,pearsons_r,-2,sewage,-2
icu,436.0,0.719976,0.408681,0.569314,0.043173,0.418689,0.417531,0.207781,pearsons_r,-10,icu,-10
hospital,437.0,0.884645,0.618778,0.801184,0.021106,0.398715,0.39827,0.145278,pearsons_r,-8,hospital,-8
case-counts,314.0,0.965593,0.864521,0.970911,0.003822,0.918613,0.916345,0.061819,spearman,-1,case-counts,-1
municipal-case-counts,437.0,0.79438,0.848433,0.956696,0.158166,0.535939,0.529291,0.397701,spearman,-3,municipal-case-counts,-3
ggd-positive-tests,437.0,0.50674,0.829805,0.948474,0.941079,0.196552,0.190289,0.970092,spearman,-2,ggd-positive-tests,-2
nursing-homes,435.0,0.843941,0.584502,0.781896,0.02894,0.703878,0.682052,0.170117,pearsons_r,-7,nursing-homes,-7
combined,227,0.967472,0.877494,0.977015,0.003856,0.920654,0.916816,0.062093,,0,"case-counts, ggd-positive-tests, municipal-case-counts, nursing-homes",
