,N,pearsons_r,kendall,spearman,mse,explained_variance_score,r2,rmse,shift_corr_metric,shift,uses,delay_days
sewage,327.0,0.717332,0.582664,0.778145,0.019519,0.457573,0.437937,0.139712,spearman,-4,sewage,-4
icu,327.0,0.477648,0.345588,0.50387,0.033429,-0.03918,-0.041941,0.182837,spearman,-9,icu,-9
hospital,327.0,0.784764,0.604618,0.791868,0.012448,0.189037,0.189003,0.111572,spearman,-6,hospital,-6
case-counts,327.0,0.967234,0.863364,0.970795,0.00363,0.920343,0.918542,0.060253,spearman,-1,case-counts,-1
municipal-case-counts,327.0,0.956802,0.847359,0.965906,0.003844,0.909078,0.906889,0.062001,spearman,-3,municipal-case-counts,-3
ggd-positive-tests,327.0,0.967818,0.868499,0.973938,0.003712,0.919915,0.917818,0.060923,spearman,-1,ggd-positive-tests,-1
nursing-homes,325.0,0.829449,0.617316,0.819046,0.016638,0.686426,0.674892,0.128987,pearsons_r,-6,nursing-homes,-6
combined,242,0.971709,0.877116,0.977643,0.003393,0.927724,0.923223,0.058247,,0,"case-counts, ggd-positive-tests, municipal-case-counts, nursing-homes",
