,N,pearsons_r,kendall,spearman,mse,explained_variance_score,r2,rmse,shift_corr_metric,shift,uses,delay_days
sewage,427.0,0.835297,0.539593,0.725584,0.027157,0.667498,0.657394,0.164795,pearsons_r,-2,sewage,-2
icu,426.0,0.715741,0.400767,0.560958,0.044584,0.410451,0.409108,0.211148,pearsons_r,-10,icu,-10
hospital,427.0,0.884027,0.621083,0.802532,0.021448,0.405518,0.404419,0.14645,pearsons_r,-8,hospital,-8
case-counts,304.0,0.965368,0.866548,0.971529,0.003917,0.918168,0.915569,0.062587,spearman,-1,case-counts,-1
municipal-case-counts,427.0,0.793755,0.848287,0.956774,0.161861,0.534853,0.527918,0.402319,spearman,-3,municipal-case-counts,-3
ggd-positive-tests,427.0,0.505835,0.828801,0.948336,0.963144,0.195762,0.189285,0.981399,spearman,-2,ggd-positive-tests,-2
nursing-homes,426.0,0.843174,0.586923,0.783535,0.029528,0.70155,0.677042,0.171837,pearsons_r,-7,nursing-homes,-7
combined,217,0.967085,0.879857,0.977996,0.004017,0.920324,0.915882,0.063382,,0,"case-counts, ggd-positive-tests, municipal-case-counts, nursing-homes",
