,N,pearsons_r,kendall,spearman,mse,explained_variance_score,r2,rmse,shift_corr_metric,shift,uses,delay_days
sewage,241.0,0.832855,0.460497,0.633151,0.036942,0.654773,0.654772,0.192203,pearsons_r,-2,sewage,-2
icu,241.0,0.761297,0.422642,0.558983,0.053181,0.495807,0.482838,0.23061,pearsons_r,-10,icu,-10
hospital,241.0,0.882915,0.556424,0.737339,0.032703,0.378144,0.337559,0.180839,pearsons_r,-9,hospital,-9
case-counts,241.0,0.590372,0.841624,0.951402,0.689996,0.288473,0.275386,0.83066,spearman,-1,case-counts,-1
municipal-case-counts,241.0,0.700626,0.850966,0.959717,0.320955,0.429607,0.419608,0.566529,spearman,-4,municipal-case-counts,-4
ggd-positive-tests,241.0,0.487154,0.829633,0.945278,1.69676,0.174492,0.164048,1.302597,spearman,-2,ggd-positive-tests,-2
nursing-homes,241.0,0.828967,0.532835,0.730862,0.040409,0.665087,0.659817,0.201019,pearsons_r,-7,nursing-homes,-7
combined,31,0.952623,0.882897,0.966102,0.001196,0.906195,0.89552,0.034586,,0,"case-counts, ggd-positive-tests, municipal-case-counts, nursing-homes",
