,N,pearsons_r,kendall,spearman,mse,explained_variance_score,r2,rmse,shift_corr_metric,shift,uses,delay_days
sewage,259.0,0.840678,0.480272,0.656453,0.033464,0.672335,0.671134,0.182931,pearsons_r,-2,sewage,-2
icu,259.0,0.764951,0.408567,0.553654,0.04835,0.501843,0.499104,0.219886,pearsons_r,-10,icu,-10
hospital,259.0,0.894305,0.59473,0.775619,0.02789,0.428026,0.411204,0.167002,pearsons_r,-9,hospital,-9
case-counts,259.0,0.686145,0.844898,0.948957,0.587459,0.355399,0.341946,0.766458,spearman,0,case-counts,0
municipal-case-counts,259.0,0.704164,0.842121,0.957135,0.301518,0.432892,0.421883,0.549107,spearman,-4,municipal-case-counts,-4
ggd-positive-tests,259.0,0.490674,0.813994,0.939067,1.583918,0.176657,0.166274,1.258538,spearman,-2,ggd-positive-tests,-2
nursing-homes,258.0,0.832899,0.532171,0.72733,0.038475,0.671556,0.654055,0.19615,pearsons_r,-7,nursing-homes,-7
combined,49,0.983018,0.905843,0.981522,0.00189,0.959918,0.952416,0.04347,,0,"case-counts, ggd-positive-tests, municipal-case-counts, nursing-homes",
