,N,pearsons_r,kendall,spearman,mse,explained_variance_score,r2,rmse,shift_corr_metric,shift,uses,delay_days
sewage,499.0,0.731976,0.578733,0.772469,0.018696,0.518343,0.487254,0.136732,spearman,-2,sewage,-2
icu,498.0,0.459496,0.390844,0.550786,0.035532,0.056224,0.051708,0.188498,spearman,-8,icu,-8
hospital,499.0,0.773162,0.621981,0.809595,0.011063,0.267257,0.261477,0.10518,spearman,-5,hospital,-5
case-counts,499.0,0.958215,0.842661,0.964517,0.003393,0.90911,0.907167,0.058251,spearman,-1,case-counts,-1
municipal-case-counts,499.0,0.949611,0.830403,0.959739,0.003748,0.896323,0.89438,0.061221,spearman,-3,municipal-case-counts,-3
ggd-positive-tests,499.0,0.949834,0.823022,0.953899,0.004552,0.886708,0.886065,0.06747,spearman,-1,ggd-positive-tests,-1
nursing-homes,495.0,0.80901,0.626422,0.824108,0.018568,0.649638,0.629166,0.136264,spearman,-4,nursing-homes,-4
combined,414,0.962903,0.847994,0.966387,0.003078,0.915926,0.913466,0.055481,,0,"case-counts, ggd-positive-tests, municipal-case-counts, nursing-homes",
