,N,pearsons_r,kendall,spearman,mse,explained_variance_score,r2,rmse,shift_corr_metric,shift,uses,delay_days
sewage,259.0,0.841026,0.480876,0.65754,0.033405,0.673372,0.672264,0.182772,pearsons_r,-2,sewage,-2
icu,259.0,0.764951,0.408567,0.553654,0.04835,0.501843,0.499104,0.219886,pearsons_r,-10,icu,-10
hospital,259.0,0.894305,0.59473,0.775619,0.02789,0.428026,0.411204,0.167002,pearsons_r,-9,hospital,-9
case-counts,259.0,0.678642,0.783743,0.910779,0.589045,0.350783,0.336819,0.767493,spearman,0,case-counts,0
municipal-case-counts,259.0,0.704109,0.84182,0.957088,0.301521,0.432854,0.421824,0.549109,spearman,-4,municipal-case-counts,-4
ggd-positive-tests,259.0,0.490712,0.813934,0.93909,1.58392,0.176673,0.166302,1.258539,spearman,-2,ggd-positive-tests,-2
nursing-homes,258.0,0.832899,0.532171,0.72733,0.038475,0.671556,0.654055,0.19615,pearsons_r,-7,nursing-homes,-7
combined,49,0.972108,0.890432,0.975958,0.002255,0.942139,0.926766,0.047483,,0,"case-counts, ggd-positive-tests, municipal-case-counts, nursing-homes",
