,N,pearsons_r,kendall,spearman,mse,explained_variance_score,r2,rmse,shift_corr_metric,shift,uses,delay_days
sewage,301.0,0.842335,0.495037,0.676335,0.030625,0.671424,0.666212,0.174999,pearsons_r,-2,sewage,-2
icu,299.0,0.759963,0.416315,0.56753,0.04476,0.481109,0.479965,0.211565,pearsons_r,-10,icu,-10
hospital,301.0,0.887945,0.581519,0.758604,0.026615,0.378438,0.370606,0.163142,pearsons_r,-8,hospital,-8
case-counts,301.0,0.691196,0.842175,0.948746,0.506706,0.364788,0.353096,0.711833,spearman,0,case-counts,0
municipal-case-counts,301.0,0.786525,0.831818,0.944967,0.228695,0.513729,0.504365,0.47822,spearman,-3,municipal-case-counts,-3
ggd-positive-tests,301.0,0.5644,0.831283,0.933904,1.308753,0.216252,0.207432,1.144007,spearman,-1,ggd-positive-tests,-1
nursing-homes,299.0,0.840371,0.549867,0.751592,0.034381,0.68845,0.669536,0.18542,pearsons_r,-7,nursing-homes,-7
combined,91,0.965403,0.863535,0.968513,0.004366,0.92008,0.914054,0.066074,,0,"case-counts, ggd-positive-tests, municipal-case-counts, nursing-homes",
