,N,pearsons_r,kendall,spearman,mse,explained_variance_score,r2,rmse,shift_corr_metric,shift,uses,delay_days
sewage,366.0,0.744917,0.586689,0.777881,0.017467,0.517769,0.493052,0.132164,spearman,-2,sewage,-2
icu,366.0,0.477695,0.375411,0.534808,0.031594,-0.047069,-0.047931,0.177748,spearman,-8,icu,-8
hospital,366.0,0.759087,0.602491,0.789922,0.012843,0.249146,0.248873,0.113329,spearman,-4,hospital,-4
case-counts,366.0,0.964011,0.849851,0.967366,0.003816,0.914726,0.910417,0.061778,spearman,0,case-counts,0
municipal-case-counts,366.0,0.956532,0.841844,0.963369,0.003786,0.908115,0.904561,0.06153,spearman,-2,municipal-case-counts,-2
ggd-positive-tests,366.0,0.963952,0.850942,0.967951,0.003852,0.913596,0.910482,0.062064,spearman,0,ggd-positive-tests,0
nursing-homes,365.0,0.817524,0.619598,0.824889,0.018752,0.665217,0.641832,0.136939,spearman,-5,nursing-homes,-5
combined,281,0.969048,0.866501,0.975116,0.003531,0.924047,0.91749,0.059424,,0,"case-counts, ggd-positive-tests, municipal-case-counts, nursing-homes",
