,N,pearsons_r,kendall,spearman,mse,explained_variance_score,r2,rmse,shift_corr_metric,shift,uses,delay_days
sewage,495.0,0.730478,0.57802,0.77259,0.01869,0.514826,0.485018,0.136713,spearman,-2,sewage,-2
icu,495.0,0.459041,0.394615,0.553964,0.037451,0.078505,0.072006,0.193523,spearman,-8,icu,-8
hospital,495.0,0.770603,0.618591,0.807079,0.011199,0.258492,0.253063,0.105824,spearman,-5,hospital,-5
case-counts,495.0,0.95871,0.843362,0.964616,0.003387,0.909756,0.907876,0.058197,spearman,-1,case-counts,-1
municipal-case-counts,495.0,0.950674,0.833248,0.96093,0.003633,0.898656,0.897194,0.060278,spearman,-3,municipal-case-counts,-3
ggd-positive-tests,495.0,0.949966,0.823151,0.95376,0.004556,0.886919,0.886365,0.067495,spearman,-1,ggd-positive-tests,-1
nursing-homes,495.0,0.808975,0.626382,0.82421,0.018578,0.649482,0.628959,0.136303,spearman,-4,nursing-homes,-4
combined,410,0.963338,0.849371,0.966699,0.003033,0.916867,0.914752,0.055071,,0,"case-counts, ggd-positive-tests, municipal-case-counts, nursing-homes",
