,N,pearsons_r,kendall,spearman,mse,explained_variance_score,r2,rmse,shift_corr_metric,shift,uses,delay_days
sewage,220.0,0.834813,0.421706,0.59291,0.038976,0.658045,0.658033,0.197425,pearsons_r,-2,sewage,-2
icu,219.0,0.774746,0.427107,0.564739,0.053004,0.522869,0.518096,0.230226,pearsons_r,-10,icu,-10
hospital,220.0,0.880718,0.544816,0.70496,0.034387,0.394332,0.364068,0.185437,pearsons_r,-8,hospital,-8
case-counts,220.0,0.68361,0.841318,0.942863,0.703721,0.348451,0.334384,0.838881,spearman,0,case-counts,0
municipal-case-counts,220.0,0.70261,0.845508,0.95508,0.352843,0.428823,0.416626,0.594006,spearman,-4,municipal-case-counts,-4
ggd-positive-tests,220.0,0.489237,0.819947,0.936739,1.861519,0.174067,0.162216,1.364375,spearman,-2,ggd-positive-tests,-2
nursing-homes,217.0,0.778281,0.485172,0.644276,0.059973,0.579056,0.567886,0.244894,pearsons_r,-8,nursing-homes,-8
combined,10,0.943499,0.764093,0.887542,0.001911,0.861524,0.833324,0.043719,,0,"case-counts, ggd-positive-tests, municipal-case-counts, nursing-homes",
