,N,pearsons_r,kendall,spearman,mse,explained_variance_score,r2,rmse,shift_corr_metric,shift,uses,delay_days
sewage,304.0,0.842771,0.500359,0.682964,0.03062,0.670567,0.664566,0.174986,pearsons_r,-2,sewage,-2
icu,304.0,0.752206,0.413979,0.554803,0.046207,0.461598,0.461226,0.214958,pearsons_r,-10,icu,-10
hospital,304.0,0.891041,0.594188,0.770402,0.026236,0.390544,0.383451,0.161975,pearsons_r,-8,hospital,-8
case-counts,304.0,0.691562,0.843953,0.949466,0.50173,0.366338,0.354784,0.708329,spearman,0,case-counts,0
municipal-case-counts,304.0,0.78715,0.834413,0.946178,0.226459,0.515666,0.506493,0.475877,spearman,-3,municipal-case-counts,-3
ggd-positive-tests,304.0,0.564759,0.833538,0.935068,1.295873,0.217356,0.208681,1.138364,spearman,-1,ggd-positive-tests,-1
nursing-homes,302.0,0.839129,0.545795,0.747913,0.034718,0.684919,0.664442,0.186329,pearsons_r,-7,nursing-homes,-7
combined,94,0.967304,0.868931,0.970338,0.004274,0.92473,0.919304,0.065375,,0,"case-counts, ggd-positive-tests, municipal-case-counts, nursing-homes",
