,N,pearsons_r,kendall,spearman,mse,explained_variance_score,r2,rmse,shift_corr_metric,shift,uses,delay_days
sewage,231.0,0.833234,0.4425,0.617968,0.038183,0.659758,0.65961,0.195406,pearsons_r,-2,sewage,-2
icu,230.0,0.768569,0.421722,0.559409,0.052821,0.512171,0.503153,0.229829,pearsons_r,-10,icu,-10
hospital,231.0,0.88376,0.556666,0.728792,0.03267,0.391622,0.362393,0.180749,pearsons_r,-9,hospital,-9
case-counts,231.0,0.685301,0.845994,0.947192,0.669249,0.35028,0.336554,0.818076,spearman,0,case-counts,0
municipal-case-counts,231.0,0.70504,0.849489,0.95756,0.334405,0.43176,0.420069,0.578278,spearman,-4,municipal-case-counts,-4
ggd-positive-tests,231.0,0.491395,0.821384,0.939427,1.770003,0.175524,0.16374,1.330415,spearman,-2,ggd-positive-tests,-2
nursing-homes,229.0,0.773106,0.477575,0.638137,0.057837,0.567841,0.559113,0.240493,pearsons_r,-8,nursing-homes,-8
combined,21,0.925119,0.853074,0.960001,0.001635,0.855814,0.811215,0.04043,,0,"case-counts, ggd-positive-tests, municipal-case-counts, nursing-homes",
