,N,pearsons_r,kendall,spearman,mse,explained_variance_score,r2,rmse,shift_corr_metric,shift,uses,delay_days
sewage,385.0,0.8464,0.547098,0.731808,0.026948,0.679445,0.669478,0.164159,pearsons_r,-2,sewage,-2
icu,385.0,0.712085,0.396898,0.557661,0.048816,0.39935,0.399342,0.220944,pearsons_r,-10,icu,-10
hospital,385.0,0.879175,0.597548,0.782502,0.024354,0.362886,0.360622,0.156059,pearsons_r,-8,hospital,-8
case-counts,385.0,0.613041,0.845589,0.957127,0.436136,0.318382,0.308678,0.660406,spearman,-1,case-counts,-1
municipal-case-counts,385.0,0.791475,0.84469,0.955531,0.179249,0.531627,0.523425,0.423379,spearman,-3,municipal-case-counts,-3
ggd-positive-tests,385.0,0.502621,0.824163,0.946547,1.067923,0.19326,0.185698,1.033404,spearman,-2,ggd-positive-tests,-2
nursing-homes,385.0,0.844795,0.585709,0.786759,0.030909,0.701706,0.680008,0.17581,pearsons_r,-7,nursing-homes,-7
combined,175,0.970811,0.876235,0.976645,0.003974,0.931901,0.925681,0.063042,,0,"case-counts, ggd-positive-tests, municipal-case-counts, nursing-homes",
