,N,pearsons_r,kendall,spearman,mse,explained_variance_score,r2,rmse,shift_corr_metric,shift,uses,delay_days
sewage,290.0,0.842997,0.498409,0.67911,0.030856,0.676023,0.672736,0.175659,pearsons_r,-2,sewage,-2
icu,290.0,0.764216,0.425745,0.577628,0.044672,0.49147,0.489243,0.211358,pearsons_r,-10,icu,-10
hospital,290.0,0.887481,0.57734,0.751429,0.027075,0.38157,0.369608,0.164545,pearsons_r,-8,hospital,-8
case-counts,290.0,0.68931,0.839803,0.948273,0.525487,0.361206,0.348796,0.724905,spearman,0,case-counts,0
municipal-case-counts,290.0,0.784063,0.829801,0.943336,0.237249,0.509231,0.498911,0.487082,spearman,-3,municipal-case-counts,-3
ggd-positive-tests,290.0,0.562928,0.830137,0.932933,1.358244,0.213782,0.204467,1.165437,spearman,-1,ggd-positive-tests,-1
nursing-homes,290.0,0.837374,0.540086,0.743449,0.03526,0.680297,0.659502,0.187775,pearsons_r,-7,nursing-homes,-7
combined,80,0.959887,0.862979,0.963803,0.004634,0.91215,0.89979,0.068076,,0,"case-counts, ggd-positive-tests, municipal-case-counts, nursing-homes",
