,N,pearsons_r,kendall,spearman,mse,explained_variance_score,r2,rmse,shift_corr_metric,shift,uses,delay_days
sewage,467.0,0.721974,0.577216,0.77174,0.018984,0.50006,0.471869,0.137783,spearman,-3,sewage,-3
icu,467.0,0.497156,0.40586,0.566633,0.029837,0.06725,0.063814,0.172735,spearman,-8,icu,-8
hospital,467.0,0.776227,0.62551,0.810475,0.010877,0.328215,0.320522,0.104295,spearman,-5,hospital,-5
case-counts,467.0,0.96025,0.8469,0.966119,0.00361,0.907755,0.905729,0.06008,spearman,-1,case-counts,-1
municipal-case-counts,467.0,0.953832,0.840288,0.964534,0.00367,0.901088,0.899537,0.060584,spearman,-3,municipal-case-counts,-3
ggd-positive-tests,467.0,0.953269,0.836501,0.959935,0.004359,0.891322,0.89131,0.066019,spearman,-2,ggd-positive-tests,-2
nursing-homes,464.0,0.808687,0.62073,0.81838,0.019394,0.646544,0.62758,0.139263,spearman,-4,nursing-homes,-4
combined,382,0.966508,0.858331,0.96998,0.003088,0.916751,0.915394,0.055568,,0,"case-counts, ggd-positive-tests, municipal-case-counts, nursing-homes",
