,N,pearsons_r,kendall,spearman,mse,explained_variance_score,r2,rmse,shift_corr_metric,shift,uses,delay_days
sewage,252.0,0.838825,0.469414,0.644536,0.03412,0.67091,0.67017,0.184715,pearsons_r,-2,sewage,-2
icu,252.0,0.76653,0.412591,0.555442,0.048734,0.50985,0.504943,0.220757,pearsons_r,-10,icu,-10
hospital,252.0,0.893436,0.59254,0.769282,0.028145,0.43808,0.4163,0.167766,pearsons_r,-9,hospital,-9
case-counts,252.0,0.686586,0.841284,0.94721,0.602871,0.353553,0.339455,0.776448,spearman,0,case-counts,0
municipal-case-counts,252.0,0.703579,0.842368,0.95689,0.308964,0.43062,0.418856,0.555845,spearman,-4,municipal-case-counts,-4
ggd-positive-tests,252.0,0.490551,0.813797,0.938463,1.626931,0.175341,0.164605,1.275512,spearman,-2,ggd-positive-tests,-2
nursing-homes,252.0,0.838035,0.554298,0.751812,0.037584,0.684822,0.671064,0.193866,pearsons_r,-7,nursing-homes,-7
combined,42,0.976729,0.912399,0.980341,0.002039,0.947384,0.925285,0.045157,,0,"case-counts, ggd-positive-tests, municipal-case-counts, nursing-homes",
