,N,pearsons_r,kendall,spearman,mse,explained_variance_score,r2,rmse,shift_corr_metric,shift,uses,delay_days
sewage,234.0,0.831643,0.445034,0.619397,0.037934,0.655549,0.655371,0.194765,pearsons_r,-2,sewage,-2
icu,234.0,0.764302,0.406094,0.547914,0.053002,0.504541,0.494741,0.230222,pearsons_r,-10,icu,-10
hospital,234.0,0.886425,0.563705,0.738856,0.031881,0.398486,0.36828,0.178552,pearsons_r,-9,hospital,-9
case-counts,234.0,0.68603,0.844725,0.9476,0.660765,0.350607,0.336728,0.812874,spearman,0,case-counts,0
municipal-case-counts,234.0,0.705668,0.848797,0.957578,0.330035,0.432163,0.420437,0.574487,spearman,-4,municipal-case-counts,-4
ggd-positive-tests,234.0,0.491351,0.824811,0.941325,1.747051,0.175439,0.1639,1.321761,spearman,-2,ggd-positive-tests,-2
nursing-homes,233.0,0.774832,0.484022,0.644449,0.05639,0.571023,0.562389,0.237466,pearsons_r,-8,nursing-homes,-8
combined,24,0.924519,0.825756,0.955368,0.001712,0.854629,0.786553,0.041371,,0,"case-counts, ggd-positive-tests, municipal-case-counts, nursing-homes",
