,N,pearsons_r,kendall,spearman,mse,explained_variance_score,r2,rmse,shift_corr_metric,shift,uses,delay_days
sewage,366.0,0.74507,0.58687,0.777954,0.017464,0.517936,0.492819,0.132151,spearman,-2,sewage,-2
icu,366.0,0.476736,0.375079,0.533987,0.031604,-0.050607,-0.051465,0.177775,spearman,-8,icu,-8
hospital,366.0,0.76179,0.604494,0.79135,0.012722,0.253397,0.253084,0.112792,spearman,-4,hospital,-4
case-counts,366.0,0.964011,0.849851,0.967366,0.003816,0.914726,0.910417,0.061778,spearman,0,case-counts,0
municipal-case-counts,366.0,0.956532,0.841844,0.963369,0.003786,0.908115,0.904561,0.06153,spearman,-2,municipal-case-counts,-2
ggd-positive-tests,366.0,0.963952,0.850942,0.967951,0.003852,0.913596,0.910482,0.062064,spearman,0,ggd-positive-tests,0
nursing-homes,351.0,0.818955,0.619123,0.82301,0.018408,0.667791,0.645706,0.135674,spearman,-5,nursing-homes,-5
combined,281,0.968671,0.866398,0.975126,0.00359,0.923075,0.916374,0.05992,,0,"case-counts, ggd-positive-tests, municipal-case-counts, nursing-homes",
