,N,pearsons_r,kendall,spearman,mse,explained_variance_score,r2,rmse,shift_corr_metric,shift,uses,delay_days
sewage,436.0,0.706615,0.568052,0.760734,0.019792,0.459478,0.417756,0.140684,spearman,-3,sewage,-3
icu,436.0,0.451883,0.371695,0.525653,0.032289,-0.046503,-0.049668,0.179692,spearman,-9,icu,-9
hospital,436.0,0.769585,0.620838,0.801011,0.011507,0.244869,0.23864,0.107272,spearman,-4,hospital,-4
case-counts,436.0,0.958842,0.840627,0.963383,0.003608,0.908132,0.905995,0.060067,spearman,-1,case-counts,-1
municipal-case-counts,436.0,0.951293,0.832528,0.960513,0.003671,0.900024,0.897927,0.060585,spearman,-3,municipal-case-counts,-3
ggd-positive-tests,436.0,0.958867,0.839636,0.961448,0.00367,0.906529,0.906056,0.06058,spearman,-1,ggd-positive-tests,-1
nursing-homes,435.0,0.810839,0.627771,0.826394,0.018663,0.653399,0.627623,0.136611,spearman,-5,nursing-homes,-5
combined,351,0.963514,0.849229,0.966695,0.003207,0.916082,0.913069,0.056629,,0,"case-counts, ggd-positive-tests, municipal-case-counts, nursing-homes",
