,N,pearsons_r,kendall,spearman,mse,explained_variance_score,r2,rmse,shift_corr_metric,shift,uses,delay_days
sewage,378.0,0.845214,0.538599,0.725249,0.027492,0.676208,0.66652,0.165808,pearsons_r,-2,sewage,-2
icu,377.0,0.723353,0.415166,0.578002,0.047596,0.420268,0.419886,0.218165,pearsons_r,-10,icu,-10
hospital,378.0,0.87743,0.591987,0.779149,0.024976,0.353491,0.351285,0.158039,pearsons_r,-8,hospital,-8
case-counts,378.0,0.612984,0.844644,0.956247,0.444121,0.318073,0.308487,0.666424,spearman,-1,case-counts,-1
municipal-case-counts,378.0,0.791994,0.844362,0.955119,0.182517,0.531655,0.523427,0.42722,spearman,-3,municipal-case-counts,-3
ggd-positive-tests,378.0,0.503221,0.823828,0.945801,1.087595,0.193357,0.185728,1.042878,spearman,-2,ggd-positive-tests,-2
nursing-homes,376.0,0.843236,0.578451,0.778001,0.031194,0.697515,0.679408,0.176618,pearsons_r,-7,nursing-homes,-7
combined,168,0.971477,0.87855,0.977766,0.003962,0.932644,0.927092,0.062943,,0,"case-counts, ggd-positive-tests, municipal-case-counts, nursing-homes",
