,N,pearsons_r,kendall,spearman,mse,explained_variance_score,r2,rmse,shift_corr_metric,shift,uses,delay_days
sewage,227.0,0.833671,0.432264,0.606131,0.038492,0.658245,0.65819,0.196193,pearsons_r,-2,sewage,-2
icu,227.0,0.767425,0.415585,0.551855,0.053635,0.509568,0.501396,0.231592,pearsons_r,-10,icu,-10
hospital,227.0,0.886471,0.564669,0.735254,0.03269,0.395757,0.369636,0.180804,pearsons_r,-9,hospital,-9
case-counts,227.0,0.683275,0.847023,0.947426,0.6821,0.348829,0.335194,0.825893,spearman,0,case-counts,0
municipal-case-counts,227.0,0.702724,0.848675,0.957198,0.341547,0.429583,0.417766,0.584421,spearman,-4,municipal-case-counts,-4
ggd-positive-tests,227.0,0.490417,0.818072,0.938027,1.802729,0.174999,0.163007,1.342657,spearman,-2,ggd-positive-tests,-2
nursing-homes,227.0,0.777041,0.485603,0.647738,0.057729,0.575388,0.564074,0.240268,pearsons_r,-8,nursing-homes,-8
combined,17,0.918027,0.814837,0.941105,0.002156,0.840764,0.785177,0.046434,,0,"case-counts, ggd-positive-tests, municipal-case-counts, nursing-homes",
