,N,pearsons_r,kendall,spearman,mse,explained_variance_score,r2,rmse,shift_corr_metric,shift,uses,delay_days
sewage,206.0,0.861846,0.474571,0.66345,0.034498,0.716657,0.714068,0.185736,pearsons_r,-2,sewage,-2
icu,206.0,0.819156,0.526408,0.706256,0.043766,0.616887,0.616878,0.209203,pearsons_r,-10,icu,-10
hospital,206.0,0.916915,0.632474,0.808061,0.028223,0.510822,0.503355,0.167996,pearsons_r,-8,hospital,-8
case-counts,206.0,0.686955,0.835999,0.936463,0.751682,0.347852,0.333542,0.866996,spearman,0,case-counts,0
municipal-case-counts,206.0,0.704848,0.836285,0.948792,0.376507,0.428244,0.415347,0.613602,spearman,-4,municipal-case-counts,-4
ggd-positive-tests,206.0,0.492859,0.80788,0.927153,1.987309,0.174261,0.16199,1.409719,spearman,-2,ggd-positive-tests,-2
nursing-homes,206.0,0.783842,0.481075,0.641424,0.060403,0.589813,0.577081,0.24577,pearsons_r,-7,nursing-homes,-7
combined,206,0.955098,0.833053,0.959287,0.011119,0.903488,0.90328,0.105445,,0,"case-counts, ggd-positive-tests, hospital, icu, municipal-case-counts, nursing-homes, sewage",
