,N,pearsons_r,kendall,spearman,mse,explained_variance_score,r2,rmse,shift_corr_metric,shift,uses,delay_days
sewage,262.0,0.841674,0.484543,0.660768,0.033066,0.674352,0.673085,0.181842,pearsons_r,-2,sewage,-2
icu,261.0,0.768405,0.422333,0.568379,0.047563,0.509073,0.505587,0.21809,pearsons_r,-10,icu,-10
hospital,262.0,0.894646,0.596163,0.777935,0.027621,0.428949,0.413379,0.166197,pearsons_r,-9,hospital,-9
case-counts,262.0,0.687255,0.84276,0.948811,0.580758,0.35655,0.343518,0.762075,spearman,0,case-counts,0
municipal-case-counts,262.0,0.704542,0.841345,0.95715,0.298193,0.433673,0.422691,0.54607,spearman,-4,municipal-case-counts,-4
ggd-positive-tests,262.0,0.491198,0.813803,0.939,1.565895,0.177196,0.166921,1.251357,spearman,-2,ggd-positive-tests,-2
nursing-homes,261.0,0.83537,0.534587,0.733938,0.03786,0.676862,0.659405,0.194577,pearsons_r,-7,nursing-homes,-7
combined,52,0.983425,0.904695,0.982362,0.001843,0.961928,0.954694,0.042933,,0,"case-counts, ggd-positive-tests, municipal-case-counts, nursing-homes",
