,N,pearsons_r,kendall,spearman,mse,explained_variance_score,r2,rmse,shift_corr_metric,shift,uses
sewage,171.0,0.8508208352474822,0.4704019633177793,0.6693327442902389,0.10706092948997661,0.688245184476404,0.6793169512192406,0.32720166486431057,pearsons_r,-1,sewage
icu,171.0,0.8221379093308105,0.5386928355374155,0.7297490390115038,0.04950937430844444,0.6150503677549011,0.6134274895493954,0.22250702080708473,pearsons_r,-10,icu
hospital,171.0,0.9267152205139296,0.6484856809149202,0.8384337890989799,0.03137060761839181,0.5094687009308498,0.5060885702902216,0.17711749664669443,pearsons_r,-9,hospital
case-counts,171.0,0.6862287927796477,0.8297618579857434,0.9355912959723673,0.9073564349238655,0.34378457809476304,0.3259533494054003,0.9525525890594522,spearman,0,case-counts
municipal-case-counts,171.0,0.7039556861483792,0.8268470036836857,0.9470321118708867,0.45131203880292975,0.42462937726146455,0.409213006636307,0.671797617443624,spearman,-4,municipal-case-counts
nursing-homes,170.0,0.7891909080991645,0.4710355115473477,0.632735146898286,0.06809190303165294,0.5802096591346553,0.5411647219415822,0.2609442527277674,pearsons_r,-7,nursing-homes
combined,171,0.9554205066568695,0.7586949340498618,0.9200559859987405,0.013049454225869884,0.9014842736262006,0.8994217587342349,0.11423420777450984,,0,"case-counts, hospital, icu, municipal-case-counts, nursing-homes, sewage"
