,N,pearsons_r,kendall,spearman,mse,explained_variance_score,r2,rmse,shift_corr_metric,shift,uses,delay_days
sewage,348.0,0.720471,0.575511,0.769731,0.018967,0.471184,0.447967,0.137721,spearman,-3,sewage,-3
icu,348.0,0.480394,0.374216,0.528347,0.031869,-0.027615,-0.027653,0.178518,spearman,-8,icu,-8
hospital,348.0,0.783337,0.615508,0.799538,0.011892,0.216822,0.216486,0.109052,spearman,-5,hospital,-5
case-counts,348.0,0.960636,0.859166,0.970154,0.003979,0.90938,0.906351,0.063079,spearman,-1,case-counts,-1
municipal-case-counts,348.0,0.958236,0.848345,0.966651,0.003541,0.91201,0.909664,0.059504,spearman,-2,municipal-case-counts,-2
ggd-positive-tests,348.0,0.96617,0.858804,0.970867,0.00357,0.918231,0.916383,0.059748,spearman,0,ggd-positive-tests,0
nursing-homes,347.0,0.815846,0.619353,0.821433,0.018453,0.663113,0.642276,0.135841,spearman,-5,nursing-homes,-5
combined,263,0.970867,0.8736,0.976995,0.003155,0.928285,0.923981,0.056166,,0,"case-counts, ggd-positive-tests, municipal-case-counts, nursing-homes",
