,N,pearsons_r,kendall,spearman,mse,explained_variance_score,r2,rmse,shift_corr_metric,shift,uses,delay_days
sewage,255.0,0.83919,0.472324,0.646724,0.033892,0.670792,0.669762,0.184098,pearsons_r,-2,sewage,-2
icu,255.0,0.766712,0.412984,0.558187,0.048286,0.507828,0.503849,0.21974,pearsons_r,-10,icu,-10
hospital,255.0,0.894032,0.592975,0.771348,0.027928,0.434916,0.4157,0.167118,pearsons_r,-9,hospital,-9
case-counts,255.0,0.68685,0.844367,0.94804,0.596008,0.354502,0.340558,0.772015,spearman,0,case-counts,0
municipal-case-counts,255.0,0.704386,0.842997,0.957231,0.305627,0.431905,0.420422,0.552836,spearman,-4,municipal-case-counts,-4
ggd-positive-tests,255.0,0.491162,0.814541,0.938784,1.608064,0.17607,0.165484,1.268095,spearman,-2,ggd-positive-tests,-2
nursing-homes,255.0,0.839518,0.557318,0.754508,0.037108,0.687382,0.673358,0.192633,pearsons_r,-7,nursing-homes,-7
combined,45,0.981968,0.922781,0.984018,0.001886,0.958665,0.942932,0.043428,,0,"case-counts, ggd-positive-tests, municipal-case-counts, nursing-homes",
