,N,pearsons_r,kendall,spearman,mse,explained_variance_score,r2,rmse,shift_corr_metric,shift,uses,delay_days
sewage,315.0,0.847069,0.520668,0.702877,0.030305,0.676454,0.668554,0.174082,pearsons_r,-2,sewage,-2
icu,315.0,0.763142,0.431368,0.588556,0.044168,0.467394,0.467387,0.210161,pearsons_r,-10,icu,-10
hospital,315.0,0.89489,0.611446,0.790154,0.026206,0.387679,0.384996,0.161884,pearsons_r,-8,hospital,-8
case-counts,315.0,0.693832,0.851105,0.953108,0.484312,0.372849,0.361839,0.695926,spearman,0,case-counts,0
municipal-case-counts,315.0,0.789386,0.843731,0.951095,0.218595,0.52311,0.514328,0.467542,spearman,-3,municipal-case-counts,-3
ggd-positive-tests,315.0,0.566223,0.843079,0.940383,1.250681,0.221698,0.21342,1.118338,spearman,-1,ggd-positive-tests,-1
nursing-homes,315.0,0.850255,0.581143,0.779203,0.033029,0.707459,0.688583,0.181739,pearsons_r,-7,nursing-homes,-7
combined,105,0.972202,0.884935,0.97779,0.004074,0.936475,0.93196,0.06383,,0,"case-counts, ggd-positive-tests, municipal-case-counts, nursing-homes",
