,N,pearsons_r,kendall,spearman,mse,explained_variance_score,r2,rmse,shift_corr_metric,shift,uses,delay_days
sewage,420.0,0.834443,0.538108,0.723974,0.027532,0.664593,0.653936,0.165928,pearsons_r,-2,sewage,-2
icu,420.0,0.720922,0.417157,0.580641,0.044369,0.425585,0.425373,0.21064,pearsons_r,-10,icu,-10
hospital,420.0,0.883462,0.618833,0.799476,0.021839,0.396034,0.394688,0.14778,pearsons_r,-8,hospital,-8
case-counts,297.0,0.96473,0.865387,0.970587,0.00397,0.91739,0.914585,0.063011,spearman,-1,case-counts,-1
municipal-case-counts,420.0,0.792939,0.84659,0.956041,0.164566,0.533572,0.526496,0.405668,spearman,-3,municipal-case-counts,-3
ggd-positive-tests,420.0,0.504721,0.825741,0.94709,0.97922,0.194866,0.188231,0.989555,spearman,-2,ggd-positive-tests,-2
nursing-homes,420.0,0.844916,0.595258,0.792258,0.029348,0.704996,0.6826,0.171312,pearsons_r,-7,nursing-homes,-7
combined,210,0.965767,0.878687,0.977357,0.004157,0.918765,0.913996,0.064472,,0,"case-counts, ggd-positive-tests, municipal-case-counts, nursing-homes",
