,N,pearsons_r,kendall,spearman,mse,explained_variance_score,r2,rmse,shift_corr_metric,shift,uses,delay_days
sewage,196.0,0.864662,0.491094,0.683566,0.035327,0.722629,0.718687,0.187954,pearsons_r,-2,sewage,-2
icu,196.0,0.825726,0.557144,0.741915,0.043753,0.627461,0.626576,0.209173,pearsons_r,-10,icu,-10
hospital,196.0,0.917805,0.644963,0.819923,0.02887,0.523403,0.516962,0.169913,pearsons_r,-8,hospital,-8
case-counts,196.0,0.687233,0.831171,0.933278,0.794638,0.346442,0.331342,0.891425,spearman,0,case-counts,0
municipal-case-counts,196.0,0.705759,0.835398,0.947256,0.395373,0.427957,0.414907,0.628787,spearman,-4,municipal-case-counts,-4
nursing-homes,196.0,0.788046,0.492785,0.654559,0.061905,0.595424,0.576492,0.248807,pearsons_r,-7,nursing-homes,-7
combined,196,0.956439,0.780973,0.928764,0.011714,0.890199,0.8895,0.108233,,0,"case-counts, hospital, icu, municipal-case-counts, nursing-homes, sewage",
