,N,pearsons_r,kendall,spearman,mse,explained_variance_score,r2,rmse,shift_corr_metric,shift,uses,delay_days
sewage,343.0,0.84996,0.523818,0.702875,0.028137,0.68323,0.674632,0.16774,pearsons_r,-2,sewage,-2
icu,343.0,0.765965,0.426886,0.584653,0.041355,0.479543,0.479484,0.203359,pearsons_r,-10,icu,-10
hospital,343.0,0.897441,0.614185,0.793423,0.024289,0.397624,0.396585,0.155849,pearsons_r,-8,hospital,-8
case-counts,343.0,0.613332,0.843136,0.953943,0.489055,0.315591,0.305681,0.699325,spearman,-1,case-counts,-1
municipal-case-counts,343.0,0.792295,0.843377,0.95276,0.200557,0.528164,0.520004,0.447836,spearman,-3,municipal-case-counts,-3
ggd-positive-tests,343.0,0.503602,0.829564,0.945545,1.197594,0.19151,0.183908,1.094346,spearman,-2,ggd-positive-tests,-2
nursing-homes,343.0,0.852052,0.576423,0.770781,0.030826,0.713691,0.699002,0.175575,pearsons_r,-7,nursing-homes,-7
combined,133,0.969884,0.888685,0.979762,0.003553,0.931394,0.929212,0.059605,,0,"case-counts, ggd-positive-tests, municipal-case-counts, nursing-homes",
