,N,pearsons_r,kendall,spearman,mse,explained_variance_score,r2,rmse,shift_corr_metric,shift,uses,delay_days
sewage,388.0,0.846458,0.549954,0.734171,0.026752,0.67981,0.669607,0.163561,pearsons_r,-2,sewage,-2
icu,386.0,0.71713,0.412336,0.577156,0.047678,0.407505,0.407421,0.218354,pearsons_r,-10,icu,-10
hospital,388.0,0.879303,0.603379,0.786802,0.024082,0.366522,0.364741,0.155183,pearsons_r,-8,hospital,-8
case-counts,388.0,0.61298,0.846527,0.957484,0.432822,0.318302,0.30858,0.657892,spearman,-1,case-counts,-1
municipal-case-counts,388.0,0.79138,0.845132,0.955641,0.177924,0.531478,0.52326,0.42181,spearman,-3,municipal-case-counts,-3
ggd-positive-tests,388.0,0.502546,0.82487,0.946823,1.059732,0.193197,0.185655,1.029433,spearman,-2,ggd-positive-tests,-2
nursing-homes,386.0,0.844406,0.586551,0.78771,0.03101,0.701256,0.678861,0.176097,pearsons_r,-7,nursing-homes,-7
combined,178,0.970091,0.877378,0.976557,0.004008,0.930442,0.923986,0.063312,,0,"case-counts, ggd-positive-tests, municipal-case-counts, nursing-homes",
