,N,pearsons_r,kendall,spearman,mse,explained_variance_score,r2,rmse,shift_corr_metric,shift,uses,delay_days
sewage,269.0,0.841199,0.489067,0.665297,0.032555,0.674343,0.67264,0.180429,pearsons_r,-2,sewage,-2
icu,269.0,0.766147,0.419488,0.567234,0.046693,0.503731,0.501537,0.216085,pearsons_r,-10,icu,-10
hospital,269.0,0.888852,0.573448,0.743364,0.027894,0.399487,0.386529,0.167014,pearsons_r,-8,hospital,-8
case-counts,269.0,0.687372,0.837411,0.947262,0.565804,0.356976,0.344232,0.752199,spearman,0,case-counts,0
municipal-case-counts,269.0,0.784614,0.830235,0.942568,0.255289,0.506504,0.494361,0.505261,spearman,-3,municipal-case-counts,-3
ggd-positive-tests,269.0,0.491501,0.79988,0.930996,1.526729,0.177549,0.166743,1.235609,spearman,-2,ggd-positive-tests,-2
nursing-homes,269.0,0.835416,0.534352,0.733067,0.037032,0.676323,0.657016,0.192437,pearsons_r,-7,nursing-homes,-7
combined,59,0.969949,0.879238,0.967948,0.00369,0.933066,0.908815,0.060749,,0,"case-counts, ggd-positive-tests, municipal-case-counts, nursing-homes",
